id,name,attribute,level,type,atk,def,passcode,frameType
10014,Tour Bus From the Underworld,DARK,3,Fiend,1000,1000,52823314,effect
10015,White Dragon Ninja,LIGHT,7,Dragon,2700,1200,99212922,effect
10016,Interplanetarypurplythorny Dragon,DARK,5,Dragon,2200,1100,25206027,effect
10017,Inzektor Hopper,DARK,4,Insect,1700,1400,52601736,effect
10018,Evoltile Najasho,FIRE,2,Reptile,100,2000,88095331,effect
10019,Wind-Up Shark,WATER,4,Fish,1500,1300,25484449,effect
10024,Wattaildragon,LIGHT,6,Dragon,2500,1000,87151205,normal
10025,Hieratic Seal of the Sun Dragon Overlord,LIGHT,8,Dragon,0,0,13140300,normal
10026,Overlay Owl,WIND,4,Winged Beast,800,1600,59644958,effect
10027,Tasuke Knight,LIGHT,4,Warrior,1700,100,86039057,effect
10028,Gagaga Gardna,EARTH,4,Warrior,1500,2000,12423762,effect
10029,Cardcar D,EARTH,2,Machine,800,400,45812361,effect
10030,Overlay Eater,LIGHT,2,Reptile,300,800,81816475,effect
10031,Hammer Shark,WATER,4,Fish,1700,1500,17201174,effect
10032,Hammer Bounzer,EARTH,6,Warrior,2300,2000,44790889,effect
10033,Blade Bounzer,EARTH,4,Warrior,1800,1400,70194827,effect
10034,Phantom Bounzer,DARK,6,Warrior,2400,1200,17189532,effect
10035,Morpho Butterspy,DARK,4,Warrior,1200,1600,43573231,effect
10036,Swallowtail Butterspy,DARK,4,Warrior,1800,1200,79972330,effect
10037,Moonlit Papillon,LIGHT,4,Insect,1200,1600,16366944,effect
10038,Jumbo Drill,EARTH,4,Machine,1800,100,42851643,effect
10039,Rocket Arrow Express,EARTH,10,Machine,5000,0,79850798,effect
10040,Cameraclops,LIGHT,4,Warrior,1400,1600,5244497,effect
10041,Hieratic Dragon of Nuit,LIGHT,4,Dragon,1700,900,41639001,effect
10042,Hieratic Dragon of Gebeb,LIGHT,4,Dragon,1800,400,78033100,effect
10043,Hieratic Dragon of Eset,LIGHT,5,Dragon,1900,1200,4022819,effect
10044,Hieratic Dragon of Nebthet,LIGHT,5,Dragon,2000,1600,31516413,effect
10045,Hieratic Dragon of Tefnuit,LIGHT,6,Dragon,2100,1400,77901552,effect
10046,Hieratic Dragon of Su,LIGHT,6,Dragon,2200,1000,3300267,effect
10047,Hieratic Dragon of Asar,LIGHT,7,Dragon,2600,700,30794966,effect
10048,Hieratic Dragon of Sutekh,LIGHT,8,Dragon,2800,2000,66789970,effect
10049,Evoltile Lagosucho,FIRE,3,Reptile,1200,500,3283679,effect
10050,Evolsaur Darwino,FIRE,5,Dinosaur,2200,700,39672388,effect
10051,Inzektor Firefly,DARK,1,Insect,100,100,66066482,effect
10052,Inzektor Ladybug,DARK,2,Insect,500,100,2461031,effect
10053,Inzektor Earwig,DARK,4,Insect,1000,1000,38450736,effect
10054,Inzektor Giga-Cricket,DARK,5,Insect,2000,1300,65844845,effect
10055,Lightray Sorcerer,LIGHT,6,Spellcaster,2300,2000,91349449,effect
10056,Lightray Daedalus,LIGHT,7,Sea Serpent,2600,1500,38737148,effect
10057,Lightray Gearfried,LIGHT,8,Warrior,2800,2200,4722253,effect
10058,Lightray Diabolos,LIGHT,7,Dragon,2800,1000,30126992,effect
10059,Lady of D.,DARK,4,Spellcaster,1500,1100,67511500,effect
10060,Absorbing Jar,EARTH,3,Rock,600,500,3900605,effect
10061,Red-Headed Oni,DARK,4,Zombie,1700,1000,30494314,effect
10062,Flame Tiger,FIRE,4,Beast,1800,0,66499018,effect
10063,Nomadic Force,WIND,4,Warrior,1700,1000,92887027,effect
10104,Hazy Flame Hyppogrif,FIRE,6,Pyro,2100,200,31303283,effect
10105,"Alpacaribou, Mystical Beast of the Forest",EARTH,7,Beast,2700,2100,77797992,effect
10106,"Eco, Mystical Spirit of the Forest",EARTH,4,Plant,1700,1000,4192696,effect
10107,Beetron,DARK,4,Insect,1600,900,30587695,effect
10108,Snowdust Dragon,WATER,8,Dragon,2800,1800,67675300,effect
10109,Snow Dragon,WATER,4,Dragon,1400,900,3070049,effect
10110,Uminotaurus,WATER,4,Aqua,1700,1000,30464153,effect
10111,Fishborg Launcher,WATER,1,Fish,200,100,66853752,effect
10114,Dragard,DARK,4,Dragon,1300,1900,65737274,effect
10115,Noble Knight Artorigus,LIGHT,4,Warrior,1800,1800,92125819,normal
10116,Ancient Dragon,LIGHT,4,Dragon,1400,1300,38520918,effect
10117,Hieratic Seal of the Dragon King,LIGHT,6,Dragon,0,0,64514622,effect
10118,Evoltile Elginero,FIRE,2,Reptile,0,0,91903221,effect
10119,Lightray Grepher,LIGHT,4,Warrior,1700,1600,27407330,effect
10120,Tardy Orc,DARK,4,Fiend,2200,0,64892035,effect
10131,Trance the Magic Swordsman,EARTH,6,Spellcaster,2600,200,14214060,normal
10132,Damage Mage,DARK,3,Spellcaster,600,1200,50613779,effect
10133,ZW - Phoenix Bow,FIRE,3,Winged Beast,1100,0,87008374,effect
10134,Photon Caesar,LIGHT,8,Warrior,2000,2800,13492423,effect
10135,Heroic Challenger - Spartan,EARTH,4,Warrior,1600,1000,50491121,effect
10136,Heroic Challenger - War Hammer,EARTH,6,Warrior,2100,1300,26885836,effect
10137,Heroic Challenger - Swordshield,EARTH,4,Warrior,0,2000,52370835,effect
10138,Heroic Challenger - Double Lance,EARTH,4,Warrior,1700,900,89774530,effect
10139,Chronomaly Mayan Machine,EARTH,3,Machine,1500,700,25163248,effect
10140,Chronomaly Colossal Head,EARTH,4,Rock,800,1600,52158283,effect
10141,Chronomaly Golden Jet,LIGHT,4,Machine,1300,1400,88552992,effect
10142,Chronomaly Crystal Bones,LIGHT,3,Rock,1300,400,15941690,effect
10143,Chronomaly Crystal Skull,LIGHT,3,Rock,900,600,51435705,effect
10144,Chronomaly Moai,EARTH,5,Rock,1800,1600,87430304,effect
10145,Spellbook Magician of Prophecy,WATER,2,Spellcaster,500,400,14824019,effect
10146,Amores of Prophecy,EARTH,3,Spellcaster,600,2000,40213117,effect
10147,Temperance of Prophecy,EARTH,3,Spellcaster,1000,1000,87608852,effect
10148,Strength of Prophecy,FIRE,4,Spellcaster,1500,1400,13002461,effect
10149,Charioteer of Prophecy,WIND,4,Spellcaster,1800,1300,49191560,effect
10150,High Priestess of Prophecy,LIGHT,7,Spellcaster,2500,2100,86585274,effect
10151,Madolche Mewfeuille,EARTH,3,Beast,500,300,12980373,effect
10152,Madolche Baaple,EARTH,3,Beast,0,1800,49374988,effect
10153,Madolche Chouxvalier,EARTH,4,Warrior,1700,1300,75363626,effect
10154,Madolche Magileine,EARTH,4,Spellcaster,1400,1200,11868731,effect
10155,Madolche Butlerusk,EARTH,4,Spellcaster,1500,800,48252330,effect
10156,Madolche Puddingcess,EARTH,5,Fairy,1000,1000,74641045,effect
10157,Geargiano Mk-II,EARTH,3,Machine,1000,500,1045143,effect
10158,Geargiaccelerator,EARTH,4,Machine,1400,800,47030842,effect
10159,Geargiarsenal,EARTH,4,Machine,1500,500,73428497,effect
10160,Geargiarmor,EARTH,4,Machine,1100,1900,923596,effect
10161,"Uniflora, Mystical Beast of the Forest",EARTH,1,Beast,700,500,36318200,effect
10162,Little Trooper,EARTH,1,Warrior,900,500,73702909,effect
10163,Silver Sentinel,EARTH,4,Warrior,1500,1300,9791914,effect
10164,Dust Knight,EARTH,4,Warrior,1400,1200,35195612,effect
10165,Block Golem,EARTH,3,Rock,1000,1500,72580321,effect
10166,Atlantean Attack Squad,WATER,3,Sea Serpent,1400,0,8078366,effect
10167,Illusory Snatcher,DARK,7,Fiend,2400,1000,35073065,effect
10168,Grandsoil the Elemental Lord,EARTH,8,Beast-Warrior,2800,2200,61468779,effect
10169,Three Thousand Needles,EARTH,8,Beast,3000,1800,7852878,effect
10170,Goblin Marauding Squad,EARTH,4,Beast-Warrior,1900,0,34251483,effect
10211,Papa-Corn,EARTH,4,Plant,1200,800,73776643,effect
10215,Thunder Sea Horse,LIGHT,4,Thunder,1600,1200,48049769,effect
10218,"Poseidra, the Atlantean Dragon",WATER,7,Sea Serpent,2800,1600,47826112,effect
10219,Atlantean Dragoons,WATER,4,Sea Serpent,1800,0,74311226,effect
10220,Atlantean Marksman,WATER,3,Sea Serpent,1400,0,706925,effect
10221,Atlantean Heavy Infantry,WATER,2,Sea Serpent,0,1600,37104630,effect
10223,Gagaga Caesar,EARTH,3,Warrior,1800,600,9583383,effect
10224,Bull Blader,EARTH,4,Warrior,1600,1200,36088082,effect
10225,Achacha Chanbara,FIRE,3,Warrior,1400,400,62476197,effect
10226,Mogmole,EARTH,2,Beast,800,800,9861795,effect
10227,Grandram,EARTH,4,Rock,0,1400,35866404,effect
10228,Tripod Fish,WATER,3,Fish,300,1300,61254509,effect
10229,Deep Sweeper,WATER,4,Fish,1600,1300,8649148,effect
10230,Heroic Challenger - Extra Sword,EARTH,4,Warrior,1000,1000,34143852,effect
10231,Heroic Challenger - Night Watchman,EARTH,4,Warrior,1200,300,61132951,effect
10232,Planet Pathfinder,EARTH,4,Machine,1000,1000,97526666,effect
10233,Solar Wind Jammer,LIGHT,5,Machine,800,2400,33911264,effect
10234,Heraldic Beast Aberconway,WIND,4,Dragon,1800,900,60316373,effect
10235,Heraldic Beast Berners Falcon,WIND,4,Winged Beast,1000,1600,96704018,effect
10236,Mermail Abysslinde,WATER,3,Aqua,1500,1200,23899727,effect
10237,Mermail Abyssgunde,WATER,3,Aqua,1400,800,69293721,effect
10238,Mermail Abysshilde,WATER,3,Aqua,1300,400,96682430,effect
10239,Mermail Abyssturge,WATER,4,Fish,1700,1100,22076135,effect
10240,Mermail Abysspike,WATER,4,Fish,1600,800,58471134,effect
10241,Mermail Abysslung,WATER,4,Fish,1200,1800,95466842,effect
10242,Mermail Abyssmegalo,WATER,7,Sea Serpent,2400,1900,21954587,effect
10243,Stoic of Prophecy,WATER,1,Spellcaster,300,200,54359696,effect
10244,Hermit of Prophecy,EARTH,3,Spellcaster,1200,700,90743290,effect
10245,Justice of Prophecy,EARTH,3,Spellcaster,1600,800,26732909,effect
10246,Emperor of Prophecy,DARK,5,Spellcaster,2300,2000,53136004,effect
10247,Madolche Cruffssant,EARTH,3,Beast,1500,1200,89521713,effect
10248,Madolche Marmalmaide,EARTH,4,Spellcaster,800,2000,26016357,effect
10249,Madolche Messengelato,EARTH,4,Warrior,1600,1000,52404456,effect
10250,Abyss Warrior,WATER,4,Aqua,1800,1300,88409165,effect
10251,Snowman Creator,WATER,4,Machine,1600,1000,15893860,effect
10252,Fishborg Planter,WATER,2,Fish,200,200,51282878,effect
10253,Nimble Angler,WATER,2,Fish,600,100,88686573,effect
10254,Shore Knight,WATER,4,Warrior,1400,1200,14771222,effect
10255,Mecha Sea Dragon Plesion,WATER,5,Machine,2300,1800,40160226,effect
10256,Metallizing Parasite - Soltite,WATER,7,Aqua,1000,500,87564935,effect
10257,Moulinglacia the Elemental Lord,WATER,8,Sea Serpent,2800,2200,13959634,effect
10258,House Duston,LIGHT,1,Fiend,0,1000,40343749,effect
10259,Puny Penguin,WATER,1,Aqua,400,200,76442347,effect
10260,Missing Force,DARK,4,Warrior,1500,1000,12836042,effect
10303,Blackwing - Damascus the Polar Night,DARK,3,Winged Beast,1300,700,58131925,effect
10304,Pahunder,LIGHT,4,Thunder,1300,600,84530620,effect
10305,Mahunder,LIGHT,4,Thunder,1400,700,21524779,effect
10306,Sishunder,LIGHT,4,Thunder,900,400,57019473,effect
10309,Mono Synchron,DARK,1,Machine,0,0,56897896,effect
10310,Steam Synchron,WATER,3,Machine,600,800,83295594,effect
10311,Noble Knight Gawayn,LIGHT,4,Warrior,1900,500,19680539,effect
10312,Prophecy Destroyer,DARK,6,Spellcaster,2500,1200,56174248,effect
10313,Lightray Madoor,LIGHT,6,Spellcaster,1200,3000,82579942,effect
10314,Blue Dragon Ninja,WATER,5,Sea Serpent,2100,1200,14568951,effect
10315,Imairuka,WATER,2,Sea Serpent,1000,1000,41952656,effect
10316,Revival Golem,EARTH,4,Rock,100,2100,87347365,effect
10329,Brotherhood of the Fire Fist - Spirit,FIRE,3,Beast-Warrior,500,200,1662004,effect
10333,Photon Pirate,LIGHT,3,Machine,1000,1000,36834155,effect
10334,Photon Satellite,LIGHT,1,Machine,0,0,63223260,effect
10335,Photon Slasher,LIGHT,5,Warrior,2100,1000,9718968,effect
10336,Kuriphoton,LIGHT,1,Fiend,300,200,35112613,effect
10337,Dimension Wanderer,LIGHT,1,Spellcaster,0,0,62107612,effect
10338,Galaxy Wizard,LIGHT,4,Spellcaster,0,1800,98555327,effect
10339,Galaxy Knight,LIGHT,8,Warrior,2800,2600,35950025,effect
10345,Fire King High Avatar Garunix,FIRE,8,Winged Beast,2700,1700,23015896,effect
10346,Fire King Avatar Barong,FIRE,4,Beast-Warrior,1800,200,69000994,effect
10347,Fire King Avatar Kirin,FIRE,3,Beast,1000,200,96594609,effect
10350,Ignoble Knight of Black Laundsallyn,DARK,5,Warrior,2000,800,95772051,effect
10351,Mermail Abyssmander,WATER,4,Fish,100,2000,21767650,effect
10352,Red Dragon Ninja,FIRE,6,Winged Beast,2400,1200,58165765,effect
10353,Slushy,WATER,2,Aqua,0,0,84650463,effect
10360,Dododo Bot,EARTH,4,Machine,1800,1900,19700943,effect
10361,Gogogo Ghost,DARK,4,Zombie,1900,0,56105047,effect
10362,Bacon Saver,DARK,2,Zombie,700,600,82593786,effect
10363,Amarylease,EARTH,1,Plant,100,200,18988391,effect
10364,ZW - Lightning Blade,LIGHT,5,Beast,1200,2000,45082499,effect
10365,ZW - Tornado Bringer,WIND,5,Dragon,1300,1800,81471108,effect
10366,ZW - Ultimate Shield,EARTH,4,Aqua,0,2000,18865703,effect
10367,Gagaga Clerk,EARTH,2,Warrior,400,800,44250812,effect
10368,Spear Shark,WATER,4,Fish,1600,1400,70655556,effect
10369,Double Shark,WATER,4,Fish,1200,1600,17643265,effect
10370,Xyz Remora,WATER,4,Fish,800,800,43138260,effect
10371,Hyper-Ancient Shark Megalodon,WATER,8,Fish,2900,1300,10532969,effect
10372,Heraldic Beast Basilisk,EARTH,4,Beast,1000,1400,56921677,effect
10373,Heraldic Beast Eale,EARTH,4,Beast,1000,1800,82315772,effect
10374,Heraldic Beast Twin-Headed Eagle,WIND,4,Winged Beast,1200,1400,19310321,effect
10375,Heraldic Beast Unicorn,LIGHT,4,Beast,1100,1600,45705025,effect
10376,Heraldic Beast Leo,EARTH,4,Beast,2000,1000,82293134,effect
10377,Garbage Ogre,DARK,3,Fiend,800,1300,18698739,effect
10378,Garbage Lord,DARK,5,Fiend,0,2400,44682448,effect
10379,Orbital 7,LIGHT,4,Machine,500,2000,71071546,effect
10380,Brotherhood of the Fire Fist - Hawk,FIRE,3,Beast-Warrior,200,1500,17475251,effect
10381,Brotherhood of the Fire Fist - Raven,FIRE,3,Beast-Warrior,200,1800,44860890,effect
10382,Brotherhood of the Fire Fist - Gorilla,FIRE,4,Beast-Warrior,1600,1000,70355994,effect
10383,Brotherhood of the Fire Fist - Bear,FIRE,4,Beast-Warrior,1600,1200,6353603,effect
10384,Brotherhood of the Fire Fist - Dragon,FIRE,4,Beast-Warrior,1800,400,43748308,effect
10385,Brotherhood of the Fire Fist - Snake,FIRE,4,Beast-Warrior,1800,600,75132317,effect
10386,Brotherhood of the Fire Fist - Swallow,FIRE,5,Beast-Warrior,2000,800,2521011,effect
10387,Hazy Flame Cerbereus,FIRE,6,Beast,2000,200,38525760,effect
10388,Hazy Flame Griffin,FIRE,6,Winged Beast,200,2100,74010769,effect
10389,Hazy Flame Sphynx,FIRE,6,Beast-Warrior,1900,1900,1409474,effect
10390,Hazy Flame Peryton,FIRE,6,Pyro,1600,1700,37803172,effect
10391,Mermail Abyssdine,WATER,3,Aqua,1000,200,74298287,effect
10392,Mermail Abyssnose,WATER,4,Fish,1500,1500,282886,effect
10393,Mermail Abyssleed,WATER,7,Sea Serpent,2700,1000,37781520,effect
10394,Fool of Prophecy,EARTH,3,Spellcaster,1600,900,63175639,effect
10395,Reaper of Prophecy,DARK,6,Spellcaster,2000,1600,9560338,effect
10396,Brushfire Knight,FIRE,4,Warrior,1400,1200,36569343,effect
10397,Inari Fire,FIRE,4,Pyro,1500,200,62953041,effect
10398,Valkyrian Knight,FIRE,4,Warrior,1900,1200,99348756,effect
10399,Pyrorex the Elemental Lord,FIRE,8,Dinosaur,2800,2200,35842855,effect
10400,Pyrotech Mech - Shiryu,FIRE,8,Pyro,2900,1800,61231400,effect
10401,Leotaur,EARTH,4,Beast-Warrior,1500,1600,98225108,effect
10402,Star Drawing,EARTH,4,Spellcaster,1600,1000,24610207,effect
10403,Red Duston,FIRE,1,Fiend,0,1000,61019812,effect
10440,Constellar Sombre,LIGHT,4,Fairy,1550,1600,78358521,effect
10441,Evilswarm Kerykeion,DARK,4,Spellcaster,1600,1550,4756629,effect
10443,Coach Captain Bearman,FIRE,8,Beast-Warrior,2600,2700,67136033,effect
10444,Coach Soldier Wolfbark,FIRE,4,Beast-Warrior,1600,1200,3534077,effect
10445,Brotherhood of the Fire Fist - Rooster,FIRE,3,Beast-Warrior,1500,100,30929786,effect
10446,Fire King Avatar Yaksha,FIRE,4,Beast-Warrior,1800,200,66413481,effect
10447,Gimmick Puppet Dreary Doll,DARK,8,Machine,0,0,92418590,effect
10448,Gimmick Puppet Magnet Doll,DARK,8,Machine,1000,1000,39806198,effect
10449,Chronomaly Tula Guardian,EARTH,5,Rock,1800,900,5291803,effect
10450,Big Belly Knight,EARTH,4,Warrior,1000,1600,32696942,effect
10458,White Dragon Wyverburster,LIGHT,4,Dragon,1700,1800,99234526,effect
10459,Kidmodo Dragon,EARTH,3,Dragon,100,200,35629124,effect
10460,Fishborg Archer,WATER,3,Fish,300,300,62023839,effect
10463,Black Dragon Collapserpent,DARK,4,Dragon,1800,1700,61901281,effect
10464,Fencing Fire Ferret,FIRE,4,Beast,1700,600,97396380,effect
10465,Kujakujaku,WIND,3,Winged Beast,1200,900,24384095,effect
10469,Noble Knight Medraut,LIGHT,4,Warrior,1700,1000,59057152,effect
10470,Hazy Flame Mantikor,FIRE,6,Winged Beast,2200,300,96051150,effect
10471,Mermail Abyssteus,WATER,7,Aqua,1700,2400,22446869,effect
10472,Bonfire Colossus,FIRE,8,Beast-Warrior,2600,2200,59834564,effect
10473,Mystical Fairy Elfuria,WIND,3,Spellcaster,1500,900,85239662,effect
10478,Dododo Buster,EARTH,6,Warrior,1900,800,57996334,effect
10482,Bachibachibachi,LIGHT,3,Insect,800,800,83272895,effect
10483,Gogogo Gigas,EARTH,4,Rock,0,2200,19667590,effect
10484,Mimimic,EARTH,3,Machine,300,300,45651298,effect
10485,Dotedotengu,WIND,3,Fiend,0,800,82050203,effect
10486,Tatakawa Knight,EARTH,4,Warrior,1500,0,18444902,effect
10487,Little Fairy,LIGHT,3,Fairy,800,800,45939611,effect
10488,Sharkraken,WATER,6,Fish,2400,2100,71923655,effect
10489,Big Whale,WATER,9,Fish,1000,3000,18322364,effect
10490,Starfish,WATER,3,Aqua,300,300,44717069,effect
10491,Panther Shark,WATER,5,Fish,1100,2000,70101178,effect
10492,Eagle Shark,WATER,5,Fish,1000,1800,7500772,effect
10493,Blizzard Falcon,WATER,4,Winged Beast,1500,1500,43694481,effect
10494,Aurora Wing,WATER,4,Winged Beast,1200,1600,70089580,effect
10495,"Radius, the Half-Moon Dragon",LIGHT,4,Dragon,1400,1200,6483224,effect
10496,"Parsec, the Interstellar Dragon",LIGHT,8,Dragon,800,800,32872833,effect
10497,Battlin' Boxer Headgeared,FIRE,4,Warrior,1000,1800,79867938,effect
10498,Battlin' Boxer Glassjaw,FIRE,4,Warrior,2000,0,5361647,effect
10499,Battlin' Boxer Sparrer,FIRE,4,Warrior,1200,1400,32750341,effect
10500,Battlin' Boxer Switchitter,FIRE,4,Warrior,1500,1400,68144350,effect
10501,Battlin' Boxer Counterpunch,FIRE,3,Warrior,0,1100,4549095,effect
10502,Mecha Phantom Beast Megaraptor,WIND,4,Machine,1900,1000,31533704,effect
10503,Mecha Phantom Beast Tetherwolf,WIND,4,Machine,1700,1200,67922702,effect
10504,Mecha Phantom Beast Blackfalcon,WIND,4,Machine,1200,1700,4417407,effect
10505,Mecha Phantom Beast Stealthray,WIND,3,Machine,100,2100,30811116,effect
10506,Mecha Phantom Beast Hamstrat,WIND,3,Machine,1100,1600,66200210,effect
10507,Brotherhood of the Fire Fist - Wolf,FIRE,3,Beast-Warrior,0,1900,93294869,effect
10508,Brotherhood of the Fire Fist - Leopard,FIRE,3,Beast-Warrior,0,200,39699564,effect
10509,Brotherhood of the Fire Fist - Rhino,FIRE,4,Beast-Warrior,1700,1400,66084673,effect
10510,Brotherhood of the Fire Fist - Buffalo,FIRE,4,Beast-Warrior,1700,1000,92572371,effect
10511,Mermail Abyssocea,WATER,3,Aqua,1100,1900,28577986,effect
10512,Wheel of Prophecy,DARK,8,Spellcaster,2700,1700,65961085,effect
10513,Madolche Hootcake,EARTH,3,Beast,1500,1100,91350799,effect
10514,Legendary Atlantean Tridon,WATER,3,Sea Serpent,1600,800,28754338,effect
10515,Fire King Avatar Garunix,FIRE,3,Winged Beast,700,1700,54149433,effect
10516,Harpie Channeler,WIND,4,Winged Beast,1400,1300,90238142,effect
10517,Altitude Knight,WIND,4,Warrior,1400,1200,27632240,effect
10518,Windrose the Elemental Lord,WIND,8,Winged Beast,2800,2200,53027855,effect
10519,"Redox, Dragon Ruler of Boulders",EARTH,7,Dragon,1600,3000,90411554,effect
10520,"Tidal, Dragon Ruler of Waterfalls",WATER,7,Dragon,2600,2000,26400609,effect
10521,"Blaster, Dragon Ruler of Infernos",FIRE,7,Dragon,2800,1800,53804307,effect
10522,"Tempest, Dragon Ruler of Storms",WIND,7,Dragon,2400,2200,89399912,effect
10523,Risebell the Star Adjuster,WIND,3,Psychic,800,800,25788011,effect
10524,Green Duston,WIND,1,Fiend,0,1000,52182715,effect
10563,Harpie Dancer,WIND,4,Winged Beast,1200,1000,68815132,effect
10564,Gagaga Child,DARK,2,Spellcaster,800,1200,94203886,effect
10565,Magical Undertaker,DARK,2,Spellcaster,400,400,30608985,effect
10566,Caligo Claw Crow,DARK,2,Winged Beast,900,600,67692580,effect
10571,ZW - Eagle Claw,WIND,5,Winged Beast,2000,1200,29353756,effect
10572,Ganbara Lancer,LIGHT,5,Warrior,1000,2000,65758454,effect
10573,Bite Bug,EARTH,3,Insect,300,1000,92142169,effect
10574,Crane Crane,EARTH,3,Winged Beast,300,900,28637168,effect
10575,Gentlemander,LIGHT,4,Reptile,1200,1000,54635862,effect
10576,"Reactan, Dragon Ruler of Pebbles",EARTH,4,Dragon,1800,1200,91020571,effect
10577,"Stream, Dragon Ruler of Droplets",WATER,4,Dragon,1600,2000,27415516,effect
10578,Duck Fighter,WIND,3,Machine,1300,1400,54813225,effect
10579,Interplanetarypurplythorny Beast,DARK,5,Beast,1100,2200,80208323,effect
10581,"Burner, Dragon Ruler of Sparks",FIRE,3,Dragon,1000,200,53797637,effect
10582,"Lightning, Dragon Ruler of Drafts",WIND,3,Dragon,500,1800,89185742,effect
10583,Madolche Chickolates,EARTH,3,Beast,800,1500,26570480,effect
10584,Vivid Knight,LIGHT,4,Beast-Warrior,1700,800,52575195,effect
10586,Starship Spy Plane,WIND,4,Machine,1100,500,15458892,effect
10587,Rose Archer,EARTH,3,Warrior,1000,100,51852507,effect
10588,Maiden with Eyes of Blue,LIGHT,1,Spellcaster,0,0,88241506,effect
10589,Rider of the Storm Winds,LIGHT,1,Dragon,500,200,14235211,effect
10594,Mecha Phantom Beast Turtletracer,WIND,3,Machine,500,2000,76902476,effect
10595,Noble Knight Gwalchavad,LIGHT,4,Warrior,1500,1800,13391185,effect
10596,Brotherhood of the Fire Fist - Coyote,FIRE,5,Beast-Warrior,2000,500,49785720,effect
10597,Mermail Abyssbalaen,WATER,7,Aqua,2500,2000,75180828,effect
10598,Trifortressops,DARK,6,Machine,1600,2800,12275533,effect
10599,Ghost Fairy Elfobia,WIND,3,Psychic,900,500,44663232,effect
10604,DZW - Chimera Clad,DARK,1,Fiend,0,0,6330307,effect
10605,V Salamander,FIRE,4,Spellcaster,1500,1300,33725002,effect
10606,Interceptomato,EARTH,2,Plant,800,800,19113101,effect
10607,Spell Recycler,DARK,1,Spellcaster,0,0,45118716,effect
10608,Xyz Agent,LIGHT,2,Spellcaster,900,300,72502414,effect
10609,Super Defense Robot Lio,EARTH,4,Machine,1200,1600,8091563,effect
10610,Super Defense Robot Elephan,EARTH,8,Machine,1400,2500,45496268,effect
10611,Super Defense Robot Monki,EARTH,3,Machine,800,1200,71880877,effect
10612,Star Seraph Scout,LIGHT,4,Fairy,1200,1800,8875971,effect
10613,Star Seraph Sage,LIGHT,4,Fairy,1600,1400,44273680,effect
10614,Star Seraph Sword,LIGHT,4,Fairy,1400,1000,70668285,effect
10615,Umbral Horror Ghoul,DARK,4,Fiend,1800,0,7152333,effect
10616,Umbral Horror Unform,DARK,4,Fiend,0,0,33551032,effect
10617,Umbral Horror Will o' the Wisp,DARK,1,Fiend,0,0,70546737,effect
10618,Schwarzschild Limit Dragon,DARK,8,Dragon,2000,0,6930746,effect
10619,Bujin Yamato,LIGHT,4,Beast-Warrior,1800,200,32339440,effect
10620,Bujingi Quilin,LIGHT,4,Beast,1600,900,69723159,effect
10621,Bujingi Turtle,LIGHT,4,Beast,1700,1200,5818294,effect
10622,Bujingi Wolf,LIGHT,4,Beast,1100,2000,32202803,effect
10623,Bujingi Crane,LIGHT,4,Winged Beast,1600,300,68601507,effect
10624,Bujingi Ophidian,LIGHT,4,Winged Beast,1700,500,94096616,effect
10625,Mecha Phantom Beast Warbluran,WIND,1,Machine,300,300,31480215,effect
10626,Mecha Phantom Beast Blue Impala,WIND,3,Machine,1400,1100,67489919,effect
10627,Mecha Phantom Beast Coltwing,WIND,4,Machine,1600,1500,94973028,effect
10628,Mecha Phantom Beast Harrliard,WIND,4,Machine,1800,800,20368763,effect
10629,Brotherhood of the Fire Fist - Boar,FIRE,4,Beast-Warrior,1100,1400,66762372,effect
10630,Brotherhood of the Fire Fist - Caribou,FIRE,4,Beast-Warrior,1100,2000,93751476,effect
10631,World of Prophecy,LIGHT,9,Spellcaster,2900,2400,29146185,effect
10632,Archfiend Heiress,DARK,3,Fiend,1000,0,66540884,effect
10633,Archfiend Cavalry,DARK,4,Fiend,1900,0,92039899,effect
10634,"Archfiend Emperor, the First Lord of Horror",DARK,8,Fiend,3000,2000,28423537,effect
10635,Traptrix Atrax,EARTH,4,Insect,1800,1000,55428242,effect
10636,Traptrix Myrmeleo,EARTH,4,Insect,1600,1200,91812341,effect
10637,Traptrix Nepenthes,EARTH,4,Plant,800,2000,28201945,effect
10638,The Calibrator,LIGHT,4,Thunder,1500,1500,54706054,effect
10639,"Talaya, Princess of Cherry Blossoms",WATER,8,Plant,2800,1200,80190753,effect
10640,Cheepcheepcheep,WIND,1,Winged Beast,300,200,27189308,effect
10641,Masked Chameleon,EARTH,4,Reptile,1600,1100,53573406,effect
10642,"Flying ""C""",EARTH,3,Insect,700,700,80978111,effect
10643,Yellow Duston,EARTH,1,Fiend,0,1000,16366810,effect
10686,Archfiend Commander,DARK,6,Fiend,2500,1200,68371799,effect
10687,Chronomaly Aztec Mask Golem,EARTH,4,Rock,1500,1000,94766498,effect
10688,Chronomaly Cabrera Trebuchet,EARTH,4,Rock,0,1800,20154092,effect
10689,Chronomaly Mud Golem,EARTH,4,Rock,1700,1000,67559101,effect
10690,Chronomaly Sol Monolith,EARTH,6,Rock,600,600,93543806,effect
10691,Gimmick Puppet Egg Head,EARTH,4,Machine,1600,1200,20032555,effect
10692,Gimmick Puppet Gear Changer,EARTH,1,Machine,100,100,56427559,effect
10693,Gimmick Puppet Twilight Joker,DARK,8,Machine,800,1600,92821268,effect
10694,Gimmick Puppet Scissor Arms,DARK,4,Machine,1200,600,29216967,effect
10695,Gimmick Puppet Nightmare,DARK,8,Machine,1000,2000,55204071,effect
10696,Heroic Challenger - Ambush Soldier,EARTH,1,Warrior,0,0,92609670,effect
10697,Heroic Challenger - Clasp Sword,EARTH,1,Warrior,300,100,28194325,effect
10698,Blue Mountain Butterspy,DARK,4,Warrior,0,1700,54582424,effect
10699,Box of Friends,LIGHT,1,Machine,0,0,81587028,effect
10700,Zombowwow,DARK,2,Zombie,1000,1000,27971137,effect
10730,Galaxy Dragon,LIGHT,4,Dragon,2000,1200,9024367,effect
10731,Hundred-Footed Horror,DARK,7,Insect,2600,1300,36029076,effect
10732,Labradorite Dragon,DARK,6,Dragon,0,2400,62514770,normal
10733,Chow Chow Chan,EARTH,2,Beast,800,800,99902789,effect
10734,Malicevorous Spoon,DARK,2,Fiend,100,500,35307484,effect
10735,Malicevorous Fork,DARK,2,Fiend,400,400,61791132,effect
10736,Malicevorous Knife,DARK,2,Fiend,600,100,98780137,effect
10737,Battlin' Boxer Rib Gardna,FIRE,3,Warrior,100,1400,24184846,effect
10738,Battlin' Boxer Rabbit Puncher,FIRE,3,Warrior,800,1000,61679541,effect
10739,Secret Sect Druid Wid,DARK,4,Spellcaster,0,1800,97064649,effect
10740,Secret Sect Druid Dru,DARK,4,Spellcaster,1800,0,24062258,effect
10741,Mythic Tree Dragon,EARTH,4,Dragon,100,1400,50457953,effect
10742,Mythic Water Dragon,WATER,8,Dragon,1000,2000,92841002,effect
10743,Armed Protector Dragon,LIGHT,8,Dragon,2000,2800,29330706,effect
10744,Soul Drain Dragon,LIGHT,8,Dragon,4000,0,55735315,effect
10745,Baby Raccoon Ponpoko,EARTH,2,Beast,800,0,92729410,effect
10746,Baby Raccoon Tantan,EARTH,2,Beast,0,800,28118128,effect
10747,Ghostrick Lantern,DARK,1,Fiend,800,0,54512827,effect
10748,Ghostrick Specter,DARK,1,Fiend,600,0,81907872,effect
10749,Ghostrick Witch,DARK,2,Spellcaster,1200,200,27491571,effect
10750,Ghostrick Yuki-onna,DARK,2,Spellcaster,1000,800,54490275,effect
10751,Ghostrick Jiangshi,DARK,3,Zombie,400,1800,80885284,effect
10752,Ghostrick Stein,DARK,3,Zombie,1600,0,16279989,effect
10753,Bujin Mikazuchi,LIGHT,4,Beast-Warrior,1900,1500,53678698,effect
10754,Bujingi Crow,LIGHT,4,Winged Beast,1700,800,89662736,effect
10755,Bujingi Ibis,LIGHT,4,Winged Beast,1600,300,16157341,effect
10756,Bujingi Boar,LIGHT,4,Beast,1100,1900,42551040,effect
10757,Bujingi Centipede,LIGHT,4,Beast,1700,500,88940154,effect
10758,Mecha Phantom Beast Sabre Hawk,WIND,4,Machine,2100,100,15335853,effect
10759,Mecha Phantom Beast Kalgriffin,WIND,7,Machine,1000,2500,41329458,effect
10760,Vampire Sorcerer,DARK,4,Zombie,1500,1500,88728507,effect
10761,Shadow Vampire,DARK,5,Zombie,2000,0,14212201,effect
10762,Vampire Grace,DARK,6,Zombie,2000,1200,40607210,effect
10763,Pumprincess the Princess of Ghosts,DARK,3,Zombie,900,1000,17601919,effect
10764,Yellow-Bellied Oni,DARK,4,Zombie,1000,1000,53090623,effect
10765,Vampire Hunter,DARK,4,Warrior,1600,1600,80485722,effect
10766,Aratama,DARK,4,Fiend,800,1800,16889337,effect
10767,Rasetsu,FIRE,4,Fairy,1500,1900,43378076,effect
10768,Skelesaurus,DARK,4,Zombie,1700,1400,89362180,effect
10769,Knight Day Grepher,LIGHT,4,Warrior,1700,1600,15767889,effect
10770,Genomix Fighter,WIND,6,Psychic,2200,1100,42155488,effect
10771,"Mariña, Princess of Sunflowers",FIRE,8,Plant,2800,1600,78540593,effect
10772,Granmarg the Mega Monarch,EARTH,8,Rock,2800,1000,15545291,effect
10773,Swarm of Crows,DARK,5,Winged Beast,1200,1800,41039846,effect
10774,Terrene Toothed Tsuchinoko,EARTH,3,Reptile,1600,500,77428945,effect
10775,Risebell the Star Psycher,WIND,4,Psychic,1500,1500,14812659,effect
10776,Blue Duston,WATER,1,Fiend,0,1000,40217358,effect
10812,Galaxy Serpent,LIGHT,2,Dragon,1000,0,11066358,normal
10813,Noble Knight Drystan,LIGHT,4,Warrior,1800,800,53550467,effect
10814,Bujingi Warg,LIGHT,4,Beast,1200,1900,80555062,effect
10815,Mecha Phantom Beast Aerosguin,WIND,3,Machine,1600,400,16943770,effect
10816,Cockadoodledoo,WIND,5,Winged Beast,1600,2000,42338879,effect
10817,Tour Bus To Forbidden Realms,DARK,3,Fiend,600,1000,89732524,effect
10818,"Confronting the ""C""",EARTH,5,Insect,1100,2500,15721123,effect
10822,Shogi Knight,EARTH,3,Beast-Warrior,800,400,41493640,effect
10823,Black Luster Soldier - Envoy of the Evening Twilight,DARK,8,Warrior,3000,2500,77498348,effect
10824,"Gaia, the Polar Knight",DARK,4,Warrior,1600,1200,14882493,effect
10825,"Gaia, the Mid-Knight Sun",LIGHT,4,Warrior,1600,1200,40371092,effect
10829,Gimmick Puppet Des Troy,DARK,4,Machine,1200,2000,76543119,effect
10830,Gogogo Golem - Golden Form,EARTH,4,Rock,-1,1500,2948263,effect
10831,Dododo Witch,EARTH,4,Warrior,1200,1600,39432962,effect
10832,Dododo Swordsman,EARTH,8,Warrior,0,3000,75421661,effect
10833,Toy Knight,EARTH,4,Machine,200,1200,1826676,effect
10834,Explossum,EARTH,1,Beast,100,100,38210374,effect
10835,Swordsman of Revealing Light,LIGHT,8,Warrior,0,2400,64605089,effect
10836,Doggy Diver,DARK,4,Warrior,1000,1000,1003028,effect
10844,ZW - Sleipnir Mail,LIGHT,4,Beast,1000,1000,2648201,effect
10849,Double Fin Shark,WATER,4,Fish,1000,1200,64319467,effect
10850,Silent Angler,WATER,4,Fish,800,1400,90303176,effect
10851,Depth Shark,WATER,5,Fish,1400,0,37798171,effect
10852,Saber Shark,WATER,4,Fish,1600,1200,63193879,effect
10853,Guard Penguin,WATER,4,Winged Beast,0,1200,99581584,effect
10860,Snow Plow Hustle Rustle,EARTH,10,Machine,2500,3000,24731453,effect
10861,Night Express Knight,EARTH,10,Machine,3000,3000,51126152,effect
10863,Ruffian Railcar,EARTH,4,Machine,1800,1000,24919805,effect
10864,Blue Flame Swordsman,FIRE,4,Warrior,1800,1600,50903514,effect
10866,Cyber Dragon Core,LIGHT,2,Machine,400,1500,23893227,effect
10867,Cyber Dragon Drei,LIGHT,4,Machine,1800,800,59281922,effect
10871,Ghostrick Ghoul,DARK,3,Zombie,1100,1200,85463083,effect
10872,Bujingi Raven,LIGHT,4,Winged Beast,1600,900,11958188,effect
10873,Vampire Duke,DARK,5,Zombie,2000,0,58947797,effect
10874,Archfiend Giant,DARK,6,Fiend,2400,1600,84341431,effect
10875,Lady of the Lake,LIGHT,1,Aqua,200,1800,10736540,effect
10876,Noble Knight Borz,LIGHT,4,Warrior,1700,900,47120245,effect
10882,Geargiano Mk-III,EARTH,3,Machine,1000,1000,45286019,effect
10883,Geargiattacker,EARTH,4,Machine,1900,100,72370114,effect
10885,"Minerva, Lightsworn Maiden",LIGHT,3,Spellcaster,800,200,40164421,effect
10886,"Raiden, Hand of the Lightsworn",LIGHT,4,Warrior,1700,1000,77558536,effect
10887,White Duston,LIGHT,1,Fiend,0,1000,3557275,normal
10888,ZW - Asura Strike,FIRE,4,Fairy,1000,1000,40941889,effect
10889,Gillagillancer,EARTH,6,Warrior,2200,800,76436988,effect
10890,Rainbow Kuriboh,LIGHT,1,Fiend,100,100,2830693,effect
10891,Overlay Sentinel,LIGHT,4,Warrior,2000,0,39229392,effect
10892,Overlay Booster,LIGHT,5,Warrior,2000,0,75214390,effect
10893,Photon Chargeman,LIGHT,4,Warrior,1000,1000,2618045,effect
10894,Chronomaly Moai Carrier,EARTH,5,Rock,900,1800,38007744,effect
10895,Chronomaly Winged Sphinx,EARTH,5,Rock,1600,1900,65591858,effect
10896,Deep-Space Cruiser IX,LIGHT,9,Machine,900,900,1586457,effect
10897,Gorgonic Golem,DARK,3,Rock,1200,600,37984162,effect
10898,Gorgonic Gargoyle,DARK,3,Rock,1000,800,64379261,effect
10899,Gorgonic Ghoul,DARK,1,Rock,100,100,90764875,effect
10900,Gorgonic Cerberus,DARK,3,Rock,1300,300,37168514,effect
10901,Sylvan Peaskeeper,WIND,1,Plant,400,100,63257623,effect
10902,Sylvan Komushroomo,FIRE,2,Plant,100,2000,99641328,effect
10903,Sylvan Marshalleaf,WATER,3,Plant,1500,1200,36046926,effect
10904,Sylvan Flowerknight,EARTH,4,Plant,1800,1000,62434031,effect
10905,Sylvan Guardioak,EARTH,6,Plant,2400,1500,99429730,effect
10906,Sylvan Hermitree,FIRE,8,Plant,2700,1800,25824484,effect
10907,Ghostrick Jackfrost,DARK,1,Fiend,800,100,61318483,effect
10908,Ghostrick Mary,DARK,1,Fiend,100,1600,98707192,effect
10909,Ghostrick Nekomusume,DARK,2,Spellcaster,400,900,24101897,effect
10910,Ghostrick Skeleton,DARK,3,Zombie,1200,1100,51196805,effect
10911,Ghostrick Mummy,DARK,3,Zombie,1500,0,97584500,effect
10912,Bujin Arasuda,LIGHT,4,Beast-Warrior,1600,1900,23979249,effect
10913,Bujingi Peacock,LIGHT,4,Winged Beast,1800,700,50474354,effect
10914,Bujingi Swallow,LIGHT,4,Winged Beast,1700,800,86868952,effect
10915,Bujingi Fox,LIGHT,4,Beast,200,2100,23857661,effect
10916,Bujingi Hare,LIGHT,4,Beast,1700,500,59251766,effect
10917,Gravekeeper's Nobleman,DARK,3,Spellcaster,1000,1000,85646474,effect
10918,Gravekeeper's Ambusher,DARK,4,Spellcaster,1700,0,22134079,effect
10919,Gravekeeper's Shaman,DARK,6,Spellcaster,1500,1500,58139128,effect
10920,Gravekeeper's Oracle,DARK,10,Spellcaster,2000,1500,25524823,effect
10921,Mystic Macrocarpa Seed,EARTH,3,Plant,500,1000,51912531,effect
10922,"Kalantosa, Mystical Beast of the Forest",EARTH,2,Beast,200,1400,97317530,effect
10923,Nikitama,LIGHT,4,Fairy,800,1800,24701235,effect
10924,Black Brachios,EARTH,4,Dinosaur,1800,1100,50896944,effect
10925,"Chirubimé, Princess of Autumn Leaves",EARTH,8,Plant,1800,2800,87294988,effect
10926,Mobius the Mega Monarch,WATER,8,Aqua,2800,1000,23689697,effect
10927,Sirenorca,WATER,5,Winged Beast,2200,1000,50074392,effect
10928,Xyz Avenger,DARK,4,Fiend,1800,700,86062400,effect
10929,Tackle Crusader,EARTH,4,Rock,1500,1800,12467005,effect
10930,Majiosheldon,WATER,3,Warrior,800,2000,59951714,effect
10931,Paladin of Photon Dragon,LIGHT,4,Warrior,1900,800,85346853,ritual
10972,Chronomaly Nebra Disk,LIGHT,4,Machine,1800,1500,24861088,effect
10974,Heraldic Beast Amphisbaena,WIND,4,Dragon,1700,1100,87255382,effect
10978,SZW - Fenrir Sword,LIGHT,4,Beast,1800,1100,12927849,effect
10979,Gogogo Goram,EARTH,4,Rock,2300,0,59911557,effect
10980,Dododo Driver,EARTH,4,Warrior,1800,200,85310252,effect
10984,Sylvan Bladefender,EARTH,4,Plant,1900,700,11682713,effect
10985,Sylvan Mikorange,WATER,3,Plant,400,1100,47077318,effect
10986,Ghostrick Yeti,DARK,3,Zombie,300,2000,84472026,effect
10987,Bujingi Pavo,LIGHT,4,Winged Beast,1700,800,10860121,effect
10988,Gravekeeper's Heretic,DARK,4,Spellcaster,1800,1500,46955770,effect
10989,Noble Knight Peredur,LIGHT,4,Warrior,1900,300,73359475,effect
10990,"Gwenhwyfar, Queen of Noble Arms",LIGHT,2,Spellcaster,300,300,19748583,effect
10994,Flowerbot,EARTH,3,Plant,1500,800,45010690,effect
10995,Humpty Grumpty,DARK,3,Zombie,1400,0,71415349,effect
10999,Geargiauger,EARTH,4,Machine,500,500,47687766,effect
11000,"Felis, Lightsworn Archer",LIGHT,4,Beast-Warrior,1100,2000,73176465,effect
11001,Fishborg Doctor,WATER,4,Fish,400,400,10560119,effect
11002,Santa Claws,LIGHT,6,Fiend,1200,2500,46565218,effect
11006,Chronomaly Gordian Knot,EARTH,3,Rock,300,900,72837335,effect
11007,Gimmick Puppet Humpty Dumpty,DARK,4,Machine,0,100,8226374,effect
11008,Gimmick Puppet Shadow Feeler,DARK,8,Machine,1000,1000,34620088,effect
11009,Silent Wobby,WATER,4,Fish,1000,2000,71015787,effect
11010,Dynatherium,WIND,4,Beast,1600,600,7409792,effect
11030,ZS - Vanish Sage,LIGHT,1,Warrior,500,100,51865604,effect
11031,Galaxy Mirror Sage,LIGHT,3,Spellcaster,0,800,98263709,effect
11032,Galaxy Tyranno,LIGHT,8,Dinosaur,2000,0,24658418,effect
11033,Heliosphere Dragon,LIGHT,4,Dragon,0,1900,51043053,effect
11034,Mermaid Shark,WATER,1,Fish,100,300,87047161,effect
11035,Gazer Shark,WATER,5,Fish,1000,1900,23536866,effect
11036,Blizzard Thunderbird,WATER,4,Winged Beast,1600,1400,50920465,effect
11037,Battlin' Boxer Big Bandage,FIRE,2,Warrior,1100,1400,86325573,effect
11038,Battlin' Boxer Veil,FIRE,4,Warrior,0,1800,13313278,effect
11039,Umbral Horror Ghost,DARK,2,Fiend,200,200,59708927,effect
11040,Artifact Moralltach,LIGHT,5,Fairy,2100,1400,85103922,effect
11041,Artifact Beagalltach,LIGHT,5,Fairy,1400,2100,12697630,effect
11042,Artifact Failnaught,LIGHT,5,Fairy,2000,1600,48086335,effect
11043,Artifact Aegis,LIGHT,5,Fairy,1200,2500,85080444,effect
11044,Artifact Achilleshield,LIGHT,5,Fairy,1500,2200,11475049,effect
11045,Artifact Labrys,LIGHT,5,Fairy,2300,1000,47863787,effect
11046,Artifact Caduceus,LIGHT,5,Fairy,1600,2400,84268896,effect
11047,Sylvan Cherubsprout,LIGHT,1,Plant,100,100,10753491,effect
11048,Sylvan Snapdrassinagon,DARK,1,Plant,900,400,47741109,effect
11049,Sylvan Lotuswain,WATER,5,Plant,2300,1100,73136204,effect
11050,Sylvan Sagequoia,WIND,7,Plant,2600,2100,10530913,effect
11051,Ghostrick Doll,DARK,2,Spellcaster,300,1200,46925518,effect
11052,Ghostrick Warwolf,DARK,3,Zombie,1400,1500,72913666,effect
11053,Bujin Hirume,LIGHT,4,Beast-Warrior,2000,1000,9418365,effect
11054,Traptrix Dionaea,EARTH,4,Plant,1700,1100,45803070,effect
11055,Mecha Phantom Beast O-Lion,WIND,2,Machine,600,1000,72291078,effect
11056,Hazy Flame Hydra,FIRE,6,Dinosaur,2300,200,8696773,effect
11057,Madolche Anjelly,EARTH,4,Fairy,1000,1000,34680482,effect
11058,"Pilica, Descendant of Gusto",WIND,3,Psychic,1000,1500,71175527,effect
11059,Gladiator Beast Augustus,DARK,8,Winged Beast,2600,1000,7573135,effect
11060,"Lucent, Netherlord of Dark World",DARK,6,Fiend,2400,0,34968834,effect
11061,Ancient Gear Box,EARTH,4,Machine,500,2000,60953949,effect
11062,Dawn Knight,LIGHT,4,Warrior,1400,1200,6351548,effect
11063,Majesty's Fiend,LIGHT,6,Fiend,2400,1000,33746252,effect
11064,Thestalos the Mega Monarch,FIRE,8,Pyro,2800,1000,69230391,effect
11065,Beautunaful Princess,WATER,1,Fish,0,0,6625096,effect
11066,Nopenguin,WATER,3,Aqua,1600,100,32623004,effect
11067,Condemned Maiden,LIGHT,4,Fairy,100,2000,68018709,effect
11068,Starduston,DARK,1,Fiend,-1,-1,95403418,effect
11110,Gagaga Sister,DARK,2,Spellcaster,200,800,387282,effect
11113,Galaxy-Eyes Cloudragon,LIGHT,1,Dragon,300,250,9260791,effect
11114,Galaxy Soldier,LIGHT,5,Machine,2000,0,46659709,effect
11117,Battlin' Boxer Shadow,FIRE,4,Warrior,1800,1400,35537251,effect
11120,Electromagnetic Turtle,LIGHT,4,Machine,0,1800,34710660,effect
11126,Shogi Lance,EARTH,3,Beast-Warrior,500,500,32476434,effect
11127,Guiding Light,LIGHT,1,Fairy,0,0,69865139,effect
11134,Stargazer Magician,DARK,5,Spellcaster,1200,2400,94415058,effect_pendulum
11135,Timegazer Magician,DARK,3,Spellcaster,1200,600,20409757,effect_pendulum
11136,"Aether, the Empowering Dragon",LIGHT,6,Dragon,2300,1600,56804361,effect
11137,"Ventdra, the Empowered Warrior",WIND,5,Warrior,2000,800,93298460,effect
11138,"Arnis, the Empowered Warrior",FIRE,4,Warrior,1700,1200,29687169,effect
11139,"Terratiger, the Empowered Warrior",EARTH,4,Warrior,1800,1200,56681873,effect
11140,"Hydrotortoise, the Empowered Warrior",WATER,3,Warrior,1400,900,82176812,effect
11141,Golden Dragon Summoner,LIGHT,4,Spellcaster,1000,1000,28565527,effect
11142,Blue Dragon Summoner,WIND,4,Spellcaster,1500,600,55969226,effect
11143,Red Sparrow Summoner,FIRE,4,Spellcaster,1600,1300,81354330,effect
11144,White Tiger Summoner,EARTH,3,Spellcaster,1000,1700,28348939,effect
11145,Green Turtle Summoner,WATER,3,Spellcaster,400,1500,54747648,effect
11148,Odd-Eyes Dragon,DARK,7,Dragon,2500,2000,53025096,effect
11149,Legendary Knight Timaeus,LIGHT,8,Warrior,2800,1800,80019195,effect
11150,Kuribandit,DARK,3,Fiend,1000,700,16404809,effect
11155,Guardian Dreadscythe,DARK,8,Fiend,2500,2000,18175965,effect
11167,Carboneddon,EARTH,3,Dinosaur,800,600,15981690,effect
11168,Mathematician,EARTH,3,Spellcaster,1500,500,41386308,effect
11169,Ra's Disciple,LIGHT,4,Fairy,1100,600,74875003,effect
11172,Blackwing - Oroshi the Squall,DARK,1,Winged Beast,400,600,73652465,effect
11173,Blackwing - Steam the Cloak,DARK,3,Winged Beast,800,1200,9047460,effect
11174,Blackwing - Hurricane the Tornado,DARK,1,Winged Beast,0,0,36442179,effect
11178,Assault Dog,EARTH,4,Beast,1200,800,72714226,effect
11179,Gate Blocker,EARTH,4,Rock,100,2000,8102334,effect
11181,Lionhearted Locomotive,EARTH,4,Machine,2400,2100,61692648,effect
11182,Express Train Trolley Olley,EARTH,4,Machine,1800,1000,7080743,effect
11183,Construction Train Signal Red,EARTH,3,Machine,1000,1300,34475451,effect
11189,Magic Hand,DARK,4,Spellcaster,800,1600,22530212,effect
11190,Fire Hand,FIRE,4,Pyro,1600,1000,68535320,effect
11191,Ice Hand,WATER,4,Aqua,1400,1600,95929069,effect
11192,Prominence Hand,FIRE,4,Pyro,600,2000,21414674,effect
11193,Lillybot,LIGHT,4,Machine,500,2000,68812773,effect
11195,Artifact Scythe,LIGHT,5,Fairy,2200,900,20292186,effect
11196,Noble Knight Brothers,LIGHT,4,Warrior,1200,2400,57690191,effect
11197,Noble Knight Eachtar,DARK,5,Warrior,1600,2000,93085839,effect
11198,Sylvan Princessprout,LIGHT,1,Plant,100,100,20579538,effect
11199,Bujingi Sinyou,LIGHT,4,Beast,1500,1000,56574543,effect
11200,Vampire Vamp,DARK,7,Zombie,2000,2000,82962242,effect
11205,Guerilla Kite,FIRE,4,Fiend,1600,200,54629413,effect
11206,Wattsychic Fighter,LIGHT,3,Psychic,1500,300,81028112,effect
11210,Flash Knight,LIGHT,4,Warrior,1800,600,17390179,normal_pendulum
11211,Foucault's Cannon,DARK,5,Spellcaster,2200,1200,43785278,normal_pendulum
11212,Metaphys Armed Dragon,LIGHT,7,Wyrm,2800,1000,89189982,normal
11213,Odd-Eyes Pendulum Dragon,DARK,7,Dragon,2500,2000,16178681,effect_pendulum
11214,Performapal Skeeter Skimmer,WATER,4,Insect,500,1600,42562690,effect
11215,Performapal Whip Snake,EARTH,4,Reptile,1700,900,79967395,effect
11216,Performapal Sword Fish,WATER,2,Fish,600,600,15452043,effect
11217,Performapal Hip Hippo,EARTH,3,Beast,800,800,41440148,effect
11218,Performapal Kaleidoscorp,LIGHT,6,Insect,100,2300,78835747,effect_pendulum
11219,Performapal Turn Toad,WATER,2,Aqua,0,800,4239451,effect_pendulum
11220,Superheavy Samurai Blue Brawler,EARTH,4,Machine,0,2000,41628550,effect
11221,Superheavy Samurai Swordsman,EARTH,3,Machine,1000,1800,77013169,effect
11222,Superheavy Samurai Big Benkei,EARTH,8,Machine,1000,3500,3117804,effect
11223,Aria the Melodious Diva,LIGHT,4,Fairy,1600,1200,40502912,effect
11224,Sonata the Melodious Diva,LIGHT,3,Fairy,1200,1000,76990617,effect
11225,Mozarta the Melodious Maestra,LIGHT,8,Fairy,2600,2000,3395226,effect
11226,Battleguard King,EARTH,8,Warrior,3000,1100,39389320,effect
11227,Satellarknight Deneb,LIGHT,4,Warrior,1500,1000,75878039,effect
11228,Satellarknight Altair,LIGHT,4,Warrior,1700,1300,2273734,effect
11229,Satellarknight Vega,LIGHT,4,Warrior,1200,1600,38667773,effect
11230,Satellarknight Alsahm,LIGHT,4,Warrior,1400,1800,65056481,effect
11231,Satellarknight Unukalhai,LIGHT,4,Warrior,1800,1000,1050186,effect
11232,Shaddoll Falco,DARK,2,Spellcaster,600,1400,37445295,effect
11233,Shaddoll Hedgehog,DARK,3,Spellcaster,800,200,4939890,effect
11234,Shaddoll Squamata,DARK,4,Spellcaster,1800,1000,30328508,effect
11235,Shaddoll Dragon,DARK,4,Spellcaster,1900,0,77723643,effect
11236,Shaddoll Beast,DARK,5,Spellcaster,2200,1700,3717252,effect
11237,"Suanni, Fire of the Yang Zing",FIRE,4,Wyrm,1900,0,30106950,effect
11238,"Bi'an, Earth of the Yang Zing",EARTH,3,Wyrm,1600,0,66500065,effect
11239,"Bixi, Water of the Yang Zing",WATER,2,Wyrm,0,2000,2095764,effect
11240,"Pulao, Wind of the Yang Zing",WIND,1,Wyrm,0,1800,35089369,effect
11241,"Chiwen, Light of the Yang Zing",LIGHT,1,Wyrm,0,0,61488417,effect
11242,Artifact Chakram,LIGHT,5,Fairy,1900,2000,8873112,effect
11243,Artifact Lancea,LIGHT,5,Fairy,1700,2300,34267821,effect
11244,Nefarious Archfiend Eater of Nefariousness,EARTH,4,Beast,1500,200,60666820,effect
11245,The Agent of Entropy - Uranus,DARK,5,Fairy,2200,1200,97750534,effect
11246,Djinn Demolisher of Rituals,DARK,3,Fiend,1500,600,33145233,effect
11247,Batteryman 9-Volt,LIGHT,4,Thunder,1000,1000,60549248,effect
11248,Resonance Insect,EARTH,4,Insect,1000,700,96938986,effect
11249,Breaker the Dark Magical Warrior,DARK,6,Spellcaster,1600,1000,22923081,effect
11250,Raiza the Mega Monarch,WIND,8,Winged Beast,2800,1000,69327790,effect
11251,Dogu,EARTH,4,Rock,1900,0,95816395,effect
11252,Hypnosister,WIND,4,Psychic,1300,1400,22200403,effect
11253,Re-Cover,EARTH,1,Psychic,700,300,58695102,effect
11254,Deskbot 001,EARTH,1,Machine,500,500,94693857,effect
11255,Spy-C-Spy,FIRE,3,Warrior,1200,1300,21088856,effect
11256,Wightprince,DARK,1,Zombie,0,0,57473560,effect
11259,"Saffira, Queen of Dragons",LIGHT,6,Dragon,2500,2400,56350972,ritual
11290,Heroic Challenger - Assault Halberd,EARTH,4,Warrior,1800,200,65848811,effect
11291,Heroic Challenger - Thousand Blades,EARTH,4,Warrior,1300,1100,1833916,effect
11292,Star Seraph Scepter,LIGHT,4,Fairy,1800,400,38331564,effect
11293,Star Seraph Scale,LIGHT,4,Fairy,1500,900,64726269,effect
11294,Star Seraph Sovereignty,LIGHT,4,Fairy,800,2000,91110378,effect
11295,Numeral Hunter,LIGHT,4,Warrior,1600,1400,37115973,effect
11301,Performapal Silver Claw,DARK,4,Beast,1800,700,26270847,effect_pendulum
11303,Primitive Butterfly,WIND,5,Insect,1200,900,98154550,effect
11304,Junk Anchor,EARTH,2,Warrior,0,0,25148255,effect
11307,Escher the Frost Vassal,WATER,4,Aqua,800,1000,24326617,effect
11308,Elemental HERO Shadow Mist,DARK,4,Warrior,1000,1500,50720316,effect
11315,Dragon Horn Hunter,DARK,6,Warrior,2300,1000,21970285,normal_pendulum
11316,Doomstar Magician,DARK,4,Spellcaster,1800,300,58369990,effect
11317,"Scarm, Malebranche of the Burning Abyss",DARK,3,Fiend,800,2000,84764038,effect
11318,"Graff, Malebranche of the Burning Abyss",DARK,3,Fiend,1000,1500,20758643,effect
11319,"Cir, Malebranche of the Burning Abyss",DARK,3,Fiend,1600,1200,57143342,effect
11322,U.A. Mighty Slugger,EARTH,5,Warrior,2300,700,56421754,effect
11323,U.A. Perfect Ace,EARTH,5,Warrior,1500,2500,82419869,effect
11328,D/D/D Supreme King Kaiser,DARK,7,Fiend,2800,2100,44186624,effect
11329,D/D Proud Ogre,DARK,6,Fiend,2300,1500,81571633,effect_pendulum
11330,D/D Proud Chevalier,DARK,5,Fiend,2000,700,17979378,effect_pendulum
11331,Performapal Salutiger,EARTH,4,Beast-Warrior,1700,500,44364077,effect
11332,Performapal Thunderhino,LIGHT,3,Rock,200,1800,70458081,effect
11333,Performapal Cheermole,EARTH,2,Beast,600,1000,17857780,effect_pendulum
11334,Performapal Trampolynx,EARTH,2,Beast,300,300,43241495,effect_pendulum
11335,Block Spider,EARTH,1,Insect,0,100,79636594,effect
11336,Canon the Melodious Diva,LIGHT,4,Fairy,1400,2000,16021142,effect
11337,Serenade the Melodious Diva,LIGHT,4,Fairy,400,1900,42029847,effect
11338,Elegy the Melodious Diva,LIGHT,5,Fairy,2000,1200,79514956,effect
11339,Shopina the Melodious Maestra,LIGHT,7,Fairy,2300,1700,5908650,effect
11340,Superheavy Samurai Kabuto,EARTH,4,Machine,1000,2000,41307269,effect
11341,Superheavy Samurai Scales,EARTH,4,Machine,800,1800,78391364,effect
11342,Superheavy Samurai Soulfire Suit,FIRE,2,Machine,800,800,4786063,effect
11343,Superheavy Samurai Soulshield Wall,EARTH,3,Machine,1200,1200,31181711,effect
11344,Superheavy Samurai Soulbreaker Armor,EARTH,1,Machine,0,500,77679716,effect
11345,Superheavy Samurai Soulbang Cannon,EARTH,3,Machine,1000,1000,3064425,effect
11346,Edge Imp Sabres,DARK,3,Fiend,1200,800,30068120,effect
11347,Fluffal Leo,EARTH,4,Fairy,1600,1200,66457138,effect
11348,Fluffal Bear,EARTH,3,Fairy,1200,800,3841833,effect
11349,Fluffal Dog,EARTH,4,Fairy,1700,1000,39246582,effect
11350,Fluffal Owl,EARTH,2,Fairy,1000,1000,65331686,effect
11351,Fluffal Cat,EARTH,1,Fairy,700,300,2729285,effect
11352,Fluffal Rabbit,EARTH,1,Fairy,300,1200,38124994,effect
11353,Qliphort Scout,EARTH,5,Machine,1000,2800,65518099,normal_pendulum
11354,Qliphort Carrier,EARTH,6,Machine,2400,1000,91907707,effect_pendulum
11355,Qliphort Helix,EARTH,6,Machine,2400,1000,37991342,effect_pendulum
11356,Qliphort Disk,EARTH,7,Machine,2800,1000,64496451,effect_pendulum
11357,Qliphort Shell,EARTH,8,Machine,2800,1000,90885155,effect_pendulum
11358,Apoqliphort Towers,EARTH,10,Machine,3000,2600,27279764,effect
11359,Satellarknight Sirius,LIGHT,4,Warrior,1600,900,63274863,effect
11360,Satellarknight Procyon,LIGHT,4,Warrior,1300,1200,99668578,effect
11361,Satellarknight Betelgeuse,LIGHT,4,Warrior,700,1900,26057276,effect
11362,Shaddoll Hound,DARK,4,Spellcaster,1600,900,52551211,effect
11363,"Taotie, Shadow of the Yang Zing",DARK,5,Wyrm,2200,0,99946920,effect
11364,"Jiaotu, Darkness of the Yang Zing",DARK,2,Wyrm,0,2000,25935625,effect
11365,Lindbloom,EARTH,4,Wyrm,0,1800,52339733,effect
11366,Night Dragolich,DARK,4,Wyrm,1700,0,88724332,effect
11367,Unmasked Dragon,FIRE,3,Wyrm,1400,1100,24218047,effect
11368,Machina Megaform,EARTH,8,Machine,2600,1500,51617185,effect
11369,Zaborg the Mega Monarch,LIGHT,8,Thunder,2800,1000,87602890,effect
11370,"Valerifawn, Mystical Beast of the Forest",EARTH,2,Beast,400,900,24096499,effect
11371,Rescue Hamster,EARTH,4,Beast,300,100,50485594,effect_pendulum
11372,Watch Dog,FIRE,1,Pyro,0,0,86889202,effect
11373,Denko Sekka,LIGHT,4,Thunder,1700,1000,13974207,effect
11374,Deskbot 002,EARTH,2,Machine,500,500,59368956,effect
11375,Ms. Judge,LIGHT,4,Fiend,1800,600,86767655,effect
11376,Scrounging Goblin,EARTH,4,Fiend,1000,2000,12152769,effect
11377,Herald of Ultimateness,LIGHT,12,Fairy,2000,3000,48546368,ritual
11415,Gagaga Mancer,DARK,4,Spellcaster,100,100,28884172,effect
11419,Elemental HERO Blazeman,FIRE,4,Warrior,1200,1800,63060238,effect
11423,Stegocyber,DARK,6,Dinosaur,1200,2400,99733359,effect
11424,Master Craftsman Gamil,FIRE,2,Pyro,200,200,25727454,effect
11433,P.M. Captor,DARK,4,Zombie,1800,0,13760677,effect_pendulum
11434,Spiritual Whisper,WIND,4,Winged Beast,200,2000,50155385,effect
11435,Xyz-Raypierce,FIRE,4,Dragon,1700,200,86559484,effect
11439,D/D Lilith,DARK,4,Fiend,100,2100,12822541,effect
11440,D/D Nighthowl,DARK,3,Fiend,300,600,48210156,effect
11441,D/D Savant Galilei,DARK,10,Fiend,0,0,74605254,effect_pendulum
11442,D/D Savant Kepler,DARK,1,Fiend,0,0,11609969,effect_pendulum
11443,D/D/D Doom King Armageddon,DARK,8,Fiend,3000,1000,47198668,effect_pendulum
11458,D/D Cerberus,DARK,4,Fiend,1800,600,39153655,effect_pendulum
11460,D/D/D Rebel King Leonidas,DARK,7,Fiend,2600,1200,92536468,effect_pendulum
11465,Jormungardr the Nordic Serpent,DARK,8,Dragon,3000,3000,64203620,effect
11466,Fenrir the Nordic Wolf,DARK,10,Beast,4000,4000,91697229,effect
11468,Merlin,DARK,3,Spellcaster,1400,500,3580032,effect
11469,Noble Knight Bedwyr,LIGHT,4,Warrior,1600,1500,30575681,effect
11471,Mayosenju Daibak,WIND,10,Beast,3000,300,93368494,effect_pendulum
11472,Yosenju Misak,WIND,6,Beast,2300,200,39853199,effect
11473,Yosenju Kama 1,WIND,4,Beast-Warrior,1600,500,65247798,effect
11474,Yosenju Kama 2,WIND,4,Beast-Warrior,1800,200,92246806,effect
11475,Yosenju Kama 3,WIND,4,Beast-Warrior,1500,800,28630501,effect
11476,Yosenju Shinchu L,WIND,4,Rock,0,2100,65025250,effect_pendulum
11477,Yosenju Shinchu R,WIND,4,Rock,0,2100,91420254,effect_pendulum
11480,"Shurit, Strategist of the Nekroz",WATER,3,Warrior,300,1800,90307777,effect
11481,Great Sorcerer of the Nekroz,WATER,4,Spellcaster,1500,800,27796375,effect
11482,"Exa, Enforcer of the Nekroz",WATER,5,Dragon,2000,1000,53180020,effect
11483,Nekroz of Clausolas,WATER,3,Warrior,1200,2300,99185129,ritual
11484,Nekroz of Brionac,WATER,6,Warrior,2300,1400,26674724,ritual
11485,Nekroz of Trishula,WATER,9,Warrior,2700,2000,52068432,ritual
11486,Nekroz of Unicore,WATER,4,Spellcaster,2300,1000,89463537,ritual
11487,Nekroz of Valkyrus,WATER,8,Spellcaster,2900,1700,25857246,ritual
11488,Nekroz of Catastor,WATER,5,Dragon,2200,1200,52846880,ritual
11489,Nekroz of Decisive Armor,WATER,10,Dragon,3300,2300,88240999,ritual
11492,Ritual Beast Tamer Lara,WIND,1,Psychic,100,2000,87118301,effect
11493,Ritual Beast Tamer Elder,WIND,2,Psychic,200,1000,14513016,effect
11494,Ritual Beast Tamer Wen,WIND,3,Psychic,1500,1000,40907115,effect
11495,Spiritual Beast Apelio,WIND,4,Pyro,1800,200,86396750,effect
11496,Spiritual Beast Pettlephin,WIND,4,Aqua,0,2000,13890468,effect
11497,Spiritual Beast Cannahawk,WIND,4,Thunder,1400,600,49885567,effect
11503,Lancephorhynchus,WIND,6,Dinosaur,2500,800,48940337,normal_pendulum
11505,"Rubic, Malebranche of the Burning Abyss",DARK,3,Fiend,100,2100,734741,effect
11506,"Alich, Malebranche of the Burning Abyss",DARK,3,Fiend,1200,0,47728740,effect
11507,"Calcab, Malebranche of the Burning Abyss",DARK,3,Fiend,1400,0,73213494,effect
11510,U.A. Midfielder,EARTH,4,Warrior,1200,1000,72491806,effect
11511,U.A. Goalkeeper,EARTH,6,Warrior,1000,2800,9485511,effect
11515,Heavy Knight of the Flame,FIRE,4,Zombie,1800,200,34761062,effect
11516,BOXer,EARTH,4,Warrior,1800,1000,61156777,effect
11517,Kabuki Dragon,LIGHT,6,Dragon,2300,2100,7541475,effect
11521,Performapal Fire Mufflerlion,FIRE,3,Beast,800,800,33823832,effect_pendulum
11522,Performapal Partnaga,EARTH,5,Reptile,500,2100,69211541,effect_pendulum
11523,Performapal Friendonkey,EARTH,3,Beast,1600,600,96606246,effect
11524,Performapal Spikeagle,WIND,2,Winged Beast,900,900,22091345,effect
11525,Performapal Stamp Turtle,WATER,4,Aqua,100,1800,65195959,effect
11526,Performapal Trump Witch,DARK,1,Spellcaster,100,100,91584698,effect_pendulum
11527,Superheavy Samurai Flutist,EARTH,3,Machine,500,1000,27978707,effect
11528,Superheavy Samurai Trumpeter,EARTH,2,Machine,300,600,64373401,effect
11529,Superheavy Samurai Soulpiercer,EARTH,4,Machine,1200,0,90361010,effect
11530,Superheavy Samurai Soulbeads,EARTH,1,Machine,0,0,27756115,effect
11531,Raidraptor - Vanishing Lanius,DARK,4,Winged Beast,1300,1600,53251824,effect
11532,Gem-Knight Lapis,EARTH,3,Rock,1200,100,99645428,normal
11533,Infernoid Antra,FIRE,2,Fiend,0,2000,26034577,effect
11534,Infernoid Harmadik,FIRE,3,Fiend,1600,0,52038272,effect
11535,Infernoid Patrulea,FIRE,4,Fiend,1800,0,89423971,effect
11536,Infernoid Piaty,FIRE,5,Fiend,2200,0,25811989,effect
11537,Infernoid Seitsemas,FIRE,7,Fiend,2600,0,51316684,effect
11538,Infernoid Attondel,FIRE,8,Fiend,2800,0,88301393,effect
11539,Infernoid Onuncu,FIRE,10,Fiend,3000,3000,14799437,effect
11540,Qliphort Monolith,EARTH,5,Machine,2400,1000,51194046,normal_pendulum
11541,Qliphort Cephalopod,EARTH,7,Machine,2800,1000,87588741,effect_pendulum
11542,Qliphort Stealth,EARTH,8,Machine,2800,1000,13073850,effect_pendulum
11543,Apoqliphort Skybase,EARTH,9,Machine,2900,2500,40061558,effect
11544,Satellarknight Capella,LIGHT,4,Warrior,1100,2000,86466163,effect
11545,Satellarknight Rigel,LIGHT,4,Warrior,1900,700,13851202,effect
11546,Yosenju Magat,WIND,6,Beast,2000,100,49249907,effect
11547,Yosenju Tsujik,WIND,4,Beast-Warrior,1000,0,25244515,effect
11548,Dance Princess of the Nekroz,WATER,4,Spellcaster,1600,800,52738610,effect
11549,Spiritual Beast Rampengu,WIND,4,Beast,1600,400,88123329,effect
11550,Morphtronic Smartfon,EARTH,1,Machine,100,100,15521027,effect
11551,Jinzo - Jector,DARK,4,Machine,800,2000,51916032,effect
11552,Skilled Blue Magician,LIGHT,4,Spellcaster,1800,1800,88901771,effect
11553,Koa'ki Meiru Overload,EARTH,4,Rock,1900,1200,14309486,effect
11554,Jigabyte,WATER,4,Reptile,1500,200,40894584,effect
11555,Caius the Mega Monarch,DARK,8,Fiend,2800,1000,87288189,effect
11556,Thunderclap Skywolf,LIGHT,7,Thunder,2500,2000,13683298,effect
11557,Lightning Rod Lord,LIGHT,4,Thunder,1800,100,40672993,effect
11558,Dragon Dowser,EARTH,4,Wyrm,1500,1500,76066541,effect
11559,Frontline Observer,EARTH,4,Machine,1000,1500,12451640,effect
11560,Uni-Zombie,DARK,3,Zombie,1300,0,49959355,effect
11561,Deskbot 003,EARTH,3,Machine,500,500,75944053,effect
11562,Legendary Maju Garzett,DARK,8,Fiend,0,0,12338068,effect
11563,Marmiting Captain,EARTH,3,Warrior,1200,400,48737767,effect
11564,Nekroz of Gungnir,WATER,7,Spellcaster,2500,1700,74122412,ritual
11601,Crystal Master,DARK,3,Spellcaster,1300,1000,87475570,effect_pendulum
11602,Crystal Keeper,FIRE,4,Warrior,1500,1800,14469229,effect_pendulum
11605,Heavy Freight Train Derricrane,EARTH,10,Machine,2800,2000,13647631,effect
11608,Symphonic Warrior Guitaar,WIND,3,Machine,1500,100,12525049,effect_pendulum
11609,Symphonic Warrior Synthess,WIND,4,Machine,1200,1900,49919798,effect
11615,Performapal Pendulum Sorcerer,EARTH,4,Spellcaster,1500,800,47075569,effect_pendulum
11616,D/D/D Oblivion King Abyss Ragnarok,DARK,8,Fiend,2200,3000,74069667,effect_pendulum
11620,Jet Synchron,FIRE,1,Machine,500,0,9742784,effect
11621,Rush Warrior,WIND,2,Warrior,300,1200,36736723,effect
11622,Synchron Carrier,EARTH,2,Machine,0,1000,62125438,effect
11630,Dragoons of Draconia,FIRE,4,Beast-Warrior,1800,200,73779005,normal_pendulum
11632,"Farfa, Malebranche of the Burning Abyss",DARK,3,Fiend,1000,1900,36553319,effect
11633,"Libic, Malebranche of the Burning Abyss",DARK,3,Fiend,1300,700,62957424,effect
11634,"Cagna, Malebranche of the Burning Abyss",DARK,3,Fiend,1500,300,9342162,effect
11635,"Malacoda, Netherlord of the Burning Abyss",DARK,6,Fiend,2700,2200,35330871,ritual
11637,U.A. Playmaker,EARTH,8,Warrior,2600,2000,98229575,effect
11638,U.A. Blockbacker,EARTH,7,Warrior,1600,2700,34614289,effect
11641,Junk Giant,EARTH,6,Machine,2000,2400,34492631,effect
11642,Absolute King Back Jack,DARK,1,Fiend,0,0,60990740,effect
11643,Rose Paladin,EARTH,4,Warrior,1800,200,96385345,effect
11644,"Ghost Charon, the Underworld Boatman",DARK,2,Zombie,500,0,23379054,effect
11645,Peropero Cerperus,EARTH,3,Beast,0,1800,69764158,effect
11646,"Tristan, Knight of the Underworld",DARK,4,Zombie,1800,0,96163807,effect
11647,"Isolde, Belle of the Underworld",DARK,4,Zombie,1000,0,22657402,effect
11657,Harpie Harpist,WIND,4,Winged Beast,1700,600,56585883,effect
11658,Dragong,EARTH,4,Machine,500,2100,83980492,normal_pendulum
11659,Mandragon,EARTH,5,Plant,2500,1000,19474136,normal_pendulum
11664,Fiendish Rhino Warrior,EARTH,3,Fiend,1400,900,81035362,effect
11665,Cuben,LIGHT,4,Thunder,600,1900,17530001,effect
11666,World Carrotweight Champion,DARK,4,Plant,1900,0,44928016,effect
11676,Phantom Gryphon,WIND,4,Winged Beast,2000,0,74852097,normal
11677,Performapal Elephammer,EARTH,6,Beast,2600,1800,340002,effect
11678,Performapal Bowhopper,EARTH,4,Insect,1500,1000,37745740,effect
11679,Performapal Lizardraw,EARTH,3,Reptile,1200,600,73130445,effect_pendulum
11680,Performapal Springoose,WIND,5,Winged Beast,1100,2400,128454,effect
11681,Superheavy Samurai Big Waraji,EARTH,5,Machine,800,1800,36523152,effect
11682,Superheavy Samurai Gigagloves,EARTH,3,Machine,100,1000,62017867,effect
11683,Superheavy Samurai Battleball,DARK,2,Machine,100,800,9402966,effect
11684,Superheavy Samurai Soulbuster Gauntlet,EARTH,1,Machine,0,400,35800511,effect
11685,Soprano the Melodious Songstress,LIGHT,4,Fairy,1400,1400,62895219,effect
11686,Fluffal Sheep,EARTH,2,Fairy,400,800,98280324,effect
11687,Edge Imp Saw,DARK,3,Fiend,500,1000,34688023,effect
11688,Edge Imp Chain,DARK,4,Fiend,1200,1800,61173621,effect
11689,Edge Imp Tomahawk,DARK,4,Fiend,1800,800,97567736,effect
11690,Edge Imp Frightfuloid,DARK,4,Fiend,1300,1300,34566435,effect
11691,Raidraptor - Sharp Lanius,DARK,4,Winged Beast,1700,1000,60950180,effect
11692,Raidraptor - Mimicry Lanius,DARK,4,Winged Beast,1100,1900,96345188,effect
11693,Yosenju Kodam,WIND,1,Beast-Warrior,0,0,23740893,effect
11694,Yosenju Oyam,WIND,6,Beast,-1,-1,69838592,effect
11695,Satellarknight Zefrathuban,LIGHT,4,Warrior,0,2100,96223501,effect_pendulum
11696,Stellarknight Zefraxciton,LIGHT,4,Fiend,1900,0,22617205,effect_pendulum
11697,Shaddoll Zefranaga,DARK,2,Spellcaster,900,100,58016954,effect_pendulum
11698,Shaddoll Zefracore,DARK,4,Rock,450,1950,95401059,effect_pendulum
11699,"Zefraxi, Treasure of the Yang Zing",EARTH,3,Wyrm,1500,0,21495657,effect_pendulum
11700,"Zefraniu, Secret of the Yang Zing",EARTH,6,Wyrm,0,2600,58990362,effect_pendulum
11701,"Zefrasaber, Swordmaster of the Nekroz",WATER,4,Spellcaster,1500,800,84388461,effect_pendulum
11702,"Zefraxa, Flame Beast of the Nekroz",FIRE,5,Dragon,2000,1000,20773176,effect_pendulum
11703,Ritual Beast Tamer Zeframpilica,WIND,3,Psychic,1000,1500,57777714,effect_pendulum
11704,Ritual Beast Tamer Zefrawendi,WIND,3,Psychic,1500,1000,23166823,effect_pendulum
11705,Infernoid Pirmais,FIRE,1,Fiend,0,0,60551528,effect
11706,Infernoid Sjette,FIRE,6,Fiend,2400,0,96055137,effect
11707,Infernoid Devyaty,FIRE,9,Fiend,2900,2900,23440231,effect
11708,Ghost Ogre & Snow Rabbit,LIGHT,3,Psychic,0,1800,59438930,effect
11709,Magma Dragon,FIRE,4,Wyrm,1600,1200,95833645,effect
11710,Deskbot 004,EARTH,4,Machine,500,500,22227683,effect
11711,Doomdog Octhros,DARK,3,Fiend,800,800,58616392,effect
11712,Putrid Pudding Body Buddies,WATER,1,Fiend,300,300,85101097,effect
11713,Nekroz of Sophia,LIGHT,11,Spellcaster,3600,3400,21105106,ritual
11756,Mithra the Thunder Vassal,LIGHT,2,Thunder,800,1000,22404675,effect
11757,Berlineth the Firestorm Vassal,FIRE,3,Pyro,800,1000,59808784,effect
11758,Landrobe the Rock Vassal,EARTH,4,Rock,800,1000,95993388,effect
11759,Garum the Storm Vassal,WIND,3,Winged Beast,800,1000,22382087,effect
11760,Lucius the Shadow Vassal,DARK,1,Fiend,800,1000,58786132,effect
11762,"Neptabyss, the Atlantean Prince",WATER,1,Sea Serpent,800,0,21565445,effect
11767,Raidraptor - Tribute Lanius,DARK,4,Winged Beast,1800,400,83236601,effect
11768,Odd-Eyes Saber Dragon,LIGHT,7,Dragon,2800,2000,19221310,effect
11769,D/D/D Dragon King Pendragon,DARK,7,Fiend,2600,2400,56619314,effect
11770,Sea Dragoons of Draconia,WATER,3,Sea Serpent,200,2100,82114013,normal_pendulum
11772,"Draghig, Malebranche of the Burning Abyss",DARK,3,Fiend,1100,900,45593826,effect
11773,"Barbar, Malebranche of the Burning Abyss",DARK,3,Fiend,1700,1000,81992475,effect
11776,U.A. Dreadnought Dunker,EARTH,7,Warrior,2500,1800,71279983,effect
11777,U.A. Rival Rebounder,EARTH,6,Warrior,2200,2300,17264592,effect
11780,Kaiser Sea Snake,WATER,8,Sea Serpent,2500,1000,6442944,effect
11781,Junk Breaker,EARTH,4,Warrior,1800,1000,43436049,effect
11784,Wisdom-Eye Magician,LIGHT,4,Spellcaster,1500,1500,72714461,effect_pendulum
11785,Mystery Shell Dragon,DARK,4,Wyrm,2000,0,18108166,normal
11786,Risebell the Summoner,WIND,3,Psychic,800,800,45103815,normal_pendulum
11787,Xiangke Magician,DARK,7,Spellcaster,2500,500,71692913,effect_pendulum
11788,Xiangsheng Magician,LIGHT,4,Spellcaster,500,1500,17086528,effect_pendulum
11789,Performapal Camelump,EARTH,4,Beast,800,1800,44481227,effect_pendulum
11790,Performapal Drummerilla,EARTH,5,Beast,1600,900,70479321,effect_pendulum
11791,Superheavy Samurai Blowtorch,EARTH,1,Machine,500,300,7864030,effect
11792,Opera the Melodious Diva,LIGHT,4,Fairy,2300,1000,43268675,effect
11793,Tamtam the Melodious Diva,LIGHT,4,Fairy,1000,2000,79757784,effect
11794,Fluffal Mouse,EARTH,1,Fairy,100,100,6142488,effect
11795,D/D Pandora,DARK,5,Fiend,1700,2100,32146097,effect
11796,Crystal Rose,LIGHT,2,Rock,500,500,79531196,effect
11797,Raidraptor - Fuzzy Lanius,DARK,4,Winged Beast,500,1500,5929801,effect
11798,Raidraptor - Singing Lanius,DARK,4,Winged Beast,100,100,31314549,effect
11799,Performage Damage Juggler,LIGHT,4,Spellcaster,1500,1000,68819554,effect
11800,Performage Flame Eater,FIRE,4,Spellcaster,1200,1600,4807253,effect
11801,Performage Hat Tricker,EARTH,4,Spellcaster,1100,1100,31292357,effect
11802,Performage Trick Clown,LIGHT,4,Spellcaster,1600,1200,67696066,effect
11803,Performage Stilts Launcher,EARTH,6,Spellcaster,2200,0,4081665,effect
11804,Red-Eyes Black Flare Dragon,DARK,7,Dragon,2400,2000,30079770,effect
11805,The Black Stone of Legend,DARK,1,Dragon,0,0,66574418,effect
11806,Black Metal Dragon,DARK,1,Dragon,600,600,93969023,effect
11807,Red-Eyes Archfiend of Lightning,DARK,6,Fiend,2500,1200,39357122,effect
11808,Keeper of the Shrine,DARK,4,Dragon,0,2100,66752837,effect
11809,"Luster Pendulum, the Dracoslayer",LIGHT,4,Dragon,1850,0,92746535,effect_pendulum
11810,Igknight Squire,FIRE,3,Warrior,0,2000,24131534,normal_pendulum
11811,Igknight Crusader,FIRE,3,Warrior,1600,300,61639289,normal_pendulum
11812,Igknight Templar,FIRE,4,Warrior,1700,1300,97024987,normal_pendulum
11813,Igknight Paladin,FIRE,4,Warrior,1400,1900,24019092,normal_pendulum
11814,Igknight Margrave,FIRE,5,Warrior,1500,2500,50407691,normal_pendulum
11815,Igknight Gallant,FIRE,6,Warrior,2100,2200,96802306,normal_pendulum
11816,Igknight Lancer,FIRE,7,Warrior,2600,1800,23296404,effect
11817,Igknight Champion,FIRE,8,Warrior,2800,2300,59785059,effect
11818,Aromage Jasmine,LIGHT,2,Plant,100,1900,96789758,effect
11819,Aromage Cananga,EARTH,3,Plant,1400,1000,22174866,effect
11820,Aromage Rosemary,WATER,4,Plant,1800,700,58569561,effect
11821,Aromage Bergamot,FIRE,6,Plant,2400,1800,85967160,effect
11822,Aroma Jar,WIND,1,Rock,500,400,21452275,effect
11823,Infernoid Decatron,FIRE,1,Fiend,500,200,58446973,effect
11824,Bird of Paradise Lost,DARK,8,Wyrm,2700,1500,84845628,effect
11825,Magical Abductor,EARTH,4,Spellcaster,1700,1400,10239627,effect_pendulum
11826,Archfiend Eccentrick,LIGHT,3,Fiend,800,1000,57624336,effect_pendulum
11827,Toon Cyber Dragon,LIGHT,5,Machine,2100,1600,83629030,effect
11828,Deskbot 005,EARTH,5,Machine,500,500,10117149,effect_pendulum
11829,"Retaliating ""C""",EARTH,4,Insect,1400,1400,46502744,effect
11865,Dwarf Star Dragon Planeter,LIGHT,4,Dragon,1700,1200,67310848,effect
11866,Mekanikal Arkfiend,DARK,4,Fiend,100,2100,93715853,effect
11869,Geargianchor,EARTH,4,Machine,1800,500,92693205,effect
11871,"Dragodies, the Empowered Warrior",LIGHT,4,Warrior,1500,1500,65472618,effect_pendulum
11872,"Dragonox, the Empowered Warrior",DARK,4,Warrior,1500,1500,92870717,effect_pendulum
11873,"Aether, the Evil Empowering Dragon",DARK,6,Dragon,2300,1600,28865322,effect_pendulum
11875,Caninetaur,FIRE,3,Beast-Warrior,1500,200,91754175,effect
11876,Dino-Sewing,EARTH,4,Fiend,0,0,27143874,effect
11877,Mare Mare,WATER,7,Wyrm,2100,1400,54537489,effect
11881,Legendary Knight Critias,LIGHT,8,Warrior,2800,1800,85800949,effect
11887,Legendary Knight Hermos,LIGHT,8,Warrior,2800,1800,84565800,effect
11894,Lord of the Red,FIRE,8,Dragon,2400,2100,19025379,ritual
11896,Paladin of Dark Dragon,DARK,4,Dragon,1900,1200,71408082,ritual
11900,Toon Ancient Gear Golem,EARTH,8,Machine,3000,3000,7171149,effect
11907,Prediction Princess Coinorma,EARTH,3,Fairy,800,1400,32231618,effect
11908,Prediction Princess Petalelf,EARTH,3,Fairy,800,700,68625727,effect
11909,Prediction Princess Astromorrigan,DARK,3,Fairy,1300,0,5010422,effect
11910,Prediction Princess Arrowsylph,WIND,4,Fairy,1000,1400,31118030,effect
11911,Prediction Princess Crystaldine,WATER,5,Fairy,1400,2200,67503139,effect
11912,Prediction Princess Tarotrei,LIGHT,9,Fairy,2700,1200,94997874,ritual
11916,Aquaactress Tetra,WATER,1,Aqua,300,300,39260991,effect
11917,Aquaactress Guppy,WATER,2,Aqua,600,600,66668900,effect
11918,Aquaactress Arowana,WATER,6,Aqua,2000,2000,92053608,effect
11923,Infernity Patriarch,DARK,4,Fiend,1000,2000,54320860,effect
11924,Gogogo Aristera & Dexia,EARTH,4,Rock,0,2200,91718579,effect
11925,Wicked Acolyte Chilam Sabak,DARK,8,Reptile,2500,0,27103517,effect
11926,Galaxy Worm,LIGHT,3,Insect,1200,1000,54507222,effect
11927,The Winged Dragon of Ra - Sphere Mode,DIVINE,10,Divine-Beast,-1,-1,10000080,effect
11929,Red-Eyes Retro Dragon,DARK,4,Dragon,1700,1600,53485634,effect
11933,Dharma-Eye Magician,LIGHT,7,Spellcaster,2000,2500,88757791,effect_pendulum
11934,Dragonpulse Magician,EARTH,4,Spellcaster,1800,900,15146890,normal_pendulum
11935,Dragonpit Magician,WATER,7,Spellcaster,900,2700,51531505,normal_pendulum
11936,Nobledragon Magician,FIRE,3,Spellcaster,700,1400,88935103,effect_pendulum
11937,Oafdragon Magician,WIND,6,Spellcaster,2100,1400,14920218,effect_pendulum
11938,Performapal Skullcrobat Joker,DARK,4,Spellcaster,1800,100,40318957,effect_pendulum
11943,Dystopia the Despondent,DARK,12,Fiend,5000,5000,52085072,effect
11945,Performapal Secondonkey,EARTH,4,Beast,1000,2000,15978426,effect
11946,Performapal Splashmammoth,WATER,6,Beast,1900,2300,52963531,effect_pendulum
11947,Performapal Helpprincess,DARK,4,Warrior,1200,1200,88358139,effect
11948,Superheavy Samurai Thief,EARTH,10,Machine,1000,1000,14756848,effect
11949,Superheavy Samurai Transporter,EARTH,5,Machine,1200,1800,41141943,effect
11950,Superheavy Samurai Drum,EARTH,1,Machine,300,300,87535691,effect
11951,Superheavy Samurai Soulhorns,EARTH,1,Machine,0,300,14624296,effect
11952,Superheavy Samurai Soulclaw,EARTH,2,Machine,500,500,40028305,effect
11953,Fluffal Wings,LIGHT,1,Fairy,100,100,72413000,effect
11954,D/D Berfomet,DARK,4,Fiend,1400,1800,19808608,effect
11955,D/D Swirl Slime,DARK,2,Fiend,200,200,45206713,effect
11956,D/D Necro Slime,DARK,1,Fiend,300,300,72291412,effect
11957,Raidraptor - Wild Vulture,DARK,6,Winged Beast,1600,2000,8785161,effect
11958,Raidraptor - Skull Eagle,DARK,3,Winged Beast,1000,500,45184165,effect
11959,Performage Mirror Conductor,LIGHT,4,Spellcaster,600,1400,71578874,effect_pendulum
11960,Performage Plushfire,FIRE,4,Spellcaster,1000,1000,7563579,effect_pendulum
11961,The Legendary Fisherman III,WATER,7,Warrior,2500,2000,44968687,effect
11962,Assault Blackwing - Kunai the Drizzle,DARK,5,Winged Beast,2100,1600,70456282,effect
11963,Charging Gaia the Fierce Knight,LIGHT,7,Warrior,2300,2100,7841921,effect
11964,Sphere Kuriboh,DARK,1,Fiend,300,200,33245030,effect
11965,Super Soldier Soul,EARTH,1,Warrior,0,0,79234734,effect
11966,Beginning Knight,LIGHT,4,Warrior,500,2000,6628343,effect
11967,Evening Twilight Knight,DARK,4,Warrior,500,2000,32013448,effect
11968,"Vector Pendulum, the Dracoverlord",DARK,4,Dragon,1850,0,69512157,normal_pendulum
11969,Majespecter Cat - Nekomata,WIND,3,Spellcaster,100,1800,5506791,effect_pendulum
11970,Majespecter Raccoon - Bunbuku,WIND,3,Spellcaster,1200,900,31991800,effect_pendulum
11971,Majespecter Crow - Yata,WIND,4,Spellcaster,1000,1500,68395509,effect_pendulum
11972,Majespecter Fox - Kyubi,WIND,4,Spellcaster,1500,1000,94784213,effect_pendulum
11973,Majespecter Unicorn - Kirin,WIND,6,Spellcaster,2000,2000,31178212,effect_pendulum
11974,Igknight Cavalier,FIRE,5,Warrior,2400,1200,67273917,normal_pendulum
11975,Igknight Veteran,FIRE,6,Warrior,1300,2700,93662626,normal_pendulum
11976,Graydle Slime,WATER,5,Aqua,0,2000,20056760,effect
11977,Graydle Alligator,WATER,3,Aqua,500,1500,66451379,effect
11978,Graydle Cobra,WATER,3,Aqua,1000,1000,93445074,effect
11979,Graydle Eagle,WATER,3,Aqua,1500,500,29834183,effect
11980,Skilled Red Magician,DARK,4,Spellcaster,1600,1600,65338781,effect
11981,Giant Pairfish,WATER,6,Wyrm,2000,1200,92723496,effect
11982,Toon Barrel Dragon,DARK,7,Machine,2600,2200,28112535,effect
11983,Deskbot 006,EARTH,6,Machine,500,500,55106249,effect_pendulum
11984,Pot of The Forbidden,EARTH,9,Rock,2000,3000,91501248,effect
11985,Dr. Frankenderp,DARK,3,Psychic,300,300,27995943,effect
11986,Black Luster Soldier - Super Soldier,EARTH,8,Warrior,3000,2500,54484652,ritual
12025,Bujin Hiruko,LIGHT,4,Beast-Warrior,1000,2000,70026064,normal_pendulum
12028,Artifact Vajra,LIGHT,5,Fairy,1800,1900,69304426,effect
12029,Symphonic Warrior Miccs,WIND,5,Machine,2300,1100,5399521,effect_pendulum
12030,Performapal Trumpanda,EARTH,3,Beast,800,800,32787239,effect_pendulum
12031,Sky Dragoons of Draconia,WIND,5,Winged Beast,2200,200,68182934,normal_pendulum
12033,Kozmo Farmgirl,LIGHT,3,Psychic,1500,1000,31061682,effect
12034,Kozmo Goodwitch,LIGHT,4,Psychic,1800,1000,67050396,effect
12035,Kozmo Sliprider,LIGHT,5,Machine,2300,800,94454495,effect
12036,Kozmo Forerunner,LIGHT,7,Machine,2800,1400,20849090,effect
12038,"Dogoran, the Mad Flame Kaiju",FIRE,8,Dinosaur,3000,1200,93332803,effect
12039,"Kumongous, the Sticky String Kaiju",EARTH,7,Insect,2400,2500,29726552,effect
12041,Black Luster Soldier - Sacred Soldier,LIGHT,8,Warrior,3000,2500,92510265,effect
12042,Arisen Gaia the Fierce Knight,DARK,7,Warrior,2300,2100,29904964,effect
12047,Speedroid Terrortop,WIND,3,Machine,1200,600,81275020,effect
12048,Speedroid Tri-Eyed Dice,WIND,3,Machine,300,1500,27660735,effect
12049,Speedroid Double Yoyo,WIND,4,Machine,1400,1400,53054833,effect
12050,Speedroid Razorang,WIND,4,Machine,2000,0,80559548,effect
12051,Speedroid Menko,WIND,4,Machine,100,2000,16947147,effect
12052,Speedroid Taketomborg,WIND,3,Machine,600,1200,53932291,effect
12053,Speedroid Ohajikid,WIND,3,Machine,1000,200,89326990,effect
12054,Speedroid Red-Eyed Dice,WIND,1,Machine,100,100,16725505,effect
12060,Red Sprinter,FIRE,4,Fiend,1700,1200,14886469,effect
12061,Red Resonator,FIRE,2,Fiend,600,200,40975574,effect
12062,Synkron Resonator,DARK,1,Fiend,100,100,77360173,effect
12063,Chain Resonator,LIGHT,1,Fiend,100,100,13764881,effect
12064,Mirror Resonator,LIGHT,1,Fiend,0,0,40159926,effect
12067,PSY-Frame Driver,LIGHT,6,Psychic,2500,0,49036338,normal
12068,PSY-Framegear Alpha,LIGHT,1,Psychic,500,0,75425043,effect
12069,PSY-Framegear Beta,LIGHT,1,Psychic,700,0,2810642,effect
12070,PSY-Framegear Gamma,LIGHT,2,Psychic,1000,0,38814750,effect
12071,PSY-Framegear Delta,LIGHT,2,Psychic,1200,0,74203495,effect
12072,PSY-Framegear Epsilon,LIGHT,2,Psychic,1500,0,1697104,effect
12089,Relinkuriboh,DARK,1,Fiend,300,200,50185950,effect
12090,Ehther the Heavenly Monarch,LIGHT,8,Fairy,2800,1000,96570609,effect
12091,Erebus the Underworld Monarch,DARK,8,Zombie,2800,1000,23064604,effect
12092,Eidos the Underworld Squire,DARK,2,Spellcaster,800,1000,59463312,effect
12093,Edea the Heavenly Squire,LIGHT,1,Warrior,800,1000,95457011,effect
12097,Gagaga Head,DARK,6,Spellcaster,2100,2000,67120578,effect
12098,Samurai Cavalry of Reptier,EARTH,4,Dinosaur,1800,1200,93124273,effect_pendulum
12100,Kozmo Strawman,LIGHT,2,Psychic,500,1800,56907986,effect
12101,Kozmoll Wickedwitch,DARK,4,Psychic,1900,300,93302695,effect
12102,Kozmo DOG Fighter,DARK,6,Machine,2000,2400,29491334,effect
12103,Kozmo Dark Destroyer,DARK,8,Machine,3000,1800,55885348,effect
12105,"Radian, the Multidimensional Kaiju",DARK,7,Fiend,2800,2500,28674152,effect
12106,"Gameciel, the Sea Turtle Kaiju",WATER,8,Aqua,2200,3000,55063751,effect
12109,Tuning Magician,DARK,1,Spellcaster,0,0,54941203,effect
12110,Timebreaker Magician,DARK,3,Spellcaster,1400,0,80335817,effect_pendulum
12111,Performapal Monkeyboard,EARTH,6,Beast,1000,2400,17330916,effect_pendulum
12112,Performapal Guitartle,WATER,1,Aqua,300,400,53724621,effect_pendulum
12113,Performapal Bit Bite Turtle,WATER,3,Reptile,800,1200,89113320,effect_pendulum
12114,Performapal Rain Goat,WATER,1,Beast,0,0,16617334,effect
12115,Performapal Trump Girl,DARK,2,Spellcaster,200,200,42002073,effect_pendulum
12116,Superheavy Samurai Magnet,EARTH,4,Machine,900,1900,89091772,effect
12117,Superheavy Samurai Prepped Defense,EARTH,3,Machine,100,2100,15495787,effect
12118,Superheavy Samurai General Jade,EARTH,8,Machine,1800,2800,42880485,effect_pendulum
12119,Superheavy Samurai General Coral,EARTH,1,Machine,300,500,78274190,effect_pendulum
12120,Solo the Melodious Songstress,LIGHT,4,Fairy,1600,1000,14763299,effect
12121,Score the Melodious Diva,LIGHT,2,Fairy,200,200,41767843,effect
12122,Blackwing - Harmattan the Dust,DARK,2,Winged Beast,800,800,77152542,effect
12123,Twilight Ninja Shingetsu,DARK,4,Warrior,1500,100,14541657,effect
12124,"Twilight Ninja Nichirin, the Chunin",DARK,6,Warrior,2300,1000,40945356,effect
12125,"Twilight Ninja Getsuga, the Shogun",DARK,8,Warrior,2000,3000,76930964,effect
12126,"Buster Blader, the Destruction Swordmaster",EARTH,7,Warrior,2600,2300,3428069,effect
12127,Buster Whelp of the Destruction Swordsman,LIGHT,1,Dragon,400,300,49823708,effect
12128,Dragon Buster Destruction Sword,DARK,1,Dragon,400,300,76218313,effect
12129,Wizard Buster Destruction Sword,DARK,3,Spellcaster,1200,900,2602411,effect
12130,Robot Buster Destruction Sword,DARK,4,Machine,1600,1200,38601126,effect
12131,"Master Pendulum, the Dracoslayer",LIGHT,4,Dragon,1950,0,75195825,normal_pendulum
12132,Dinomist Stegosaur,WATER,4,Machine,1600,1800,1580833,effect_pendulum
12133,Dinomist Plesios,WATER,4,Machine,1700,1400,38988538,effect_pendulum
12134,Dinomist Pteran,WATER,4,Machine,1800,1200,64973287,effect_pendulum
12135,Dinomist Brachion,WATER,5,Machine,2000,800,368382,effect_pendulum
12136,Dinomist Ceratops,WATER,5,Machine,2100,400,37752990,effect_pendulum
12137,Dinomist Rex,WATER,5,Machine,2400,2200,63251695,effect_pendulum
12138,Majespecter Toad - Ogama,WIND,4,Spellcaster,1300,500,645794,effect_pendulum
12139,Shiranui Spectralsword,FIRE,2,Zombie,800,0,36630403,effect
12140,Shiranui Smith,FIRE,4,Zombie,1000,0,62038047,effect
12141,Shiranui Spiritmaster,FIRE,4,Zombie,1500,0,99423156,effect
12142,Shiranui Samurai,FIRE,4,Zombie,1800,0,35818851,effect
12143,Dark Doriado,DARK,4,Spellcaster,1800,1400,62312469,effect_pendulum
12144,Guiding Ariadne,LIGHT,4,Fairy,1700,800,98301564,effect_pendulum
12145,Al-Lumi'raj,WIND,3,Wyrm,1600,1000,25795273,effect
12146,Toon Buster Blader,EARTH,7,Warrior,2600,2300,61190918,effect
12147,Deskbot 007,EARTH,7,Machine,500,500,97588916,effect_pendulum
12148,Deskbot 008,EARTH,8,Machine,500,500,24573625,effect_pendulum
12149,Engraver of the Mark,DARK,4,Spellcaster,1800,1200,50078320,effect
12150,Zany Zebra,DARK,2,Beast,0,2000,97466438,effect_pendulum
12151,Odd-Eyes Gravity Dragon,EARTH,7,Dragon,2800,2500,23851033,ritual
12198,The Phantom Knights of Ancient Cloak,DARK,3,Warrior,800,1000,90432163,effect
12199,The Phantom Knights of Silent Boots,DARK,3,Warrior,200,1200,36426778,effect
12200,The Phantom Knights of Ragged Gloves,DARK,3,Warrior,1000,500,63821877,effect
12201,The Phantom Knights of Cloven Helm,DARK,4,Warrior,1500,500,99315585,effect
12202,The Phantom Knights of Fragile Armor,DARK,4,Warrior,1000,2000,36704180,effect
12209,Raidraptor - Necro Vulture,DARK,4,Winged Beast,1000,1600,51814159,effect
12210,Raidraptor - Last Strix,DARK,1,Winged Beast,100,100,97219708,effect
12215,Super Quantum Red Layer,FIRE,5,Warrior,2000,800,59975920,effect
12216,Super Quantum Green Layer,WIND,4,Spellcaster,1600,1400,85374678,effect
12217,Super Quantum Blue Layer,WATER,3,Psychic,1200,2000,12369277,effect
12218,Super Quantal Fairy Alphan,LIGHT,1,Fairy,0,0,58753372,effect
12225,D/D/D Chaos King Apocalypse,DARK,7,Fiend,2700,2000,83303851,effect_pendulum
12226,D/D Savant Newton,DARK,7,Fiend,0,0,19302550,effect_pendulum
12227,D/D Savant Copernicus,DARK,4,Fiend,0,0,46796664,effect_pendulum
12228,D/D Orthros,DARK,4,Fiend,600,1800,72181263,effect_pendulum
12229,D/D Lamia,DARK,1,Fiend,100,1900,19580308,effect
12234,The Winged Dragon of Ra - Immortal Phoenix,DIVINE,10,Divine-Beast,4000,4000,10000090,effect
12235,Curse of Dragonfire,DARK,5,Dragon,2000,1500,7241272,effect
12236,Holding Arms,DARK,4,Fiend,500,1200,43730887,effect
12237,Holding Legs,DARK,4,Fiend,800,600,70124586,effect
12241,Steel Cavalry of Dinon,EARTH,4,Dinosaur,1600,2600,2396042,effect_pendulum
12243,Kozmo Tincan,LIGHT,1,Psychic,0,0,64280356,effect
12244,Kozmo Soartroopers,DARK,3,Psychic,1000,1000,1274455,effect
12245,Kozmo Delta Shuttle,DARK,5,Machine,2000,2000,37679169,effect
12246,Kozmo Dark Eclipser,DARK,9,Machine,3000,2600,64063868,effect
12248,"Gadarla, the Mystery Dust Kaiju",WIND,8,Insect,2700,1600,36956512,effect
12249,"Jizukiru, the Star Destroying Kaiju",LIGHT,10,Machine,3300,2600,63941210,effect
12251,Priestess with Eyes of Blue,LIGHT,1,Spellcaster,0,0,36734924,effect
12253,Blue-Eyes Alternative White Dragon,LIGHT,8,Dragon,3000,2500,38517737,effect
12254,Angmarl the Fiendish Monarch,DARK,6,Fiend,2400,1000,65612386,effect
12255,Junk Changer,EARTH,3,Warrior,1500,900,1006081,effect
12256,Junkuriboh,EARTH,1,Machine,300,200,38491199,effect
12273,Angel Trumpeter,EARTH,4,Plant,1900,1600,87979586,normal
12274,Performapal Sellshell Crab,WATER,5,Aqua,500,2500,23377694,effect_pendulum
12275,Performapal Odd-Eyes Light Phoenix,LIGHT,5,Winged Beast,2000,1000,59762399,effect_pendulum
12276,Performapal Odd-Eyes Unicorn,LIGHT,1,Beast,100,600,86157908,effect_pendulum
12277,Performapal Fireflux,LIGHT,4,Insect,1200,1600,12255007,effect_pendulum
12278,Speedroid Den-Den Daiko Duke,WIND,3,Machine,1000,1000,59640711,effect
12279,Speedroid Pachingo-Kart,WIND,4,Machine,1800,1000,85034450,effect
12280,Lunalight Blue Cat,DARK,4,Beast-Warrior,1600,1200,11439455,effect
12281,Lunalight Purple Butterfly,DARK,3,Beast-Warrior,1000,1000,48427163,effect
12282,Lunalight White Rabbit,DARK,2,Beast-Warrior,800,800,84812868,effect
12283,Lunalight Black Sheep,DARK,2,Beast-Warrior,100,600,11317977,effect
12284,Lunalight Wolf,LIGHT,6,Beast-Warrior,2000,1800,47705572,effect_pendulum
12285,Lunalight Tiger,LIGHT,3,Beast-Warrior,1200,800,83190280,effect_pendulum
12286,Raidraptor - Avenge Vulture,DARK,4,Winged Beast,1700,100,10194329,effect
12287,Raidraptor - Pain Lanius,DARK,1,Winged Beast,100,100,46589034,effect
12288,Raidraptor - Booster Strix,DARK,4,Winged Beast,100,1700,73977033,effect
12289,Blackwing - Decay the Ill Wind,DARK,4,Winged Beast,1000,1000,19462747,effect
12290,Dragon Spirit of White,LIGHT,8,Dragon,2500,2000,45467446,effect
12291,Protector with Eyes of Blue,LIGHT,1,Spellcaster,800,1300,72855441,effect
12292,Sage with Eyes of Blue,LIGHT,1,Spellcaster,0,1500,8240199,effect
12293,Master with Eyes of Blue,LIGHT,1,Spellcaster,300,1200,45644898,effect
12294,The White Stone of Ancients,LIGHT,1,Dragon,600,500,71039903,effect
12295,"Lector Pendulum, the Dracoverlord",DARK,4,Dragon,1950,0,7127502,effect_pendulum
12296,Amorphage Gluttony,EARTH,2,Dragon,0,1850,34522216,effect_pendulum
12297,Amorphage Lechery,EARTH,2,Dragon,1350,0,70917315,effect_pendulum
12298,Amorphage Greed,EARTH,4,Dragon,0,1950,7305060,effect_pendulum
12299,Amorphage Envy,EARTH,4,Dragon,0,2050,33300669,effect_pendulum
12300,Amorphage Wrath,EARTH,4,Dragon,1650,0,79794767,effect_pendulum
12301,Amorphage Pride,EARTH,4,Dragon,1750,0,6283472,effect_pendulum
12302,Amorphage Sloth,EARTH,6,Dragon,2250,0,32687071,effect_pendulum
12303,Amorphage Goliath,EARTH,8,Dragon,2750,0,69072185,effect_pendulum
12304,Dinomist Spinos,WATER,5,Machine,2500,1800,5067884,effect_pendulum
12305,Digital Bug Cocoondenser,LIGHT,3,Insect,0,2000,32465539,effect
12306,Digital Bug Centibit,LIGHT,3,Insect,1500,500,68950538,effect
12307,Digital Bug Websolder,LIGHT,3,Insect,500,1500,94344242,effect
12308,Red-Eyes Toon Dragon,DARK,7,Dragon,2400,2000,31733941,effect
12309,Ryu Okami,LIGHT,8,Wyrm,2900,1200,63737050,effect
12310,Tenmataitei,DARK,5,Warrior,2400,1000,90122655,effect
12311,Spirit of the Fall Wind,WIND,4,Fairy,1800,900,26517393,effect
12312,Ghost Reaper & Winter Cherries,DARK,3,Zombie,0,1800,62015409,effect
12313,Gendo the Ascetic Monk,WATER,4,Spellcaster,300,1800,99000107,effect
12314,Deskbot 009,EARTH,9,Machine,500,500,25494711,effect
12315,Dicelops,FIRE,4,Machine,1800,200,62893810,effect
12316,"Amorphactor Pain, the Imagination Dracoverlord",EARTH,8,Dragon,2950,2500,98287529,ritual
12353,Celtic Guard of Noble Arms,EARTH,4,Warrior,2100,700,45531624,effect
12354,Gandora-X the Dragon of Demolition,DARK,8,Dragon,0,0,71525232,effect
12355,Lord Gaia the Fierce Knight,EARTH,7,Warrior,2300,2100,8910971,effect
12356,Lemon Magician Girl,LIGHT,2,Spellcaster,800,600,34318086,effect
12357,Palladium Oracle Mahad,LIGHT,7,Spellcaster,2500,2100,71703785,effect
12358,Chocolate Magician Girl,WATER,4,Spellcaster,1600,1000,7198399,effect
12359,Arkbrave Dragon,LIGHT,7,Dragon,2400,2000,33282498,effect
12360,Divine Dragon Lord Felgrand,LIGHT,8,Dragon,2800,2800,60681103,effect
12361,Paladin of Felgrand,LIGHT,4,Warrior,1700,300,6075801,effect
12362,Guardian of Felgrand,LIGHT,4,Warrior,500,500,33460840,effect
12370,Lunalight Crimson Fox,DARK,4,Beast-Warrior,1800,600,94919024,effect
12371,Performapal Sleight Hand Magician,LIGHT,7,Spellcaster,2500,2000,20403123,effect
12372,Performapal King Bear,EARTH,6,Beast-Warrior,2200,1000,67808837,effect_pendulum
12373,Performapal Swincobra,EARTH,4,Reptile,300,1800,93892436,effect_pendulum
12374,Performapal Momoncarpet,EARTH,3,Beast,1000,100,20281581,effect_pendulum
12375,Performapal Parrotrio,WIND,3,Winged Beast,500,500,56675280,effect_pendulum
12376,Performapal Longphone Bull,EARTH,4,Beast,1600,1200,92170894,effect
12377,Performapal Teeter Totter Hopper,EARTH,4,Insect,100,1200,29169993,effect
12382,Dragon Knight of Creation,LIGHT,4,Dragon,1800,600,87835759,effect
12383,Magical Cavalry of Cxulub,EARTH,4,Dinosaur,1500,1800,23220863,effect_pendulum
12385,Kozmo Scaredy Lion,LIGHT,2,Psychic,1200,500,86013171,effect
12386,Kozmoll Dark Lady,DARK,5,Psychic,2200,1800,12408276,effect
12387,Kozmo Landwalker,DARK,6,Machine,2400,1200,59496924,effect
12388,Kozmo Dark Planet,DARK,10,Machine,4000,4000,85991529,effect
12390,"Thunder King, the Lightningstrike Kaiju",LIGHT,9,Thunder,3300,2100,48770333,effect
12391,Super Anti-Kaiju War Machine Mecha-Dogoran,LIGHT,8,Machine,-1,2000,84769941,effect
12393,Mild Turkey,FIRE,4,Winged Beast,1000,2000,47558785,normal_pendulum
12394,Ghost Beef,DARK,7,Beast,2000,1000,84046493,normal_pendulum
12395,"Vennu, Bright Bird of Divinity",LIGHT,8,Fairy,2800,2000,10441498,ritual
12399,Clear Kuriboh,LIGHT,1,Fairy,300,200,46613515,effect
12400,Performapal Bot-Eyes Lizard,EARTH,4,Reptile,1600,1200,72708264,effect
12401,Performapal Gongato,EARTH,1,Beast,100,100,9106362,effect_pendulum
12402,Performapal Extra Slinger,DARK,3,Spellcaster,800,1100,45591967,effect_pendulum
12403,Performapal Inflater Tapir,WIND,6,Beast,1000,2000,71985676,effect
12404,Performapal Gumgumouton,EARTH,5,Beast,900,2400,8384771,effect_pendulum
12405,Performapal Bubblebowwow,EARTH,6,Beast,2300,1000,34379489,effect_pendulum
12406,Performapal Radish Horse,EARTH,4,Plant,500,2000,71863024,effect_pendulum
12407,Performapal Life Swordsman,LIGHT,1,Warrior,0,0,7268133,effect
12408,Acrobatic Magician,DARK,5,Spellcaster,800,2300,33656832,effect_pendulum
12409,D/D Savant Thomas,DARK,8,Fiend,1800,2600,41546,effect_pendulum
12410,D/D Savant Nikola,DARK,6,Fiend,2000,2000,46035545,effect_pendulum
12411,Blackwing - Tornado the Reverse Wind,DARK,4,Winged Beast,1000,1200,73534250,effect
12412,Blackwing - Gofu the Vague Shadow,DARK,5,Winged Beast,0,0,9929398,effect
12413,Red Warg,FIRE,6,Fiend,1400,2200,45313993,effect
12414,Red Gardna,FIRE,4,Fiend,0,2000,72318602,effect
12415,Red Mirror,FIRE,1,Fiend,0,0,8706701,effect
12416,Magician of Dark Illusion,DARK,7,Spellcaster,2100,2500,35191415,effect
12417,Magician's Robe,DARK,2,Spellcaster,700,2000,71696014,effect
12418,Magician's Rod,DARK,3,Spellcaster,1600,100,7084129,effect
12419,"Master Peace, the True Dracoslayer",LIGHT,8,Dragon,2950,2950,34079868,effect
12420,Metalfoes Steelen,FIRE,2,Psychic,0,2100,60473572,normal_pendulum
12421,Metalfoes Silverd,FIRE,3,Psychic,1700,100,7868571,normal_pendulum
12422,Metalfoes Goldriver,FIRE,4,Psychic,1900,500,33256280,normal_pendulum
12423,Metalfoes Volflame,FIRE,7,Psychic,2400,2000,69351984,normal_pendulum
12424,"True King Agnimazud, the Vanisher",FIRE,9,Wyrm,2900,1900,96746083,effect
12425,Dinomist Ankylos,WATER,4,Machine,1500,2000,32134638,effect_pendulum
12426,Triamid Dancer,EARTH,3,Rock,600,1900,69529337,effect
12427,Triamid Hunter,EARTH,3,Rock,1400,1100,95923441,effect
12428,Triamid Master,EARTH,4,Rock,1800,700,32912040,effect
12429,Triamid Sphinx,EARTH,10,Rock,2500,2500,68406755,effect
12430,Shiranui Solitaire,FIRE,4,Zombie,500,0,94801854,effect
12431,Toon Dark Magician,DARK,7,Spellcaster,2500,2100,21296502,effect
12432,Scapeghost,DARK,1,Zombie,0,0,67284107,effect
12433,Block Dragon,EARTH,8,Rock,2500,3000,94689206,effect
12434,Amaterasu,LIGHT,9,Fairy,3000,3000,20073910,effect
12435,Black Dragon Ninja,DARK,7,Beast,2800,1600,56562619,effect
12436,Spell Strider,EARTH,4,Warrior,1800,600,93966624,effect
12437,Zap Mustung,LIGHT,4,Thunder,1600,1500,29951323,effect
12438,Totem Five,FIRE,3,Rock,500,200,56346071,effect
12439,Tuning Gum,DARK,1,Fiend,400,1200,82744076,effect
12440,Wrecker Panda,EARTH,2,Beast,800,800,28139785,effect
12441,Fairy Tail - Snow,LIGHT,4,Spellcaster,1850,1000,55623480,effect
12480,Odd-Eyes Persona Dragon,DARK,5,Dragon,1200,2400,21250202,effect_pendulum
12481,Odd-Eyes Mirage Dragon,DARK,3,Dragon,1200,600,67754901,effect_pendulum
12482,Odd-Eyes Phantom Dragon,DARK,7,Dragon,2500,2000,93149655,effect_pendulum
12483,Duza the Meteor Cubic Vessel,LIGHT,4,Machine,1600,1600,20137754,effect
12485,Kaiser Vorse Raider,DARK,5,Beast-Warrior,1900,1200,93927067,effect
12486,Assault Wyvern,LIGHT,4,Dragon,1800,1000,29311166,effect
12487,Blue-Eyes Chaos MAX Dragon,DARK,8,Dragon,4000,0,55410871,ritual
12488,Deep-Eyes White Dragon,LIGHT,10,Dragon,0,0,22804410,effect
12489,Pandemic Dragon,DARK,7,Dragon,2500,1000,68299524,effect
12495,Sentry Soldier of Stone,EARTH,3,Rock,1300,2000,57354389,effect
12496,Marshmacaron,LIGHT,1,Fairy,200,200,93749093,effect
12497,Berry Magician Girl,EARTH,1,Spellcaster,400,400,20747792,effect
12498,Apple Magician Girl,FIRE,3,Spellcaster,1200,800,56132807,effect
12499,Kiwi Magician Girl,WIND,5,Spellcaster,1800,1200,82627406,effect
12500,Silver Gadget,LIGHT,4,Machine,1500,1000,29021114,effect
12501,Gold Gadget,LIGHT,4,Machine,1700,800,55010259,effect
12515,Vijam the Cubic Seed,DARK,1,Fiend,0,0,15610297,effect
12516,Dark Garnex the Cubic Beast,EARTH,2,Beast,0,0,41114306,effect
12517,Blade Garoodia the Cubic Beast,FIRE,3,Beast,0,0,78509901,effect
12518,Buster Gundil the Cubic Behemoth,LIGHT,4,Beast,0,0,4998619,effect
12519,Geira Guile the Cubic King,WIND,2,Fairy,0,0,40392714,effect
12520,Vulcan Dragni the Cubic King,FIRE,3,Fairy,0,0,77387463,effect
12521,Indiora Doom Volt the Cubic Emperor,LIGHT,4,Fairy,0,0,3775068,effect
12522,Crimson Nova the Dark Cubic Lord,DARK,10,Fiend,3000,0,30270176,effect
12530,Performapal Uni,LIGHT,4,Beast-Warrior,800,1500,7714344,effect
12531,Performapal Corn,LIGHT,3,Beast-Warrior,600,1000,33103459,effect
12532,Raidraptor - Napalm Dragonius,DARK,4,Winged Beast,1000,1000,60508057,effect
12540,Red Nova,FIRE,1,Fairy,0,0,21142671,effect
12541,Zushin the Sleeping Giant,EARTH,10,Warrior,0,0,67547370,effect
12542,Hand-Holding Genie,DARK,4,Fiend,1000,1600,94535485,effect
12551,Cipher Wing,LIGHT,4,Machine,1400,1200,81974607,effect
12554,Flower Cardian Pine,DARK,1,Warrior,100,100,81752019,effect
12555,Flower Cardian Zebra Grass,DARK,8,Warrior,100,100,17141718,effect
12556,Flower Cardian Willow,DARK,11,Warrior,100,100,54135423,effect
12557,Flower Cardian Paulownia,DARK,12,Warrior,100,100,80630522,effect
12558,Flower Cardian Pine with Crane,DARK,1,Warrior,2000,2000,16024176,effect
12559,Flower Cardian Zebra Grass with Moon,DARK,8,Warrior,2000,2000,43413875,effect
12560,Flower Cardian Willow with Calligrapher,DARK,11,Warrior,2000,2000,89818984,effect
12561,Flower Cardian Paulownia with Phoenix,DARK,12,Warrior,2000,2000,16802689,effect
12564,Silent Swordsman,LIGHT,4,Warrior,1000,1000,15180041,effect
12565,Silent Magician,LIGHT,4,Spellcaster,1000,1000,41175645,effect
12573,Alpha The Electromagnet Warrior,EARTH,3,Rock,1700,1100,42023223,effect
12574,Beta The Electromagnet Warrior,EARTH,3,Rock,1500,1500,79418928,effect
12575,Gamma The Electromagnet Warrior,EARTH,3,Rock,800,2000,15502037,effect
12576,Berserkion the Electromagna Warrior,EARTH,8,Rock,3000,2800,42901635,effect
12577,Kuribohrn,LIGHT,1,Fiend,300,200,78355370,effect
12582,A-Assault Core,LIGHT,4,Machine,1900,200,30012506,effect
12583,B-Buster Drake,LIGHT,4,Machine,1500,1800,77411244,effect
12584,C-Crush Wyvern,LIGHT,4,Machine,1200,2000,3405259,effect
12585,Heavy Mech Support Armor,LIGHT,3,Machine,500,500,39890958,effect
12591,Dragon Core Hexer,DARK,8,Dragon,2300,3000,38955728,normal
12592,Performapal Whim Witch,DARK,3,Spellcaster,800,800,64450427,effect_pendulum
12593,Performapal Flip Hippo,EARTH,3,Beast,800,800,91449532,effect
12594,Performapal Seal Eel,WATER,1,Fish,100,100,33833230,effect_pendulum
12595,Performapal Changeraffe,EARTH,1,Beast,100,500,69228245,effect_pendulum
12596,Predaplant Flytrap,DARK,2,Plant,400,800,96622984,effect
12597,Predaplant Moray Nepenthes,DARK,4,Plant,1600,1000,22011689,effect
12598,Predaplant Squid Drosera,DARK,2,Plant,800,400,69105797,effect
12599,Superheavy Samurai Soulpeacemaker,EARTH,1,Machine,0,0,95500396,effect
12600,Cipher Twin Raptor,LIGHT,4,Machine,1600,800,21999001,effect
12601,Cipher Mirror Knight,LIGHT,4,Warrior,0,0,58383100,effect
12602,Flower Cardian Clover with Boar,DARK,7,Warrior,1000,1000,94388754,effect
12603,Flower Cardian Maple with Deer,DARK,10,Warrior,1000,1000,21772453,effect
12604,Flower Cardian Peony with Butterfly,DARK,6,Warrior,1000,1000,57261568,effect
12605,Crystron Quan,WATER,1,Machine,500,500,93665266,effect
12606,Crystron Citree,WATER,2,Machine,500,500,20050865,effect
12607,Crystron Prasiortle,WATER,2,Machine,500,2000,56049970,effect
12608,Crystron Smiger,WATER,3,Machine,1000,1800,83443619,effect
12609,Crystron Thystvern,WATER,3,Machine,1500,1500,29838323,effect
12610,Crystron Rosenix,WATER,4,Machine,1800,1000,55326322,effect
12611,"True King Bahrastos, the Fathomer",WATER,9,Wyrm,1800,3000,82321037,effect
12612,Raremetalfoes Bismugear,FIRE,1,Psychic,0,0,18716735,effect_pendulum
12613,Chemicritter Hydron Hawk,WATER,2,Winged Beast,1400,700,55100740,effect
12614,Chemicritter Carbo Crab,FIRE,2,Aqua,700,1400,81599449,effect
12615,Chemicritter Oxy Ox,WIND,2,Beast,0,2100,18993198,effect
12616,Poly-Chemicritter Dioxogre,DARK,8,Fiend,2800,200,44088292,effect
12617,Poly-Chemicritter Hydragon,WATER,8,Dragon,200,2800,80476891,effect
12618,Meteor Dragon Red-Eyes Impact,DARK,6,Dragon,1800,2000,17871506,effect
12619,PSY-Frame Multi-Threader,LIGHT,6,Psychic,0,2500,43266605,effect
12620,Graydle Slime Jr.,WATER,2,Aqua,0,2000,80250319,effect
12621,Aromaseraphy Angelica,LIGHT,1,Plant,0,0,16759958,effect
12622,Doki Doki,EARTH,2,Rock,500,500,42143067,effect
12623,Torque Tune Gear,LIGHT,1,Machine,0,0,79538761,effect
12624,Pandora's Jewelry Box,DARK,4,Wyrm,1500,1500,15936370,effect_pendulum
12625,Fairy Tail - Sleeper,LIGHT,4,Spellcaster,1850,1000,42921475,effect
12626,Cyber Angel Vrash,LIGHT,10,Fairy,3000,2000,78316184,ritual
12627,"Sauravis, the Ancient and Ascended",LIGHT,7,Dragon,2600,2800,4810828,ritual
12671,Divine Serpent Geh,DARK,12,Reptile,-1,0,82103466,effect
12672,Silent Paladin,LIGHT,4,Fairy,500,1500,19502505,effect
12673,Performapal Handsamuraiger,EARTH,4,Beast-Warrior,1800,400,55997110,effect
12674,Patchwork Fluffal,EARTH,1,Fairy,0,0,81481818,effect
12675,Ancient Gear Gadget,EARTH,4,Machine,500,2000,18486927,effect
12676,Ancient Gear Reactor Dragon,EARTH,9,Machine,3000,3000,44874522,effect
12677,Ancient Gear Hydra,EARTH,7,Machine,2700,1700,81269231,effect
12678,Ancient Gear Wyvern,EARTH,4,Machine,1700,1200,17663375,effect
12682,Magical Something,DARK,4,Spellcaster,1800,1300,43930492,effect
12684,Subterror Nemesis Warrior,EARTH,4,Warrior,1800,1200,16719140,effect
12685,Subterror Behemoth Umastryx,EARTH,7,Reptile,2000,2700,42713844,effect
12686,Subterror Behemoth Stalagmo,EARTH,10,Rock,2800,2100,78202553,effect
12688,SPYRAL Super Agent,EARTH,4,Warrior,1900,1200,41091257,effect
12689,SPYRAL Quik-Fix,EARTH,1,Machine,500,400,78080961,effect
12690,SPYRAL GEAR - Drone,WIND,1,Machine,100,100,4474060,effect
12692,Krystal Dragon,LIGHT,6,Dragon,2500,1000,77363314,effect
12693,Performapal Lebellman,LIGHT,6,Fairy,100,2600,3752422,effect_pendulum
12697,Abyss Actor - Trendy Understudy,DARK,2,Fiend,700,700,39024589,effect_pendulum
12701,Performapal Gold Fang,LIGHT,4,Beast,1800,700,64207696,effect_pendulum
12702,Destiny HERO - Drilldark,DARK,4,Warrior,1600,1200,91691605,effect
12703,Destiny HERO - Dynatag,DARK,5,Warrior,1000,1000,37780349,effect
12704,Destiny HERO - Decider,DARK,4,Warrior,1600,1000,64184058,effect
12706,Destiny HERO - Dark Angel,DARK,1,Warrior,0,0,26964762,effect
12707,Destiny HERO - Celestial,DARK,4,Warrior,1600,1400,63362460,effect
12708,D Cubed,DARK,1,Machine,0,0,99357565,effect
12710,Abyss Actor - Evil Heel,DARK,8,Fiend,3000,2000,52240819,effect_pendulum
12711,Abyss Actor - Funky Comedian,DARK,1,Fiend,300,200,99634927,effect_pendulum
12712,Abyss Actor - Superstar,DARK,7,Fiend,2500,1800,25629622,effect_pendulum
12713,Abyss Actor - Sassy Rookie,DARK,4,Fiend,1700,1000,51028231,effect_pendulum
12714,Abyss Actor - Extras,DARK,1,Fiend,100,100,88412339,effect_pendulum
12715,Abyss Actor - Leading Lady,DARK,4,Fiend,1500,1000,24907044,effect_pendulum
12716,Abyss Actor - Wild Hope,DARK,4,Fiend,1600,1200,51391183,effect_pendulum
12723,Darklord Morningstar,DARK,11,Fairy,3000,3000,25451652,effect
12724,Darklord Ixchel,DARK,10,Fairy,2500,2900,52840267,effect
12725,Darklord Tezcatlipoca,DARK,9,Fairy,2800,2100,88234365,effect
12726,Darklord Nasten,DARK,7,Fairy,2600,2600,25339070,effect
12727,Darklord Amdusc,DARK,6,Fairy,1800,2800,51728779,effect
12735,Delta The Magnet Warrior,EARTH,4,Rock,1600,1400,12262393,effect
12736,Dragoncaller Magician,DARK,7,Spellcaster,2400,1000,45667991,effect_pendulum
12737,Performapal Handstandaccoon,EARTH,2,Beast,400,600,81055000,effect_pendulum
12738,Performapal Dag Daggerman,EARTH,5,Warrior,2000,600,17540705,effect_pendulum
12739,Performapal Laugh Maker,LIGHT,8,Spellcaster,2500,2000,44944304,effect_pendulum
12740,Speedroid Gum Prize,WIND,1,Machine,0,800,70939418,effect
12741,Speedroid Horse Stilts,WIND,4,Machine,1100,1100,17328157,effect
12742,Windwitch - Ice Bell,WIND,3,Spellcaster,1000,1000,43722862,effect
12743,Windwitch - Snow Bell,WIND,1,Spellcaster,100,100,70117860,effect
12744,Fusion Parasite,DARK,1,Insect,0,0,6205579,effect
12745,Cyber Tutubon,EARTH,5,Warrior,1800,1600,42600274,effect
12746,Cipher Etranger,LIGHT,1,Spellcaster,0,0,79094383,effect
12747,Flower Cardian Cherry Blossom with Curtain,DARK,3,Warrior,2000,2000,5489987,effect
12748,Ancient Gear Hunting Hound,EARTH,3,Machine,1000,1000,42878636,effect
12749,Zoodiac Ratpier,EARTH,4,Beast-Warrior,0,0,78872731,effect
12750,Zoodiac Bunnyblast,EARTH,4,Beast-Warrior,800,800,4367330,effect
12751,Zoodiac Whiptail,EARTH,4,Beast-Warrior,1200,400,31755044,effect
12752,Zoodiac Thoroughblade,EARTH,4,Beast-Warrior,1600,0,77150143,effect
12753,Zoodiac Ramram,EARTH,4,Beast-Warrior,400,2000,4145852,effect
12754,"True King Lithosagym, the Disaster",EARTH,9,Wyrm,2500,2300,30539496,effect
12755,Crystron Rion,WATER,3,Machine,500,500,66938505,effect
12756,Crystron Sulfefnir,WATER,5,Machine,2000,1500,3422200,effect
12757,Shinobird Crow,WIND,4,Winged Beast,0,0,39817919,effect
12758,Shinobird Crane,WIND,4,Winged Beast,1500,1500,66815913,effect
12759,Shinobird Pigeon,WIND,4,Winged Beast,1000,1800,92200612,effect
12760,Envoy of Chaos,DARK,4,Warrior,1500,0,38695361,effect
12761,Spiritual Beast Tamer Winda,WIND,4,Psychic,1600,1800,65193366,effect
12762,"Tierra, Source of Destruction",LIGHT,11,Fiend,3400,3600,91588074,effect
12763,Miscellaneousaurus,FIRE,4,Dinosaur,1800,1000,38572779,effect
12764,Apprentice Piper,DARK,2,Spellcaster,100,1500,64977888,effect
12765,"Hebo, Lord of the River",WATER,4,Aqua,1800,600,90365482,effect
12766,Yokotuner,EARTH,1,Beast,800,600,27750191,effect
12767,Eater of Millions,DARK,1,Fiend,-1,-1,63845230,effect
12768,Wightprincess,LIGHT,3,Zombie,1600,0,90243945,effect
12769,Metrognome,EARTH,4,Fairy,1800,1600,26638543,effect_pendulum
12770,Fairy Tail - Rella,LIGHT,4,Spellcaster,1850,1000,52022648,effect
12771,Cyber Angel Natasha,LIGHT,5,Fairy,1000,1000,99427357,ritual
12772,Shinobaroness Peacock,WIND,8,Winged Beast,2500,3000,25415052,ritual
12773,Shinobaron Peacock,WIND,8,Winged Beast,3000,2500,52900000,ritual
12817,Apprentice Illusion Magician,DARK,6,Spellcaster,2000,1700,30603688,effect
12820,Subterror Nemesis Archer,EARTH,3,Fairy,1600,1400,39581190,effect
12821,Subterror Behemoth Stygokraken,EARTH,5,Sea Serpent,1400,2600,65976795,effect
12822,Subterror Behemoth Ultramafus,EARTH,12,Pyro,3000,1800,92970404,effect
12824,Charming Resort Staff,LIGHT,3,Fairy,300,200,64753157,effect
12825,SPYRAL Master Plan,DARK,7,Spellcaster,1200,2800,91258852,effect
12829,Speedroid Passinglider,WIND,5,Machine,2200,2000,26420373,effect_pendulum
12830,Predaplant Sarraceniant,DARK,1,Plant,100,600,53819028,effect
12831,Predaplant Drosophyllum Hydra,DARK,5,Plant,800,2300,99913726,effect
12832,Predaplant Pterapenthes,DARK,3,Plant,300,2100,26308721,effect
12833,Predaplant Spinodionaea,DARK,4,Plant,1800,0,52792430,effect
12834,Predaplant Chlamydosundew,DARK,2,Plant,600,200,89181134,effect
12840,Fluffal Octopus,WATER,1,Fairy,800,800,87246309,effect
12841,Fluffal Penguin,WATER,4,Fairy,1600,1100,13241004,effect
12843,Aleister the Invoker,DARK,4,Spellcaster,1000,1800,86120752,effect
12855,Harmonizing Magician,DARK,4,Spellcaster,0,0,73941492,effect_pendulum
12860,Lunalight Kaleido Chick,DARK,4,Beast-Warrior,1400,800,35618217,effect
12861,Windwitch - Glass Bell,WIND,4,Spellcaster,1500,1500,71007216,effect
12863,Superheavy Samurai Wagon,EARTH,4,Machine,1200,1800,34496660,effect
12865,Abyss Actor - Twinkle Little Star,DARK,4,Fiend,1000,1000,7279373,effect_pendulum
12873,Subterror Nemesis Defender,EARTH,2,Beast-Warrior,100,2000,68823957,effect
12874,Subterror Behemoth Dragossuary,EARTH,6,Zombie,2400,1600,95218695,effect
12875,Subterror Behemoth Voltelluric,EARTH,9,Thunder,1900,3000,21607304,effect
12877,SPYGAL Misty,DARK,4,Spellcaster,1500,1600,94096018,effect
12878,SPYRAL Tough,WIND,4,Warrior,1900,1500,20584712,effect
12881,Performapal Ballad,EARTH,3,Plant,500,1100,66768175,effect_pendulum
12882,Performapal Barracuda,EARTH,3,Plant,500,1100,92767273,effect_pendulum
12883,Speedroid Dominobutterfly,WIND,2,Machine,100,300,28151978,effect_pendulum
12889,Brohunder,LIGHT,4,Thunder,900,400,27217742,effect
12893,Wandering King Wildwind,DARK,4,Fiend,1700,1300,52589809,effect
12896,Gozuki,EARTH,4,Zombie,1700,800,52467217,effect
12899,Diabound Kernel,DARK,5,Fiend,1800,1200,51644030,effect
12901,Elemental HERO Honest Neos,LIGHT,7,Warrior,2500,2000,14124483,effect
12903,Dark Summoning Beast,DARK,5,Fiend,0,0,87917187,effect
12906,Astrograph Sorcerer,DARK,7,Spellcaster,2500,2000,76794549,effect_pendulum
12907,Chronograph Sorcerer,DARK,6,Spellcaster,2000,1700,12289247,effect_pendulum
12908,Double Iris Magician,DARK,4,Spellcaster,1500,1000,49684352,effect_pendulum
12909,Black Fang Magician,DARK,4,Spellcaster,1700,800,75672051,effect_pendulum
12910,White Wing Magician,WIND,4,Spellcaster,1600,1400,11067666,effect_pendulum
12911,Purple Poison Magician,DARK,4,Spellcaster,1200,2100,48461764,effect_pendulum
12915,Performapal Sky Magician,WIND,7,Spellcaster,2500,2000,73734821,effect
12916,Performapal Sky Pupil,LIGHT,3,Spellcaster,800,800,122520,effect
12917,Performapal Revue Dancer,LIGHT,3,Spellcaster,800,1000,36527535,effect
12918,Performapal U Go Golem,DARK,4,Fiend,1600,1000,73511233,effect_pendulum
12919,Performapal Coin Dragon,WATER,4,Dragon,1700,1000,9000988,effect_pendulum
12920,Speedroid Skull Marbles,WIND,7,Machine,0,3000,35494087,effect
12921,Speedroid Maliciousmagnet,WIND,1,Machine,0,0,62899696,effect
12922,Speedroid Rubberband Plane,WIND,5,Machine,1800,0,8284390,effect
12923,Predaplant Ophrys Scorpio,DARK,3,Plant,1200,800,35272499,effect
12924,Predaplant Darlingtonia Cobra,DARK,3,Plant,1000,1500,61677004,effect
12925,Predaplant Cordyceps,DARK,1,Plant,0,0,7161742,effect
12926,Lyrilusc - Cobalt Sparrow,WIND,1,Winged Beast,0,100,34550857,effect
12927,Lyrilusc - Sapphire Swallow,WIND,1,Winged Beast,100,0,60954556,effect
12928,Lyrilusc - Turquoise Warbler,WIND,1,Winged Beast,100,100,97949165,effect
12929,D/D Ghost,DARK,2,Fiend,600,300,33334269,effect
12930,Double Resonator,FIRE,1,Fiend,0,0,60832978,effect
12931,Supreme King Gate Zero,DARK,7,Fiend,0,0,96227613,effect_pendulum
12932,Supreme King Gate Infinity,DARK,7,Fiend,0,0,22211622,effect_pendulum
12933,Supreme King Dragon Darkwurm,DARK,4,Dragon,1800,1200,69610326,effect_pendulum
12934,"Majesty Maiden, the True Dracocaster",WIND,5,Wyrm,2300,1500,95004025,effect
12935,"Ignis Heat, the True Dracowarrior",FIRE,5,Wyrm,2400,1000,22499034,effect
12936,"Dinomight Knight, the True Dracofighter",WATER,6,Wyrm,2500,1200,58984738,effect
12937,"Dreiath III, the True Dracocavalry General",EARTH,6,Wyrm,2100,2800,94982447,effect
12938,"Master Peace, the True Dracoslaying King",LIGHT,8,Wyrm,2950,2950,21377582,effect
12939,"Metaltron XII, the True Dracombatant",LIGHT,9,Wyrm,3000,3000,57761191,effect
12940,"Mariamne, the True Dracophoenix",WIND,9,Wyrm,2700,2100,94160895,effect
12941,Zoodiac Kataroost,EARTH,4,Beast-Warrior,800,1200,20155904,effect
12942,Phantasm Spiral Dragon,WATER,8,Wyrm,2900,2900,56649609,normal
12943,Digital Bug LEDybug,LIGHT,3,Insect,500,0,83048208,effect
12944,Zefraath,EARTH,11,Rock,3450,2950,29432356,effect_pendulum
12945,"Ariel, Priestess of the Nekroz",WATER,4,Psychic,1000,1800,56827051,effect
12946,B.E.S. Big Core MK-3,LIGHT,8,Machine,2700,1900,82821760,effect
12947,Pendulumucho,EARTH,1,Winged Beast,0,0,18210764,effect_pendulum
12948,Baobaboon,DARK,3,Plant,1200,1000,55705473,effect
12949,Fire Cracker,FIRE,4,Fiend,1700,200,81109178,effect
12950,Ash Blossom & Joyous Spring,FIRE,3,Zombie,0,1800,14558127,effect
12951,Familiar-Possessed - Lyna,LIGHT,4,Spellcaster,1850,1500,40542825,effect
12952,Fairy Tail - Luna,LIGHT,4,Spellcaster,1850,1000,86937530,effect
12997,Ancient Gear Golem - Ultimate Pound,EARTH,8,Machine,3000,3000,95735217,effect
12999,Clear Effector,LIGHT,2,Spellcaster,0,900,58518520,effect
13009,Petiteranodon,EARTH,2,Dinosaur,500,500,82946847,effect
13010,Ultimate Conductor Tyranno,LIGHT,10,Dinosaur,3500,3200,18940556,effect
13011,Souleating Oviraptor,DARK,4,Dinosaur,1800,500,44335251,effect
13012,Megalosmasher X,WATER,4,Dinosaur,2000,0,81823360,normal
13021,Subterror Fiendess,EARTH,1,Spellcaster,800,500,74762582,effect
13022,Subterror Behemoth Phospheroglacier,EARTH,8,Aqua,2600,2500,1151281,effect
13023,Subterror Behemoth Speleogeist,EARTH,11,Fiend,3000,1400,47556396,effect
13025,SPYRAL Sleeper,LIGHT,8,Fiend,2800,1200,35699,effect
13026,SPYRAL GEAR - Last Resort,EARTH,4,Machine,1000,1000,37433748,effect
13029,Bitron,EARTH,2,Cyberse,200,2000,36211150,normal
13030,Draconnet,DARK,3,Cyberse,1400,1200,62706865,effect
13031,RAM Clouder,LIGHT,4,Cyberse,1800,1000,9190563,effect
13032,Linkslayer,EARTH,5,Cyberse,2000,600,35595518,effect
13037,Performapal Card Gardna,EARTH,3,Rock,1000,1000,37256334,effect_pendulum
13038,Edge Imp Cotton Eater,DARK,7,Fiend,2400,1600,73240432,effect_pendulum
13039,Cyberse Gadget,LIGHT,4,Cyberse,1400,300,645087,effect
13040,Cyberse Wizard,LIGHT,4,Cyberse,1800,800,36033786,effect
13041,Backup Secretary,LIGHT,3,Cyberse,1200,800,63528891,effect
13042,Stack Reviver,DARK,2,Cyberse,100,600,9523599,effect
13043,Launcher Commander,EARTH,4,Cyberse,1700,1200,35911108,effect
13044,Salvagent Driver,LIGHT,6,Cyberse,2200,2100,62306203,effect
13045,Trickstar Lilybell,LIGHT,2,Fairy,800,2000,98700941,effect
13046,Trickstar Lycoris,LIGHT,3,Fairy,1600,1200,35199656,effect
13047,Trickstar Candina,LIGHT,4,Fairy,1800,400,61283655,effect
13048,Gouki Twistcobra,EARTH,3,Warrior,1600,0,97688360,effect
13049,Gouki Suprex,EARTH,4,Warrior,1800,0,24073068,effect
13050,Gouki Riscorpio,EARTH,5,Warrior,2300,0,60461077,effect
13051,Hack Worm,DARK,1,Machine,400,0,97466712,effect
13052,Jack Wyvern,DARK,4,Machine,1800,0,23850421,effect
13053,Cracking Dragon,DARK,8,Machine,3000,0,60349525,effect
13054,Supreme King Dragon Odd-Eyes,DARK,8,Dragon,2500,2000,96733134,effect_pendulum
13055,Predaplant Banksiogre,DARK,6,Plant,2000,100,22138839,effect
13056,D/D Vice Typhon,DARK,7,Fiend,2300,2800,59123937,effect
13057,Crowned by the World Chalice,WATER,2,Spellcaster,0,2100,95511642,normal
13058,Chosen by the World Chalice,FIRE,3,Psychic,1600,0,22916281,normal
13059,Beckoned by the World Chalice,EARTH,4,Warrior,1800,0,58400390,normal
13060,World Chalice Guardragon,WIND,1,Dragon,400,400,84899094,effect
13061,Lee the World Chalice Fairy,LIGHT,2,Fairy,100,2000,21893603,effect
13062,"World Legacy - ""World Chalice""",DARK,5,Machine,0,0,57288708,effect
13063,"Jain, Twilightsworn General",DARK,4,Warrior,1800,1200,84673417,effect
13064,"Lyla, Twilightsworn Enchantress",DARK,4,Spellcaster,1700,200,10071151,effect
13065,"Lumina, Twilightsworn Shaman",DARK,3,Spellcaster,1000,1000,56166150,effect
13066,"Ryko, Twilightsworn Fighter",DARK,2,Beast,200,100,83550869,effect
13067,Punishment Dragon,DARK,8,Dragon,3000,2600,19959563,effect
13068,Rescue Ferret,EARTH,4,Beast,300,100,56343672,effect
13069,Traptrix Mantis,EARTH,4,Insect,1500,1300,82738277,effect
13070,Motivating Captain,EARTH,1,Warrior,400,1200,18837926,effect
13071,Treasure Panda,EARTH,4,Beast,1100,2000,45221020,effect
13072,Zombina,EARTH,4,Zombie,1400,1500,81616639,effect
13073,Re: EX,LIGHT,4,Dinosaur,1900,1200,18000338,effect
13074,Orbital Hydralander,DARK,8,Machine,3000,1500,44009443,effect
13075,The Ascended of Thunder,LIGHT,7,Thunder,2700,2400,70493141,effect
13076,Parry Knights,EARTH,6,Warrior,2300,2100,17988746,effect
13121,D/D/D Destiny King Zero Laplace,DARK,10,Fiend,-1,0,21686473,effect_pendulum
13126,Odd-Eyes Lancer Dragon,LIGHT,8,Dragon,3000,2000,83347294,effect
13127,Performapal Odd-Eyes Minitaurus,DARK,4,Beast-Warrior,1200,1600,10731333,effect_pendulum
13128,Performapal Odd-Eyes Dissolver,DARK,8,Spellcaster,2000,2600,46136942,effect_pendulum
13129,Performapal Odd-Eyes Synchron,DARK,2,Spellcaster,200,600,82224646,effect_pendulum
13130,Performapal Five-Rainbow Magician,LIGHT,1,Spellcaster,100,100,19619755,effect_pendulum
13134,Superheavy Samurai Helper,EARTH,1,Machine,0,0,44891812,effect
13135,Superheavy Samurai Fist,EARTH,2,Machine,900,900,71386411,effect
13137,Abyss Actor - Curtain Raiser,DARK,4,Fiend,1100,1000,44179224,effect_pendulum
13139,Raidraptor - Rudder Strix,DARK,4,Winged Beast,0,1600,6552938,effect
13141,Twilight Ninja Jogen,DARK,7,Warrior,2000,1000,79441381,effect_pendulum
13142,Twilight Ninja Kagen,DARK,1,Warrior,0,2000,6830480,effect_pendulum
13143,White Moray,WATER,2,Fish,600,200,32825095,effect
13146,Amazoness Spy,EARTH,3,Warrior,800,1200,31102447,effect
13150,Gladiator Beast Noxious,DARK,5,Beast-Warrior,0,1000,67385964,effect
13153,Destiny HERO - Dreamer,DARK,1,Warrior,0,600,66262416,effect
13157,"Lazion, the Timelord",FIRE,10,Fairy,0,0,92435533,effect
13158,"Zaphion, the Timelord",WATER,10,Fairy,0,0,28929131,effect
13159,"Sadion, the Timelord",WIND,10,Fairy,0,0,65314286,effect
13160,"Kamion, the Timelord",EARTH,10,Fairy,0,0,91712985,effect
13161,Time Maiden,LIGHT,1,Fairy,0,0,27107590,effect
13168,Red-Eyes Baby Dragon,DARK,3,Dragon,1200,700,58257569,effect
13169,Gearfried the Red-Eyes Iron Knight,DARK,4,Warrior,1800,1600,85651167,effect
13172,Amazoness Princess,EARTH,3,Warrior,1200,900,84539520,effect
13173,Amazoness Baby Tiger,EARTH,2,Beast,500,500,10928224,effect
13176,The Legendary Fisherman II,WATER,5,Warrior,2200,1800,19801646,effect
13177,Citadel Whale,WATER,7,Fish,2350,2150,46290741,effect
13180,Cyberdark Cannon,DARK,3,Dragon,1600,800,45078193,effect
13181,Cyberdark Claw,DARK,3,Dragon,1600,800,82562802,effect
13184,Mixeroid,WIND,4,Machine,0,2200,71340250,effect
13188,Water Dragon Cluster,WATER,10,Sea Serpent,2800,2600,6022371,effect
13189,Duoterion,WATER,5,Dinosaur,2000,1400,43017476,effect
13192,Digitron,EARTH,2,Cyberse,1500,0,32295838,normal
13193,Dotscaper,EARTH,1,Cyberse,0,2100,18789533,effect
13194,Cliant,LIGHT,3,Cyberse,1500,1500,45778242,effect
13195,Backlinker,DARK,3,Cyberse,1600,0,71172240,effect
13196,Balancer Lord,LIGHT,4,Cyberse,1700,1200,8567955,effect
13197,ROM Cloudia,DARK,4,Cyberse,1800,0,44956694,effect
13198,Boot Staggered,LIGHT,5,Cyberse,2300,500,70950698,effect
13199,Dual Assembwurm,DARK,8,Cyberse,2800,1000,7445307,effect
13207,Samurai Skull,DARK,4,Zombie,1700,0,68989981,effect
13208,Revendread Slayer,DARK,6,Zombie,2400,0,4388680,ritual
13209,Vendread Revenants,DARK,4,Zombie,1800,200,31772684,effect
13210,Vendread Houndhorde,DARK,3,Zombie,0,2100,67267333,effect
13213,F.A. Sonic Meister,WIND,4,Machine,0,1000,67045745,effect
13214,F.A. Hang On Mach,WIND,4,Machine,0,1800,93449450,effect
13217,Defect Compiler,LIGHT,3,Cyberse,1000,1000,92327802,effect
13218,Capacitor Stalker,LIGHT,5,Cyberse,2000,1000,29716911,effect
13219,Link Infra-Flier,WIND,2,Cyberse,0,1800,65100616,effect
13220,Trickstar Narkissus,LIGHT,4,Fairy,1000,1800,91505214,effect
13221,Dark Angel,DARK,5,Fairy,0,0,28593329,effect
13222,Gouki Headbatt,EARTH,2,Warrior,800,0,54088068,effect
13223,Gateway Dragon,DARK,4,Dragon,1600,1400,91482773,effect
13224,Sniffer Dragon,DARK,2,Dragon,800,400,27877771,effect
13225,Anesthrokket Dragon,DARK,1,Dragon,0,2200,53266486,effect
13226,Autorokket Dragon,DARK,3,Dragon,1600,1000,80250185,effect
13227,Magnarokket Dragon,DARK,4,Dragon,1800,1200,26655293,effect
13228,Altergeist Marionetter,LIGHT,4,Spellcaster,1600,1700,53143898,effect
13229,Altergeist Silquitous,WIND,2,Spellcaster,800,1500,89538537,effect
13230,Altergeist Meluseek,WATER,1,Spellcaster,500,300,25533642,effect
13231,Altergeist Kunquery,EARTH,5,Spellcaster,0,2400,52927340,effect
13232,Krawler Spine,EARTH,2,Insect,300,2100,88316955,effect
13233,Krawler Axon,EARTH,2,Insect,500,1800,15710054,effect
13234,Krawler Glial,EARTH,2,Insect,700,1500,51205763,effect
13235,Krawler Receptor,EARTH,2,Insect,900,1200,83293307,effect
13236,Krawler Ranvier,EARTH,2,Insect,1100,900,10698416,effect
13237,Krawler Dendrite,EARTH,2,Insect,1300,600,46083111,effect
13238,"World Legacy - ""World Armor""",DARK,7,Machine,2500,2500,83477829,effect
13239,Metaphys Ragnarok,LIGHT,4,Wyrm,1500,1000,19476824,effect
13240,Metaphys Daedalus,LIGHT,7,Wyrm,2600,1500,45960523,effect
13241,Metaphys Nephthys,LIGHT,8,Wyrm,2400,1600,72355272,effect
13242,Metaphys Tyrant Dragon,LIGHT,8,Wyrm,2900,2500,18743376,effect
13243,Metaphys Executor,LIGHT,10,Wyrm,3000,2500,45148985,effect
13244,Mermail Abyssnerei,WATER,3,Aqua,1200,2000,71133680,effect
13245,Fire King Avatar Arvata,FIRE,4,Beast-Warrior,1800,200,18621798,effect
13246,Mecha Phantom Beast Raiten,WIND,4,Machine,1500,1500,44026393,effect
13247,The Accumulator,LIGHT,1,Thunder,0,0,70410002,effect
13248,Soldier Dragons,EARTH,2,Dragon,700,800,7805147,effect
13249,Duck Dummy,WATER,1,Winged Beast,0,0,43803845,effect
13250,Leng Ling,DARK,3,Dragon,1500,0,70298454,effect
13251,Self-Destruct Ant,EARTH,3,Insect,1500,1000,6783559,effect
13252,Amano-Iwato,EARTH,4,Rock,1900,1200,32181268,effect
13253,Fantastic Striborg,WIND,5,Machine,2200,2200,79176962,effect
13254,Destrudo the Lost Dragon's Frisson,DARK,7,Dragon,1000,3000,5560911,effect
13255,Elemental Grace Doriado,LIGHT,9,Spellcaster,0,0,32965616,effect
13256,Nimble Beaver,WATER,2,Beast,400,100,68353324,effect
13257,Muscle Medic,WATER,4,Warrior,2200,100,4848423,effect
13303,White Stingray,WATER,4,Fish,1400,1000,49930315,effect
13304,D/D/D Supersight King Zero Maxwell,DARK,7,Fiend,2800,2500,76029419,effect_pendulum
13305,Interrupt Resistor,LIGHT,6,Cyberse,0,2100,2414168,effect
13307,Secret Six Samurai - Fuma,WIND,1,Warrior,200,1800,71207871,effect
13308,Secret Six Samurai - Genba,FIRE,2,Warrior,500,2100,7291576,effect
13309,Secret Six Samurai - Hatsume,WATER,3,Warrior,1600,1500,44686185,effect
13310,Secret Six Samurai - Doji,DARK,4,Warrior,1700,1200,70180284,effect
13311,Secret Six Samurai - Kizaru,EARTH,4,Warrior,1900,1000,6579928,effect
13315,Magical Musketeer Caspar,LIGHT,3,Fiend,1200,2000,32841045,effect
13316,Magical Musketeer Doc,LIGHT,3,Fiend,1400,1200,68246154,effect
13317,Magical Musketeer Kidbrave,LIGHT,3,Fiend,1600,200,5230799,effect
13318,Magical Musketeer Starfire,LIGHT,4,Fiend,1300,1700,31629407,effect
13319,Magical Musketeer Calamity,LIGHT,4,Fiend,1500,1300,68024506,effect
13320,Magical Musketeer Wild,LIGHT,4,Fiend,1700,900,94418111,effect
13321,Magical Musket Mastermind Zakiel,LIGHT,8,Fiend,2500,2500,30907810,effect
13328,The Weather Painter Snow,EARTH,3,Fairy,0,2200,65017789,effect
13329,The Weather Painter Rain,WATER,3,Fairy,1200,1400,92411493,effect
13330,The Weather Painter Cloud,WIND,3,Fairy,1500,1000,28806532,effect
13331,The Weather Painter Sun,FIRE,3,Fairy,1600,400,54895237,effect
13332,The Weather Painter Thunder,LIGHT,3,Fairy,1700,0,91299846,effect
13333,The Weather Painter Aurora,DARK,6,Fairy,2200,2000,27784944,effect
13345,Cyberse Converter,LIGHT,2,Cyberse,1000,1000,14505685,effect
13349,Eva,LIGHT,1,Fairy,500,200,40177746,effect
13350,Sacred Arch-Airknight Parshath,LIGHT,9,Fairy,2800,2300,16261341,effect
13351,"Minerva, Scholar of the Sky",LIGHT,4,Fairy,1700,400,53666449,effect
13352,Power Angel Valkyria,LIGHT,4,Fairy,1800,1050,89055154,effect
13356,Legendary Secret of the Six Samurai,DARK,4,Warrior,500,2000,15327215,effect
13359,Odd-Eyes Arc Pendulum Dragon,DARK,7,Dragon,2700,2000,14105623,normal_pendulum
13361,Hallohallo,DARK,3,Fiend,800,600,77994337,normal_pendulum
13362,Vendread Chimera,DARK,5,Zombie,2300,0,13482075,ritual
13363,Vendread Striges,DARK,2,Zombie,500,2000,49477180,effect
13366,F.A. Whip Crosser,WIND,4,Machine,0,1000,49655592,effect
13367,F.A. Turbo Charger,WIND,6,Machine,0,1500,75059201,effect
13372,Lockout Gardna,EARTH,3,Cyberse,1000,1000,37310367,effect
13373,Striping Partner,LIGHT,4,Cyberse,1200,1600,74715061,effect
13374,Flick Clown,DARK,4,Cyberse,1000,1400,209710,effect
13375,Bitrooper,EARTH,4,Cyberse,1500,2000,36694815,effect
13376,Linkbelt Wall Dragon,EARTH,6,Dragon,0,2100,63092423,effect
13377,Shelrokket Dragon,DARK,2,Dragon,1100,2000,5087128,effect
13378,Metalrokket Dragon,DARK,4,Dragon,1700,1400,32472237,effect
13379,Tindangle Angel,DARK,4,Fiend,500,1800,68860936,effect
13380,Tindangle Base Gardna,DARK,5,Fiend,0,2300,94365540,effect
13381,Tindangle Hound,DARK,7,Fiend,2500,0,31759689,effect
13382,Tindangle Protector,DARK,3,Fiend,800,1600,67744384,effect
13383,Tindangle Intruder,DARK,6,Fiend,2200,0,94142993,effect
13384,Mekk-Knight Blue Sky,LIGHT,5,Psychic,2000,2500,20537097,effect
13385,Mekk-Knight Green Horizon,LIGHT,6,Psychic,2100,1600,66022706,effect
13386,Mekk-Knight Orange Sunset,LIGHT,6,Psychic,800,3000,93020401,effect
13387,Mekk-Knight Yellow Star,LIGHT,7,Psychic,2200,2800,29415459,effect
13388,Mekk-Knight Red Moon,LIGHT,7,Psychic,2300,2600,56809158,effect
13389,Mekk-Knight Indigo Eclipse,LIGHT,8,Psychic,2400,2400,92204263,effect
13390,Mekk-Knight Purple Nightfall,LIGHT,8,Psychic,2500,2000,28692962,effect
13391,"World Legacy - ""World Shield""",DARK,6,Machine,0,3000,55787576,effect
13392,Mythical Beast Jackal,DARK,1,Spellcaster,0,1400,91182675,effect_pendulum
13393,Mythical Beast Garuda,LIGHT,4,Spellcaster,1200,1600,28570310,effect_pendulum
13394,Mythical Beast Medusa,LIGHT,4,Spellcaster,1500,1500,54965929,effect_pendulum
13395,Mythical Beast Bashilisk,LIGHT,4,Spellcaster,1800,500,80959027,effect_pendulum
13396,Mythical Beast Jackal King,DARK,6,Spellcaster,2400,1400,27354732,effect_pendulum
13397,Mythical Beast Master Cerberus,LIGHT,8,Spellcaster,2800,2800,53842431,effect_pendulum
13398,Artifact Mjollnir,LIGHT,5,Fairy,1300,1800,80237445,effect
13399,Grappler Angler,WATER,1,Warrior,100,100,16632144,effect
13400,Mahjong Munia Maidens,WIND,2,Winged Beast,200,2000,53620899,effect
13401,D.D. Seeker,DARK,3,Psychic,1500,800,89015998,effect
13402,Ghost Bird of Bewitchment,DARK,4,Winged Beast,1300,1500,15419596,effect
13403,Desmanian Devil,EARTH,4,Beast,1700,1400,42908201,effect
13404,Wattkinetic Puppeteer,LIGHT,4,Psychic,1800,0,88392300,effect
13405,Inspector Boarder,LIGHT,4,Machine,2000,2000,15397015,effect
13406,Overtex Qoatlus,DARK,7,Dinosaur,2700,2100,41782653,effect
13407,"Contact ""C""",EARTH,6,Insect,1500,2200,87170768,effect
13408,Zombino,EARTH,4,Zombie,2000,0,14575467,normal
13453,Fire Opal Head,FIRE,6,Dinosaur,2500,1000,28363749,normal_pendulum
13459,Subterror Guru,EARTH,4,Dragon,1600,1800,16428514,effect
13462,Odd-Eyes Revolution Dragon,LIGHT,12,Dragon,-1,-1,16306932,effect_pendulum
13463,Altergeist Multifaker,DARK,3,Spellcaster,1200,800,42790071,effect
13464,Millennium-Eyes Illusionist,DARK,2,Spellcaster,0,1400,89785779,effect
13465,Illusionist Faceless Magician,DARK,5,Spellcaster,1200,2200,15173384,effect
13468,Parasite Paranoid,EARTH,2,Insect,500,300,14457896,effect
13469,Metamorphosed Insect Queen,EARTH,7,Insect,2800,2400,41456841,effect
13472,BM-4 Blast Spider,DARK,4,Machine,1400,2200,40634253,effect
13473,Desperado Barrel Dragon,DARK,8,Machine,2800,2200,76728962,effect
13480,Ancient Gear Frame,EARTH,4,Machine,1600,500,1278431,effect
13511,Formud Skipper,LIGHT,1,Cyberse,0,0,50366775,effect
13518,Datacorn,DARK,1,Cyberse,0,0,84816244,effect
13519,Garbage Collector,WIND,2,Cyberse,100,1900,11801343,effect
13520,Sea Archiver,WATER,3,Cyberse,300,2100,53309998,effect
13521,Flame Bufferlo,FIRE,3,Cyberse,1400,200,80794697,effect
13522,Lady Debug,LIGHT,4,Cyberse,1700,1400,16188701,effect
13523,Antialian,EARTH,4,Cyberse,1900,600,43583400,effect
13524,Storm Cipher,DARK,4,Cyberse,2400,0,89571015,effect
13525,Segmental Dragon,LIGHT,7,Cyberse,2600,2400,15066114,effect
13532,Yoko-Zuna Sumo Spirit,WIND,5,Warrior,2400,1000,40516623,effect_pendulum
13533,Kuro-Obi Karate Spirit,WIND,5,Warrior,2400,1000,77511331,effect_pendulum
13534,Vendread Battlelord,DARK,7,Zombie,2700,0,3909436,ritual
13535,Vendread Core,DARK,1,Zombie,0,500,49394035,effect
13538,F.A. Auto Navigator,WIND,1,Machine,0,0,39271553,effect
13552,Photon Advancer,LIGHT,4,Warrior,1000,1000,98881931,effect
13555,Trickstar Corobane,LIGHT,5,Fairy,2000,1000,98169343,effect
13556,Protron,EARTH,1,Cyberse,100,100,24154052,normal
13557,Prompthorn,DARK,1,Cyberse,200,400,50548657,effect
13558,Backup Operator,LIGHT,3,Cyberse,1200,800,97947705,effect
13559,Link Streamer,LIGHT,4,Cyberse,1600,1800,23331400,effect
13560,Degrade Buster,FIRE,7,Cyberse,2500,2500,50426119,effect
13561,Trickstar Nightshade,LIGHT,1,Fairy,100,0,86825114,effect
13562,Trickstar Mandrake,LIGHT,2,Fairy,0,1000,22219822,effect
13563,Trickstar Rhodode,LIGHT,4,Fairy,1400,1900,59604521,effect
13564,Gouki Octostretch,EARTH,1,Warrior,0,0,85008676,effect
13565,Gouki Bearhug,EARTH,6,Warrior,2400,0,12097275,effect
13566,Defrag Dragon,DARK,3,Dragon,1000,600,58582979,effect
13567,Background Dragon,DARK,5,Dragon,1600,1800,84976088,effect
13568,Tindangle Trinity,DARK,4,Fiend,0,1500,11375683,effect
13569,Altergeist Pixiel,WIND,1,Spellcaster,100,100,57769391,effect
13570,Mekk-Knight Avram,LIGHT,4,Psychic,2000,0,84754430,normal
13571,Knightmare Corruptor Iblee,DARK,2,Cyberse,0,0,10158145,effect
13572,"World Legacy - ""World Lance""",DARK,8,Machine,3000,0,46647144,effect
13573,Elementsaber Aina,EARTH,2,Warrior,900,1800,83032858,effect
13574,Elementsaber Makani,WIND,2,Warrior,1300,1200,19036557,effect
13575,Elementsaber Nalu,WATER,3,Warrior,1500,1000,46425662,effect
13576,Elementsaber Malo,FIRE,3,Warrior,1700,200,72819261,effect
13577,Elementsaber Lapauila,LIGHT,4,Warrior,400,2100,18214905,effect
13578,Elementsaber Molehu,DARK,4,Warrior,1900,0,45702014,effect
13579,Elementsaber Lapauila Mana,LIGHT,6,Warrior,2400,2100,71797713,effect
13580,Phosphorage the Elemental Lord,LIGHT,8,Fairy,2800,2200,8192327,effect
13581,Batteryman Solar,LIGHT,4,Thunder,1500,1500,44586426,effect
13582,Watch Cat,EARTH,1,Beast,0,1800,70975131,effect
13583,Trancefamiliar,DARK,1,Psychic,0,0,7969770,effect
13584,Three Trolling Trolls,WATER,3,Beast-Warrior,1000,1300,43464884,effect
13585,Yajiro Invader,DARK,5,Reptile,2200,0,10852583,effect
13586,Iron Dragon Tiamaton,DARK,4,Dragon,2000,0,46247282,effect
13587,Ghost Belle & Haunted Mansion,EARTH,3,Zombie,0,1800,73642296,effect
13588,Red Hared Hasty Horse,WIND,5,Beast,2000,1800,19636995,effect
13589,Boycotton,EARTH,4,Plant,1000,2500,45025640,effect
13638,Elemental HERO Solid Soldier,EARTH,4,Warrior,1300,1100,45195443,effect
13639,Goddess of Sweet Revenge,LIGHT,6,Fairy,1800,2000,72589042,effect
13640,The King of D.,DARK,4,Spellcaster,1200,1100,8978197,effect
13644,Vampire Familiar,DARK,1,Zombie,500,0,34250214,effect
13645,Vampire Retainer,DARK,2,Zombie,1200,0,70645913,effect
13646,Vampire Fraulein,DARK,5,Zombie,600,2000,6039967,effect
13647,Vampire Grimson,DARK,5,Zombie,2000,1400,33438666,effect
13648,Vampire Scarlet Scourge,DARK,6,Zombie,2200,2200,79523365,effect
13649,Vampire Red Baron,DARK,6,Zombie,2400,1000,6917479,effect
13655,"Donpa, Marksman Fur Hire",WIND,2,Beast,500,1000,94073244,effect
13656,"Recon, Scout Fur Hire",WIND,2,Beast,1000,500,31467949,effect
13657,"Helmer, Helmsman Fur Hire",WATER,3,Aqua,0,2000,67466547,effect
13658,"Beat, Bladesman Fur Hire",EARTH,3,Warrior,1200,500,93850652,effect
13659,"Seal, Strategist Fur Hire",DARK,4,Beast-Warrior,1600,1000,20345391,effect
13660,"Bravo, Fighter Fur Hire",FIRE,4,Reptile,1900,200,66740005,effect
13661,"Sagitta, Maverick Fur Hire",WIND,5,Winged Beast,1200,2400,93738004,effect
13662,"Dyna, Hero Fur Hire",EARTH,6,Beast-Warrior,2500,1400,25123713,effect
13663,"Wiz, Sage Fur Hire",WATER,7,Spellcaster,1600,2800,1527418,effect
13664,"Rafale, Champion Fur Hire",LIGHT,8,Dragon,2800,2200,38916526,effect
13670,Sky Striker Ace - Raye,DARK,4,Warrior,1500,1500,26077387,effect
13682,"Lilith, Lady of Lament",DARK,3,Fiend,2000,0,23898021,effect
13683,"Darkest Diabolos, Lord of the Lair",DARK,8,Dragon,3000,2000,50383626,effect
13684,"Ahrima, the Wicked Warden",DARK,4,Fiend,1700,0,86377375,effect
13685,"Duke Shade, the Sinister Shadow Lord",DARK,4,Fiend,500,2000,12766474,effect
13689,Keeper of Dragon Magic,DARK,4,Dragon,1800,1300,48048590,effect
13692,Leotron,EARTH,4,Cyberse,2000,0,47226949,normal
13693,Texchanger,DARK,1,Cyberse,100,100,74210057,effect
13694,Widget Kid,EARTH,3,Cyberse,1500,900,10705656,effect
13695,Cyberse White Hat,LIGHT,6,Cyberse,1800,2400,46104361,effect
13700,Performapal Clay Breaker,EARTH,6,Warrior,2000,1000,8820526,effect
13701,Fluffal Angel,LIGHT,2,Fairy,600,1200,45215225,effect_pendulum
13702,Kai-Den Kendo Spirit,WIND,5,Warrior,2400,1000,71614230,effect_pendulum
13704,Revendread Executor,DARK,8,Zombie,3000,0,34093683,ritual
13705,Vendread Anima,DARK,1,Zombie,0,0,70491682,effect
13709,F.A. Dark Dragster,DARK,7,Machine,0,2000,6764709,effect
13715,Archfiend's Awakening,DARK,6,Fiend,2500,1200,95825679,ritual
13717,SIMM Tablir,DARK,5,Cyberse,0,1800,67218327,effect
13718,Cluster Congester,LIGHT,7,Cyberse,1000,2200,94703021,effect
13719,Gouki Moonsault,EARTH,6,Warrior,1900,0,20191720,effect
13720,Gouki Tagpartner,EARTH,5,Warrior,1700,0,67586735,effect
13721,Gouki Ringtrainer,EARTH,1,Warrior,0,0,93581434,effect
13722,Cyber Dragon Vier,LIGHT,4,Machine,1100,1600,29975188,effect
13723,Cyber Dragon Herz,LIGHT,1,Machine,100,100,56364287,effect
13724,Dragunity Senatus,WIND,4,Winged Beast,1800,600,92868896,effect
13725,Dragunity Couse,WIND,2,Dragon,1000,200,29253591,effect
13726,Crusadia Reclusia,FIRE,3,Spellcaster,400,2000,55241609,effect
13727,Crusadia Arboria,WATER,3,Warrior,800,1800,91646304,effect
13728,Crusadia Leonis,EARTH,3,Beast,1200,1600,28031913,effect
13729,Crusadia Draco,WIND,4,Dragon,600,2000,54525057,effect
13730,Crusadia Maximus,LIGHT,4,Psychic,1600,1000,81524756,effect
13731,"World Legacy - ""World Crown""",DARK,6,Machine,2000,2000,27918365,effect
13732,Impcantation Candoll,LIGHT,4,Pyro,0,0,53303460,effect
13733,Impcantation Talismandra,DARK,6,Plant,0,0,80701178,effect
13734,Metaphys Decoy Dragon,LIGHT,2,Wyrm,300,200,12196873,effect_pendulum
13735,Umbramirage the Elemental Lord,DARK,8,Fiend,2800,2200,59281822,effect
13736,Cosmo Brain,DARK,7,Spellcaster,1500,2450,85679527,effect
13737,Mana Dragon Zirnitron,DARK,6,Dragon,2200,1200,11074235,effect
13738,Terrifying Toddler of Torment,DARK,3,Fiend,0,2000,48468330,effect
13739,Psychic Ace,DARK,2,Psychic,1000,0,84453939,effect
13740,Cupid Volley,LIGHT,1,Fairy,600,600,11851647,effect
13741,Centerfrog,WATER,2,Aqua,100,2000,47346782,effect
13742,Cyberse Magician,DARK,7,Cyberse,2500,2000,24731391,ritual
13743,"Ruin, Angel of Oblivion",LIGHT,4,Fairy,1700,1000,50139096,ritual
13744,"Demise, Agent of Armageddon",DARK,4,Fiend,1800,1000,86124104,ritual
13745,"Ruin, Supreme Queen of Oblivion",LIGHT,10,Fairy,2900,3000,13518809,ritual
13746,"Demise, Supreme King of Armageddon",DARK,10,Fiend,3000,3000,59913418,ritual
13747,Paladin of Storm Dragon,LIGHT,4,Cyberse,1900,900,86401517,ritual
13800,Orgoth the Relentless,EARTH,7,Warrior,2500,2450,15744417,effect
13802,Prinzessin,LIGHT,4,Fairy,300,600,78527720,effect
13803,Pumpkin Carriage,EARTH,3,Plant,0,300,14512825,effect
13804,Iron Hans,EARTH,4,Warrior,1200,800,41916534,effect
13805,Iron Knight,EARTH,4,Warrior,1700,700,73405179,effect
13806,Glife the Phantom Bird,WIND,4,Winged Beast,1500,1500,899287,effect
13807,Hexe Trude,DARK,8,Spellcaster,2600,2100,46294982,effect
13811,Litmus Doom Swordsman,DARK,8,Warrior,0,0,72566043,ritual
13815,"Michion, the Timelord",FIRE,10,Fairy,0,0,7733560,effect
13816,"Hailon, the Timelord",EARTH,10,Fairy,0,0,34137269,effect
13817,"Raphion, the Timelord",WIND,10,Fairy,0,0,60222213,effect
13818,"Gabrion, the Timelord",WATER,10,Fairy,0,0,6616912,effect
13819,"Sandaion, the Timelord",LIGHT,10,Fairy,4000,4000,33015627,effect
13829,Hayate the Earth Star,EARTH,5,Warrior,2100,0,7443908,effect
13830,Tenma the Sky Star,LIGHT,5,Warrior,2100,1000,33837653,effect
13831,Kaiki the Unity Star,LIGHT,5,Warrior,1000,2100,60822251,effect
13834,Hibernation Dragon,DARK,3,Dragon,600,1500,69109764,effect
13835,Triggering Wurm,DARK,2,Dragon,600,600,95504778,effect
13839,Odd-Eyes Phantasma Dragon,DARK,8,Dragon,3000,2500,21770839,effect_pendulum
13842,Blue-Eyes Chaos Dragon,DARK,8,Dragon,3000,0,20654247,ritual
13843,Blue-Eyes Solid Dragon,LIGHT,8,Dragon,2500,2000,57043986,effect
13848,Cyber Pharos,LIGHT,1,Machine,0,2100,29719112,effect
13853,Blackwing - Simoon the Poison Wind,DARK,6,Winged Beast,1600,2000,81470373,effect
13854,Blackwing - Auster the South Wind,DARK,4,Winged Beast,1300,0,17465972,effect
13858,Photon Vanisher,LIGHT,4,Warrior,2000,0,43147039,effect
13859,Photon Orbital,LIGHT,4,Machine,500,2000,89132148,effect
13862,Abyss Actor - Mellow Madonna,DARK,7,Fiend,1800,2500,78310590,effect_pendulum
13863,Abyss Actor - Comic Relief,DARK,3,Fiend,1000,2000,15308295,effect_pendulum
13869,Latency,LIGHT,1,Cyberse,0,0,3560069,effect
13870,Swap Cleric,EARTH,2,Cyberse,500,1000,30968774,effect
13871,Defcon Bird,WIND,3,Cyberse,100,1700,76353872,effect
13872,Micro Coder,DARK,1,Cyberse,300,0,2347477,effect
13873,Prohibit Snake,LIGHT,2,Cyberse,500,1000,39732186,effect
13874,Code Radiator,WATER,4,Cyberse,1600,800,75130221,effect
13883,Astra Ghouls,EARTH,5,Zombie,0,2000,69170403,effect
13884,Rain Bozu,LIGHT,7,Fairy,0,0,95568112,effect_pendulum
13888,Clock Wyvern,WIND,4,Cyberse,1800,1000,21830679,effect
13889,Salamangreat Meer,FIRE,2,Cyberse,800,600,67225377,effect
13890,Salamangreat Foxy,FIRE,3,Cyberse,1000,1200,94620082,effect
13891,Salamangreat Falco,FIRE,4,Cyberse,1200,1600,20618081,effect
13892,Salamangreat Jack Jaguar,FIRE,4,Cyberse,1800,1200,56003780,effect
13893,Dinowrestler Capaptera,WIND,3,Dinosaur,1600,0,93507434,effect
13894,Dinowrestler Capoeiraptor,EARTH,4,Dinosaur,1800,0,29996433,effect
13895,Dinowrestler Systegosaur,EARTH,4,Dinosaur,1900,0,56980148,effect
13896,Dinowrestler Pankratops,EARTH,7,Dinosaur,2600,0,82385847,effect
13897,Galaxy Cleric,LIGHT,4,Spellcaster,1500,600,28770951,effect
13898,Galaxy Brave,LIGHT,8,Warrior,0,0,55168550,effect
13899,Gravekeeper's Headman,DARK,3,Spellcaster,500,1500,21663205,effect
13900,Gravekeeper's Spiritualist,DARK,4,Spellcaster,1500,1500,58657303,effect
13901,Orcust Brass Bombard,DARK,1,Machine,500,1900,94046012,effect
13902,Orcust Cymbal Skeleton,DARK,3,Machine,1200,1500,21441617,effect
13903,Orcust Harp Horror,DARK,4,Machine,1700,1400,57835716,effect
13904,"World Legacy - ""World Wand""",DARK,8,Machine,500,2500,93920420,effect
13905,Thunder Dragonmatrix,LIGHT,1,Thunder,0,2000,20318029,effect
13906,Thunder Dragondark,DARK,5,Thunder,1600,1500,56713174,effect
13907,Thunder Dragonhawk,LIGHT,6,Thunder,1800,2200,83107873,effect
13908,Thunder Dragonroar,DARK,6,Thunder,2400,0,29596581,effect
13909,Thunder Dragonduo,DARK,8,Thunder,2800,0,55591586,effect
13910,Impcantation Penciplume,LIGHT,3,Psychic,0,0,82085295,effect
13911,Impcantation Bookstone,DARK,5,Spellcaster,0,0,18474999,effect
13912,Chaos Dragon Levianeer,DARK,8,Dragon,3000,0,55878038,effect
13913,Mystrick Hulder,DARK,5,Spellcaster,1500,2400,81263643,effect
13914,Diana the Light Spirit,LIGHT,4,Thunder,1700,1000,17257342,effect
13915,Condemned Witch,DARK,4,Fairy,100,2000,44656450,effect
13916,Bearblocker,DARK,3,Fiend,1600,0,80141055,effect
13917,Gokipole,EARTH,3,Insect,1000,1200,17535764,effect
13918,Token Collector,EARTH,4,Fiend,0,2000,43534808,effect
13919,Two-for-One Team,LIGHT,2,Warrior,1200,1200,89928517,effect
13920,Salamangreat Emerald Eagle,FIRE,8,Cyberse,2800,2000,16313112,ritual
13975,"Chaos Emperor, the Dragon of Armageddon",DARK,8,Dragon,3000,2500,4538826,effect_pendulum
13978,Danger! Bigfoot!,DARK,8,Beast,3000,0,43316238,effect
13979,Danger! Nessie!,DARK,7,Aqua,1600,2800,70711847,effect
13980,Danger! Chupacabra!,DARK,4,Fiend,1500,400,16209941,effect
13981,Danger!? Jackalope?,DARK,3,Beast,500,2000,43694650,effect
13984,Noble Knight Custennin,LIGHT,4,Warrior,1000,2000,42472002,effect
13986,Noble Knight Pellinore,LIGHT,4,Warrior,1900,500,5361816,effect
13988,"Super Armored Robot Armed Black Iron ""C""",EARTH,8,Insect,2400,2800,77754169,effect
13989,"Shiny Black ""C"" Squadder",EARTH,4,Insect,2000,0,4148264,normal
13990,Predaplant Spider Orchid,DARK,1,Plant,0,0,30537973,effect_pendulum
13991,Frightfur Meister,DARK,8,Fiend,0,0,77522571,effect_pendulum
13992,Valkyrie Dritte,LIGHT,4,Fairy,1000,1600,3026686,effect
13993,Valkyrie Zweite,LIGHT,5,Fairy,1600,1600,30411385,effect
13994,Valkyrie Erste,LIGHT,6,Fairy,1600,1800,66809920,effect
13995,Valkyrie Brunhilde,LIGHT,7,Fairy,1800,2000,2204038,effect
13996,Fortune Chariot,WIND,6,Fairy,1000,2000,39299733,effect
14003,Yellow Ninja,WIND,4,Warrior,1900,1800,64749612,effect
14004,Yellow Dragon Ninja,WIND,8,Dinosaur,3000,1500,90247311,effect
14009,Matriarch of Nephthys,WIND,2,Spellcaster,600,600,52904476,effect
14010,Disciple of Nephthys,WIND,2,Spellcaster,0,2000,98999181,effect
14011,Chronicler of Nephthys,WIND,2,Spellcaster,300,1200,25397880,effect
14012,Defender of Nephthys,WIND,2,Spellcaster,1400,200,51782995,effect
14013,Devotee of Nephthys,WIND,2,Spellcaster,1200,1200,88176533,ritual
14014,Cerulean Sacred Phoenix of Nephthys,FIRE,8,Winged Beast,3000,1000,24175232,ritual
14020,Prank-Kids Lampsies,FIRE,3,Pyro,1500,500,18236002,effect
14021,Prank-Kids Dropsies,WATER,2,Aqua,1000,1000,55725117,effect
14022,Prank-Kids Fansies,WIND,1,Thunder,0,2000,81119816,effect
14033,"Dakki, the Graceful Mayakashi",FIRE,2,Zombie,1000,0,42542842,effect
14034,"Shafu, the Wheeled Mayakashi",EARTH,3,Zombie,1200,400,78936551,effect
14035,"Tsukahagi, the Poisonous Mayakashi",EARTH,2,Zombie,0,2000,5325155,effect
14036,"Hajun, the Winged Mayakashi",WIND,1,Zombie,600,400,41729254,effect
14037,"Yasha, the Skeletal Mayakashi",DARK,5,Zombie,2000,0,77714963,effect
14047,Cyber Dragon Nachster,LIGHT,1,Machine,200,200,1142880,effect
14055,Tatsunecro,DARK,3,Zombie,500,1700,3096468,effect
14056,Doomking Balerdroch,DARK,8,Zombie,2800,2000,39185163,effect
14057,Necroworld Banshee,DARK,4,Zombie,1800,200,66570171,effect
14058,Glow-Up Bloom,DARK,1,Zombie,0,0,92964816,effect
14064,Shinobi Necro,DARK,2,Zombie,800,0,90020780,effect
14065,Alviss of the Nordic Alfar,DARK,4,Spellcaster,1500,1000,27024795,effect
14067,Danger! Thunderbird!,DARK,8,Winged Beast,2800,2400,90807199,effect
14068,Danger! Dogman!,DARK,7,Beast-Warrior,2400,1000,26302107,effect
14069,Danger! Mothman!,DARK,4,Insect,1800,400,52350806,effect
14070,Danger!? Tsuchinoko?,DARK,3,Reptile,1300,0,99745551,effect
14073,Noble Knight Iyvanne,LIGHT,4,Warrior,1700,1600,88923963,effect
14074,"Morgan, the Enchantress of Avalon",DARK,3,Spellcaster,1300,1600,24027078,effect
14078,Catche Eve L2,LIGHT,2,Cyberse,800,600,50690129,effect
14079,Cyberse Synchron,DARK,1,Cyberse,100,100,86784733,effect
14080,Salamangreat Wolvie,FIRE,4,Cyberse,1700,1000,13173832,effect
14081,Salamangreat Parro,FIRE,5,Cyberse,2000,1000,59577547,effect
14082,Salamangreat Foxer,FIRE,3,Cyberse,1200,1000,86962245,effect
14083,Speedburst Dragon,DARK,6,Dragon,2400,600,12950294,effect
14084,Rokket Synchron,DARK,1,Dragon,0,0,48355999,effect
14085,Neo Space Connector,LIGHT,4,Warrior,800,1800,85840608,effect
14086,T.G. Screw Serpent,WATER,4,Sea Serpent,1300,500,11234702,effect
14087,T.G. Booster Raptor,WIND,1,Dinosaur,400,300,48633301,effect
14088,T.G. Tank Grub,EARTH,1,Insect,0,0,74627016,effect
14089,Guardragon Justicia,WATER,2,Dragon,0,2100,11012154,normal
14090,Guardragon Garmides,EARTH,3,Dragon,1600,1000,43411769,effect
14091,Guardragon Promineses,FIRE,1,Dragon,500,200,79905468,effect
14092,Guardragon Andrake,WIND,4,Dragon,2000,600,6990577,effect
14093,"World Legacy - ""World Ark""",DARK,7,Machine,2500,500,42388271,effect
14094,Shiranui Spectralsword Shade,FIRE,3,Zombie,800,0,79783880,effect
14095,Shiranui Swordmaster,FIRE,2,Zombie,600,0,5177985,effect
14096,Shiranui Squire,FIRE,4,Zombie,1500,0,41562624,effect
14097,Fantastical Dragon Phantazmay,DARK,7,Dragon,2400,1800,78661338,effect
14098,Orcust Knightmare,DARK,7,Machine,100,2000,4055337,effect
14099,Prank-Kids Rocksies,EARTH,4,Rock,1500,1500,31440046,effect
14100,Madolche Petingcessoeur,EARTH,4,Fairy,1400,1400,77848740,effect
14101,Psychic Wheeleder,EARTH,3,Psychic,600,0,3233859,effect
14102,Psychic Tracker,EARTH,3,Psychic,1600,600,30227494,effect
14103,Thunderclap Monk,LIGHT,4,Thunder,1900,200,66722103,effect
14104,Lappis Dragon,WATER,5,Sea Serpent,0,2600,3111207,effect
14105,Cataclysmic Scorching Sunburner,FIRE,8,Fairy,2600,200,39505816,effect
14106,Squirt Squid,WATER,2,Aqua,0,1800,65500515,effect
14107,Aloof Lupine,DARK,4,Beast,1700,300,92998610,effect
14108,Extraceratops,EARTH,1,Warrior,100,100,38383368,effect
14109,Impcantation Chalislime,DARK,7,Aqua,2500,1800,65877963,ritual
14162,Code Generator,EARTH,3,Cyberse,1300,500,30114823,effect
14165,Harpie Perfumer,WIND,4,Winged Beast,1400,1300,39392286,effect
14166,Harpie Oracle,WIND,4,Winged Beast,1300,1400,66386380,effect
14170,Cyber Angel Izana,LIGHT,8,Fairy,2500,2600,91668401,ritual
14171,Cyber Egg Angel,LIGHT,2,Fairy,200,300,28053106,effect
14176,Dark Rose Fairy,DARK,2,Fairy,800,1000,90724272,effect
14177,Red Rose Dragon,DARK,3,Dragon,1000,1800,26118970,effect
14181,Super Express Bullet Train,EARTH,10,Machine,3000,0,52481437,effect
14182,Flying Pegasus Railroad Stampede,EARTH,4,Machine,1800,1000,88875132,effect
14186,Lunalight Emerald Bird,DARK,4,Beast-Warrior,1200,1000,14152693,effect
14187,Lunalight Yellow Marten,DARK,4,Beast-Warrior,800,2000,50546208,effect
14192,White Rose Dragon,DARK,4,Dragon,1200,1000,12213463,effect
14213,Magician of Chaos,DARK,7,Spellcaster,2500,2100,47963370,ritual
14221,Utopic Onomatopoeia,LIGHT,4,Warrior,1500,1500,8512558,effect
14223,Odd-Eyes Advance Dragon,DARK,8,Dragon,3000,2500,61391302,effect
14224,Performapal Smile Sorcerer,LIGHT,8,Spellcaster,2500,2000,7799906,effect_pendulum
14238,Salamangreat Raccoon,FIRE,1,Cyberse,400,800,53490455,effect
14239,Salamangreat Mole,FIRE,1,Cyberse,0,0,89484053,effect
14240,Salamangreat Gazelle,FIRE,3,Cyberse,1500,1000,26889158,effect
14241,Salamangreat Spinny,FIRE,3,Cyberse,1000,1500,52277807,effect
14242,Salamangreat Fowl,FIRE,4,Cyberse,1800,200,89662401,effect
14243,Salamangreat Beat Bison,FIRE,8,Cyberse,2800,1000,25166510,effect
14251,Firewall Guardian,DARK,4,Cyberse,100,2000,86605184,effect
14252,Grid Sweeper,LIGHT,4,Cyberse,100,2000,13090893,effect
14253,Salamangreat Fennec,FIRE,3,Cyberse,1600,200,49094491,effect
14254,Overflow Dragon,DARK,1,Dragon,0,0,76589546,effect
14255,Altergeist Fifinellag,DARK,2,Spellcaster,0,1000,12977245,effect
14256,Dinowrestler Eskrimamenchi,EARTH,6,Dinosaur,2200,0,48372950,effect
14257,Dinowrestler Coelasilat,EARTH,2,Dinosaur,100,800,75366958,effect
14258,Dinowrestler Martial Anga,EARTH,5,Dinosaur,1600,0,11755663,effect
14259,Destiny HERO - Drawhand,DARK,4,Warrior,1600,800,48150362,effect
14260,Psi-Reflector,DARK,1,Psychic,400,300,74644400,effect
14261,Assault Sentinel,EARTH,4,Beast-Warrior,1600,800,39015,effect
14262,T.G. Halberd Cannon/Assault Mode,EARTH,12,Machine,4500,4500,47027714,effect
14263,Super Quantum White Layer,LIGHT,7,Fairy,2400,2400,73422829,effect
14264,Neo Flamvell Lady,FIRE,4,Pyro,1600,200,816427,effect
14265,"Filo, Messenger Fur Hire",WIND,1,Winged Beast,0,0,36205132,effect
14266,"Yuki-Musume, the Ice Mayakashi",WATER,1,Zombie,0,1900,72700231,effect
14267,Knightmare Incarnation Idlee,DARK,9,Fairy,2100,2100,9794980,effect
14268,World Legacy Guardragon Mardark,WIND,9,Dragon,2600,3000,35183584,effect
14269,Deus X-Krawler,EARTH,9,Insect,2000,3000,62587693,effect
14270,Omni Dragon Brotaur,DARK,1,Dragon,0,0,8972398,effect
14271,Chaos Betrayer,DARK,6,Fiend,2000,2000,34966096,effect
14272,Loud Cloud the Storm Serpent,WATER,5,Reptile,0,2000,61465001,effect
14273,Xyz Slidolphin,WATER,4,Sea Serpent,1200,1800,7850740,effect
14274,Star Staring Starling,WIND,4,Winged Beast,1000,1500,34244455,effect
14275,Ghost Sister & Spooky Dogwood,WATER,3,Zombie,0,1800,60643553,effect
14276,Handigallop,EARTH,1,Beast,0,0,97637162,effect
14277,Emperor Maju Garzett,DARK,9,Fiend,0,0,33022867,effect
14278,Cupid Dunk,LIGHT,4,Fairy,1800,600,69526976,effect
14279,"Crealtar, the Impcantation Originator",LIGHT,10,Fiend,3000,3000,96915510,ritual
14339,Speedroid Marble Machine,WIND,2,Machine,200,100,96708940,effect_pendulum
14340,Speedroid Hexasaucer,WIND,4,Machine,100,1600,23792058,effect_pendulum
14341,Performapal Kuribohble,DARK,1,Fiend,300,200,69181753,effect
14351,Danger! Ogopogo!,DARK,8,Sea Serpent,1200,3000,83518674,effect
14352,Super Anti-Kaiju War Machine Mecha-Thunder-King,LIGHT,9,Machine,2200,2100,29913783,effect
14353,Time Thief Winder,DARK,4,Psychic,1800,1300,56308388,effect
14354,Time Thief Bezel Ship,DARK,4,Machine,1000,2000,82496097,effect
14355,Time Thief Regulator,DARK,4,Machine,600,200,19891131,effect
14359,Valkyrie Sechste,LIGHT,1,Fairy,0,2000,44163252,effect
14360,Valkyrie Vierte,LIGHT,3,Fairy,1400,1400,81558967,effect
14363,All-Eyes Phantom Dragon,LIGHT,10,Dragon,3000,2500,70335319,effect_pendulum
14366,Magician of Black Chaos MAX,DARK,8,Spellcaster,2800,2600,79613121,ritual
14367,"Exodia, the Legendary Defender",DARK,10,Spellcaster,-1,-1,5008836,effect
14368,Palladium Oracle Mana,LIGHT,6,Spellcaster,2000,1700,42006475,effect
14369,Red-Eyes Alternative Black Dragon,DARK,7,Dragon,2400,2000,18491580,effect
14370,Neo Kaiser Glider,LIGHT,6,Dragon,2400,2200,45885288,effect
14379,Malefic Paradox Gear,DARK,1,Machine,0,0,48829461,effect
14386,Angraecum Umbrella,WATER,3,Spellcaster,500,1500,73979030,effect
14387,Firebrand Hymnist,FIRE,3,Pyro,800,200,373085,effect
14391,Infinitrack Harvester,EARTH,2,Machine,0,2100,35645105,effect
14392,Infinitrack Anchor Drill,EARTH,4,Machine,1800,500,62034800,effect
14393,Infinitrack Crab Crane,EARTH,5,Machine,2100,500,98439949,effect
14394,Infinitrack Drag Shovel,EARTH,5,Machine,1500,2100,34923554,effect
14395,Infinitrack Trencher,EARTH,5,Machine,500,2400,61912252,effect
14396,Infinitrack Tunneller,EARTH,5,Machine,2200,500,97316367,effect
14404,Witchcrafter Potterie,EARTH,2,Spellcaster,0,2000,59851535,effect
14405,Witchcrafter Pittore,WATER,3,Spellcaster,1000,1500,95245544,effect
14406,Witchcrafter Schmietta,FIRE,4,Spellcaster,1800,600,21744288,effect
14407,Witchcrafter Edel,LIGHT,5,Spellcaster,2000,2300,58139997,effect
14408,Witchcrafter Haine,DARK,7,Spellcaster,2400,1000,84523092,effect
14409,Witchcrafter Madame Verre,LIGHT,8,Spellcaster,1000,2800,21522601,effect
14417,"Serziel, Watcher of the Evil Eye",DARK,4,Fiend,1600,1400,82466274,effect
14418,"Medusa, Watcher of the Evil Eye",DARK,4,Fiend,1400,1600,18551923,effect
14419,"Catoblepas, Familiar of the Evil Eye",DARK,3,Fiend,600,1900,45955628,effect
14420,"Basilius, Familiar of the Evil Eye",DARK,3,Fiend,400,2000,81344637,effect
14431,Flip Frozen,WATER,1,Cyberse,500,500,32176662,effect
14432,Bravedrive,FIRE,4,Cyberse,1500,1000,78161361,effect
14433,Rebuildeer,WIND,4,Cyberse,1800,800,4550066,effect
14434,Threshold Borg,EARTH,7,Cyberse,2400,2000,31944175,effect
14439,"Endymion, the Mighty Master of Magic",DARK,7,Spellcaster,2800,1700,3611830,effect_pendulum
14440,Reflection of Endymion,LIGHT,7,Spellcaster,1850,2700,39000945,effect_pendulum
14441,Magister of Endymion,EARTH,3,Spellcaster,1500,900,66104644,effect_pendulum
14442,Servant of Endymion,WIND,3,Spellcaster,900,1500,92559258,effect_pendulum
14447,Performapal Turn Trooper,LIGHT,4,Warrior,1200,1200,220414,effect
14448,D/D Ark,DARK,4,Fiend,0,2000,36614113,effect_pendulum
14449,Rescue Interlacer,LIGHT,3,Cyberse,1000,1200,63009228,effect
14450,Cross Debug,DARK,2,Cyberse,900,600,9097866,effect
14451,Marincess Sea Horse,WATER,3,Cyberse,1400,1000,36492575,effect
14452,Marincess Sea Star,WATER,2,Cyberse,800,400,62886670,effect
14453,DMZ Dragon,DARK,4,Dragon,0,2000,98371278,effect
14454,Dinowrestler Martial Ankylo,EARTH,2,Dinosaur,1000,0,35770983,effect
14455,Dinowrestler Rambrachio,EARTH,5,Dinosaur,1600,0,61764082,effect
14456,Tenyi Spirit - Adhara,EARTH,1,Wyrm,0,0,98159737,effect
14457,Tenyi Spirit - Shthana,WATER,4,Wyrm,400,2000,24557335,effect
14458,Tenyi Spirit - Mapura,FIRE,4,Wyrm,600,1500,60942444,effect
14459,Tenyi Spirit - Nahata,WIND,4,Wyrm,800,1000,97036149,effect
14460,Tenyi Spirit - Vishuda,DARK,7,Wyrm,1500,2500,23431858,effect
14461,"Simorgh, Bird of Beginning",WIND,1,Winged Beast,0,1600,50820852,effect
14462,"Simorgh, Bird of Bringing",WIND,2,Winged Beast,1000,1000,96214561,effect
14463,"Simorgh, Bird of Calamity",WIND,3,Winged Beast,1500,200,23619206,effect
14464,"Simorgh, Bird of Protection",WIND,4,Winged Beast,1400,1000,59707204,effect
14465,"Simorgh, Lord of the Storm",WIND,8,Winged Beast,2900,2000,95192919,effect
14466,Simorgh of Darkness,DARK,8,Winged Beast,2900,2000,22586618,effect
14467,Yosenju Sabu,WIND,4,Beast-Warrior,1700,400,58981727,effect
14468,Yosenju Izna,WIND,4,Beast-Warrior,800,1200,85970321,effect
14469,Mayosenju Hitot,WIND,10,Beast,2000,3000,21364070,effect_pendulum
14470,Fortune Lady Past,DARK,1,Spellcaster,-1,-1,57869175,effect
14471,B.E.S. Blaster Cannon Core,EARTH,9,Machine,2500,3000,84257883,effect
14472,Vic Viper T301,LIGHT,4,Machine,1200,800,10642488,effect
14473,Reptilianne Lamia,DARK,2,Reptile,0,0,57647597,effect
14474,Megistric Maginician,FIRE,1,Spellcaster,0,2000,83035296,effect
14475,Cataclysmic Cryonic Coldo,WIND,8,Fairy,2600,200,19420830,effect
14476,Beatraptor,EARTH,4,Dinosaur,1400,2000,46924949,effect
14477,"Tlakalel, His Malevolent Majesty",DARK,5,Fiend,2400,1000,82319644,effect
14478,Spirit Sculptor,LIGHT,4,Fairy,1600,2100,19307353,effect
14479,Reversible Beetle,EARTH,3,Insect,1100,1500,45702357,effect
14480,"Gizmek Orochi, the Serpentron Sky Slasher",DARK,8,Machine,2450,2450,71197066,effect
14481,Voltester,DARK,7,Thunder,2500,1000,18585765,effect
14482,Ranryu,WIND,4,Dragon,1500,200,44680819,effect
14483,Witchcrafter Golem Aruru,LIGHT,8,Spellcaster,2800,0,71074418,effect
14484,"Avida, Rebuilder of Worlds",LIGHT,11,Cyberse,3500,3500,17469113,effect
14485,Magicalibra,WATER,4,Spellcaster,1000,1000,43857222,normal_pendulum
14530,Gnomaterial,EARTH,1,Fairy,0,1000,58655504,effect
14536,Valkyrie Funfte,LIGHT,2,Fairy,800,1200,46701379,effect
14537,Valkyrie Erda,LIGHT,8,Fairy,2000,2200,83705073,effect
14538,Valkyrie Chariot,WIND,3,Fairy,500,1000,19190082,effect
14543,Salamangreat Coyote,FIRE,3,Cyberse,1000,200,71861848,effect
14545,Rogue of Endymion,FIRE,3,Spellcaster,1500,200,44640691,effect
14546,Ipiria,EARTH,2,Reptile,500,500,70744296,effect
14550,Fortune Fairy Hikari,LIGHT,1,Spellcaster,0,0,6311717,effect
14551,Fortune Fairy En,FIRE,2,Spellcaster,0,0,32305461,effect
14552,Fortune Fairy Hu,WIND,3,Spellcaster,0,0,79890560,effect
14553,Fortune Fairy Swee,WATER,4,Spellcaster,0,0,5298175,effect
14554,Fortune Fairy Ann,DARK,5,Spellcaster,0,0,31683874,effect
14555,Fortune Fairy Chee,EARTH,6,Spellcaster,0,0,68078978,effect
14559,T.G. Gear Zombie,DARK,1,Zombie,600,0,94350039,effect
14560,T.G. Drill Fish,WATER,1,Fish,100,800,30348744,effect
14561,T.G. Metal Skeleton,DARK,2,Zombie,1100,0,66733743,effect
14567,Battlewasp - Pin the Bullseye,WIND,1,Insect,200,300,65899613,effect
14568,Battlewasp - Dart the Hunter,WIND,1,Insect,100,100,91283212,effect
14569,Battlewasp - Sting the Poison,WIND,2,Insect,400,800,28388927,effect
14570,Battlewasp - Twinbow the Attacker,WIND,3,Insect,1000,500,54772065,effect
14571,Battlewasp - Arbalest the Rapidfire,WIND,4,Insect,1800,800,90161770,effect
14581,Curse Necrofear,DARK,8,Fiend,2800,2200,14509651,effect
14582,Dark Spirit of Banishment,DARK,3,Fiend,1600,0,51993760,effect
14583,Dark Spirit of Malice,DARK,3,Fiend,1600,0,87988305,effect
14587,Evil HERO Adusted Gold,LIGHT,4,Fiend,2100,800,13650422,effect
14588,Evil HERO Sinister Necrom,DARK,5,Fiend,1600,1800,45659520,effect
14591,Earthbound Greater Linewalker,DARK,8,Fiend,2900,2900,45836982,effect
14592,"Ascator, Dawnwalker",EARTH,5,Spellcaster,2300,1500,71821687,effect
14593,"Supay, Duskwalker",EARTH,5,Spellcaster,2200,1900,17315396,effect
14597,Gimmick Puppet Terror Baby,DARK,4,Machine,500,0,43598843,effect
14598,Gimmick Puppet Bisque Doll,DARK,8,Machine,1000,1000,79086452,effect
14602,Predaplant Heliamphorhynchus,DARK,8,Plant,1200,2400,5259518,effect
14606,Red Blossoms from Underroot,DARK,1,Fiend,0,0,71521025,effect
14607,Link Apple,FIRE,1,Cyberse,0,0,7925734,effect
14608,Flying Red Carp,WATER,4,Fish,500,500,33314479,effect
14614,Silverrokket Dragon,DARK,4,Dragon,1900,100,32476603,effect
14615,Rokket Tracer,DARK,4,Dragon,1600,1000,68464358,effect
14616,Rokket Recharger,DARK,4,Dragon,0,2100,5969957,effect
14617,Exploderokket Dragon,DARK,7,Dragon,2000,2000,31353051,effect
14618,Absorouter Dragon,DARK,7,Dragon,1200,2800,67748760,effect
14619,Checksum Dragon,DARK,6,Dragon,400,2400,94136469,effect
14628,Suppression Collider,DARK,8,Cyberse,2800,2600,92176681,normal
14629,Marincess Mandarin,WATER,1,Cyberse,100,100,28174796,effect
14630,Marincess Crown Tail,WATER,5,Cyberse,600,2300,54569495,effect
14631,Marincess Blue Tang,WATER,4,Cyberse,1500,1200,91953000,effect
14632,Chobham Armor Dragon,DARK,1,Dragon,0,0,27352108,effect
14633,Dinowrestler Martial Ampelo,EARTH,1,Dinosaur,600,0,54446813,effect
14634,Dinowrestler Valeonyx,EARTH,3,Dinosaur,1600,0,80831552,effect
14635,Unchained Twins - Aruha,FIRE,3,Fiend,1500,1500,26236560,effect
14636,Unchained Twins - Rakea,WATER,3,Fiend,1500,1500,53624265,effect
14637,Unchained Soul of Disaster,DARK,8,Fiend,0,3000,89019964,effect
14638,Gladiator Beast Sagittarii,WIND,3,Winged Beast,1400,1000,16003979,effect
14639,Gladiator Beast Attorix,EARTH,4,Beast-Warrior,800,2000,52502677,effect
14640,Gladiator Beast Vespasius,WATER,7,Sea Serpent,2300,0,88996322,effect
14641,Starliege Seyfert,LIGHT,4,Dragon,1800,0,15381421,effect
14642,Nebula Dragon,LIGHT,8,Dragon,2000,0,51786039,effect
14643,Galactic Spiral Dragon,DARK,8,Dragon,2500,2500,88774734,effect
14644,Aromage Laurel,WIND,1,Plant,800,0,14169843,effect
14645,Aromage Marjoram,DARK,5,Plant,2000,1600,40663548,effect
14646,Tenyi Spirit - Ashuna,LIGHT,7,Wyrm,1600,2600,87052196,effect
14647,Evoltile Megachirella,FIRE,1,Reptile,0,0,13046291,effect
14648,"World Legacy - ""World Key""",DARK,1,Machine,0,0,40441990,effect
14649,Infinitrack Brutal Dozer,EARTH,5,Machine,1900,2100,76830505,effect
14650,"Gizmek Yata, the Gleaming Vanguard",LIGHT,5,Machine,2050,2050,13224603,effect
14651,Primineral Kongreat,EARTH,8,Rock,3000,2000,49729312,effect
14652,"Prometeor, the Burning Star",FIRE,8,Machine,2800,2000,75713017,effect
14653,Brinegir,WATER,7,Sea Serpent,1000,2600,2102065,effect
14654,Luna the Dark Spirit,DARK,4,Fiend,1600,1200,48596760,effect
14655,D.D. Patrol Plane,DARK,3,Machine,1200,800,75991479,effect
14656,Hop Ear Squadron,WIND,2,Beast,300,600,1980574,effect
14657,"Bayonater, the Baneful Barrel",DARK,1,Zombie,500,0,47474172,effect
14658,Mimikuril,DARK,3,Fiend,0,0,74879881,effect
14659,Bonze Alone,EARTH,1,Fairy,100,100,263926,effect
14708,Go! - D/D/D Divine Zero King Rage,DARK,10,Fiend,0,0,40227329,effect_pendulum
14709,Capshell,DARK,2,Fiend,0,0,76722334,effect
14714,"Ikelos, the Dream Mirror Sprite",LIGHT,1,Fairy,0,500,49389190,effect
14715,"Ikelos, the Dream Mirror Mara",DARK,1,Fairy,500,0,75888208,effect
14716,"Morpheus, the Dream Mirror White Knight",LIGHT,8,Warrior,1000,2800,1872843,effect
14717,"Morpheus, the Dream Mirror Black Knight",DARK,8,Warrior,2800,1000,38267552,effect
14722,Boot-Up Corporal - Command Dynamo,EARTH,4,Machine,0,2000,938717,effect
14723,Boot-Up Admiral - Destroyer Dynamo,EARTH,8,Machine,2500,2500,36322312,effect
14727,Brotherhood of the Fire Fist - Ram,FIRE,3,Beast-Warrior,800,200,62694833,effect
14728,Brotherhood of the Fire Fist - Elephant,FIRE,4,Beast-Warrior,1000,1800,98093548,effect
14729,Brotherhood of the Fire Fist - Panda,FIRE,5,Beast-Warrior,2100,400,35488287,effect
14730,Brotherhood of the Fire Fist - Eland,FIRE,6,Beast-Warrior,2400,2000,61472381,ritual
14737,Performapal Miss Director,DARK,6,Spellcaster,0,2000,92932860,effect
14738,Smoke Mosquito,DARK,1,Insect,0,0,28427869,effect
14739,D/D Evil,DARK,4,Fiend,2000,0,55415564,effect_pendulum
14740,Dimension Shifter,DARK,6,Spellcaster,1200,2200,91800273,effect
14741,"Nibiru, the Primal Being",LIGHT,11,Rock,3000,600,27204311,effect
14744,Mathmech Sigma,LIGHT,4,Cyberse,1000,1500,27182739,effect
14745,Mathmech Nabla,DARK,4,Cyberse,1000,1500,53577438,effect
14746,Mathmech Addition,FIRE,4,Cyberse,1000,1000,80965043,effect
14747,Mathmech Subtraction,FIRE,4,Cyberse,1000,1000,16360142,effect
14748,Mathmech Multiplication,EARTH,4,Cyberse,500,2000,52354896,effect
14749,Mathmech Division,EARTH,4,Cyberse,1500,1000,89743495,effect
14757,Nurse Dragonmaid,EARTH,2,Dragon,500,1600,40398073,effect
14758,Dragonmaid Ernus,EARTH,7,Dragon,2600,1600,76782778,effect
14759,Laundry Dragonmaid,WATER,2,Dragon,500,1600,13171876,effect
14760,Dragonmaid Nudyarl,WATER,7,Dragon,2600,1600,49575521,effect
14761,Kitchen Dragonmaid,FIRE,3,Dragon,500,1700,16960120,effect
14762,Dragonmaid Tinkhec,FIRE,8,Dragon,2700,1700,42055234,effect
14763,Parlor Dragonmaid,WIND,3,Dragon,500,1700,88453933,effect
14764,Dragonmaid Lorpar,WIND,8,Dragon,2700,1700,15848542,effect
14770,"Mardel, Generaider Boss of Light",LIGHT,9,Plant,2400,2400,13903402,effect
14771,"Frodi, Generaider Boss of Swords",WIND,9,Warrior,2500,2000,40998517,effect
14772,"Dovelgus, Generaider Boss of Iron",EARTH,9,Machine,1500,2500,76382116,effect
14773,"Naglfar, Generaider Boss of Fire",FIRE,9,Beast-Warrior,3100,200,2881864,effect
14774,"Nidhogg, Generaider Boss of Ice",WATER,9,Wyrm,2100,2600,49275969,effect
14775,"Hela, Generaider Boss of Doom",DARK,9,Zombie,800,2800,75660578,effect
14783,Code Exporter,WIND,5,Cyberse,500,2300,37119142,effect
14788,Marincess Pascalus,WATER,4,Cyberse,1200,2000,99885917,effect
14790,Dinowrestler Iguanodraka,EARTH,6,Dinosaur,2000,0,61269611,effect
14792,Tindangle Jhrelth,DARK,3,Fiend,0,1800,24158464,effect
14801,Immortal Phoenix Gearfried,FIRE,9,Warrior,3000,2200,22091647,effect
14802,Sublimation Knight,FIRE,3,Warrior,1300,200,54485355,effect
14803,Infernoble Knight - Roland,FIRE,1,Warrior,500,500,81570454,effect
14807,Evocator Eveque,FIRE,4,Warrior,1500,1000,16146511,effect
14809,Ten Thousand Dragon,DARK,10,Dragon,-1,-1,10000,effect
14810,Pikari @Ignister,LIGHT,4,Cyberse,1200,600,16020923,effect
14811,Bururu @Ignister,WIND,3,Cyberse,600,1000,42429678,effect
14812,Doyon @Ignister,DARK,4,Cyberse,400,1600,88413677,effect
14813,Achichi @Ignister,FIRE,2,Cyberse,800,800,15808381,effect
14814,Hiyari @Ignister,WATER,1,Cyberse,300,400,41306080,effect
14815,Doshin @Ignister,EARTH,1,Cyberse,100,800,78751195,effect
14816,Donyoribo @Ignister,DARK,1,Cyberse,300,0,14146794,effect
14817,Ancient Warriors - Masterful Sun Mou,WATER,4,Beast-Warrior,1800,1500,40140448,effect
14818,Ancient Warriors - Graceful Zhou Gong,WATER,4,Beast-Warrior,1600,1600,77539547,effect
14819,Ancient Warriors - Eccentric Lu Jing,WATER,4,Beast-Warrior,700,2000,13923256,effect
14820,Ancient Warriors - Virtuous Liu Xuan,WIND,4,Beast-Warrior,1400,1200,40428851,effect
14821,Ancient Warriors - Loyal Guan Yun,WIND,7,Beast-Warrior,2500,1800,76416959,effect
14822,Ancient Warriors - Valiant Zhang De,WIND,7,Beast-Warrior,2700,900,2801664,effect
14823,"Karakuri Bonze mdl 9763 ""Kunamzan""",EARTH,5,Machine,2000,1500,49296203,effect
14824,"Karakuri Gama mdl 4624 ""Shirokunishi""",EARTH,1,Machine,200,1000,75690317,effect
14825,Chronomaly Tuspa Rocket,EARTH,4,Rock,1000,1000,2089016,effect
14826,Arcjet Lightcraft,LIGHT,9,Machine,0,2100,38173725,effect
14827,Time Thief Chronocorder,DARK,4,Machine,1000,1000,74578720,effect
14828,Abominable Unchained Soul,DARK,8,Fiend,3000,1500,1966438,effect
14829,Sky Striker Ace - Roze,LIGHT,4,Warrior,1500,1500,37351133,effect
14830,Witchcrafter Genni,WIND,1,Spellcaster,300,500,64756282,effect
14831,"Utgarda, Generaider Boss of Delusion",LIGHT,9,Rock,2200,2700,744887,effect
14832,Ghostrick Fairy,DARK,2,Spellcaster,900,1000,36239585,effect
14833,"Gizmek Kaku, the Supreme Shining Sky Stag",FIRE,9,Machine,2750,2750,63633694,effect
14834,Cataclysmic Crusted Calcifida,EARTH,8,Fairy,2600,200,9028399,effect
14835,Jack-o-Bolan,FIRE,7,Zombie,1500,2200,36016907,effect
14836,Ibicella Lutea,EARTH,4,Plant,1800,100,62411042,effect
14837,Obsessive Uvualoop,EARTH,4,Fiend,1200,1800,98806751,effect
14838,Daruma Dropper,EARTH,4,Warrior,700,1800,35394356,effect
14839,Transcicada,EARTH,3,Insect,800,1000,1799464,effect
14840,Squeaknight,FIRE,1,Warrior,500,500,38783169,effect
14841,Battle Survivor,EARTH,4,Warrior,1600,800,64178868,effect
14842,Cupid Serve,LIGHT,2,Fairy,1000,600,1566817,effect
14843,Water Leviathan @Ignister,WATER,7,Cyberse,2300,2000,37061511,ritual
14844,Megalith Ophiel,EARTH,4,Rock,1600,2500,63056220,ritual
14845,Megalith Hagith,EARTH,4,Rock,1300,2600,90444325,ritual
14846,Megalith Och,EARTH,4,Rock,1000,2700,36849933,ritual
14847,Megalith Phaleg,EARTH,8,Rock,2500,1200,63233638,ritual
14848,Megalith Bethor,EARTH,8,Rock,1500,2600,99628747,ritual
14849,Megalith Aratron,EARTH,8,Rock,2000,3000,25726386,ritual
14891,Monster Express,EARTH,4,Machine,1500,1200,637216,effect
14892,Primineral Mandstrong,EARTH,8,Rock,2000,3000,37021315,effect
14896,"Phantasos, the Dream Mirror Friend",LIGHT,4,Beast-Warrior,900,1900,62393472,effect
14897,"Phantasos, the Dream Mirror Foe",DARK,4,Beast-Warrior,1900,900,99792080,effect
14903,Valkyrie Sigrun,LIGHT,9,Fairy,2200,2400,97854941,effect
14906,Magicians' Souls,DARK,1,Spellcaster,0,0,97631303,effect
14911,Elemental HERO Liquid Soldier,WATER,4,Warrior,1400,1300,59392529,effect
14916,Junk Converter,EARTH,2,Warrior,400,200,11069680,effect
14917,Satellite Synchron,DARK,2,Machine,700,100,57458399,effect
14921,Zubababancho Gagagacoat,EARTH,4,Warrior,1800,100,23720856,effect
14922,Dodododwarf Gogogoglove,EARTH,4,Rock,0,1800,59724555,effect
14925,Performapal Celestial Magician,DARK,4,Spellcaster,1500,1000,58092907,effect_pendulum
14926,Odd-Eyes Wizard Dragon,DARK,7,Dragon,2500,2500,85497611,effect
14950,"Primal Dragon, the Primordial",LIGHT,4,Dragon,2000,2000,64025981,effect
14953,Blue-Eyes Abyss Dragon,LIGHT,8,Dragon,2500,2500,64202399,effect
14955,Crystal Beast Rainbow Dragon,LIGHT,8,Dragon,3000,0,36795102,effect
14959,Galaxy-Eyes Afterglow Dragon,LIGHT,8,Dragon,3000,2500,62968263,effect
14961,D/D/D Vice King Requiem,DARK,8,Fiend,2800,2000,25857977,effect_pendulum
14964,Qadshaddoll Keios,LIGHT,2,Spellcaster,900,100,24635329,effect
14965,Reeshaddoll Wendi,WIND,3,Psychic,1500,1000,51023024,effect
14966,Naelshaddoll Ariel,WATER,4,Psychic,1000,1800,97518132,effect
14969,Wynn the Wind Channeler,WIND,5,Spellcaster,1850,1500,86395581,effect
14971,Altergeist Pookuery,DARK,1,Spellcaster,300,100,59185998,effect
14972,Altergeist Fijialert,WATER,4,Spellcaster,1400,1200,85673903,effect
14973,Tindangle Dholes,DARK,5,Fiend,1000,1000,12678601,effect
14974,Rose Princess,EARTH,3,Plant,1200,800,58062306,effect
14975,Morph King Stygi-Gel,DARK,1,Fiend,100,100,85457355,effect
14976,Right-Hand Shark,WATER,4,Fish,1500,1300,11845050,effect
14977,Left-Hand Shark,WATER,3,Fish,1300,1500,47840168,effect
14987,Parallel eXceed,WIND,8,Cyberse,2000,2000,71278040,effect
14988,Codebreaker Zero Day,DARK,4,Warrior,1800,0,8662794,effect
14989,Salamangreat Zebroid X,FIRE,4,Cyberse,1500,1000,44161893,effect
14990,Gouki Iron Claw,EARTH,2,Warrior,1000,0,71555408,effect
14991,Gouki Guts,EARTH,1,Warrior,800,0,7540107,effect
14992,Marincess Basilalima,WATER,4,Cyberse,600,2100,33945211,effect
14993,Noctovision Dragon,DARK,7,Dragon,0,2800,70333910,effect
14994,Archnemeses Protos,DARK,11,Wyrm,2500,3000,6728559,effect
14995,Archnemeses Eschatos,LIGHT,11,Dragon,3000,2500,33212663,effect
14996,Nemeses Flag,FIRE,2,Pyro,1100,200,19211362,effect
14997,Nemeses Umbrella,WATER,3,Aqua,1500,400,46606977,effect
14998,Nemeses Corridor,WIND,4,Thunder,1900,600,72090076,effect
14999,Deep Sea Artisan,WATER,1,Sea Serpent,0,500,8495780,effect
15000,Deep Sea Sentry,WATER,2,Sea Serpent,400,2000,45483489,effect
15001,Deep Sea Minstrel,WATER,3,Sea Serpent,1200,1500,71978434,effect
15002,Red Familiar,DARK,4,Fiend,1600,0,8372133,effect
15003,Crimson Resonator,DARK,2,Fiend,800,300,34761841,effect
15004,Lantern Shark,WATER,4,Fish,1500,900,70156946,effect
15005,Buzzsaw Shark,WATER,4,Fish,1600,500,7150545,effect
15006,Ancient Warriors - Ambitious Cao De,FIRE,8,Beast-Warrior,3000,2500,33545259,effect
15007,Ancient Warriors - Fearsome Zhang Yuan,FIRE,6,Beast-Warrior,2300,2000,60033398,effect
15008,Ancient Warriors - Deceptive Jia Wen,FIRE,4,Beast-Warrior,1100,1800,6438003,effect
15009,Ancient Warriors - Ingenious Zhuge Kong,WIND,4,Beast-Warrior,1000,2000,32422602,effect
15010,"Girsu, the Orcust Mekk-Knight",DARK,4,Machine,1800,0,69811710,effect
15011,Thunder Dragonlord,LIGHT,9,Thunder,3000,2000,5206415,effect
15012,Chamber Dragonmaid,DARK,4,Dragon,500,1800,32600024,effect
15013,"Harr, Generaider Boss of Storms",DARK,9,Spellcaster,3000,3000,68199168,effect
15014,"Loptr, Shadow of the Generaider Bosses",FIRE,4,Fairy,1500,1500,94183877,effect
15015,Unchained Twins - Sarama,DARK,3,Fiend,1500,1500,31588572,effect
15016,King Beast Barbaros,EARTH,8,Beast-Warrior,3000,1200,63972571,effect
15017,"Gizmek Uka, the Festive Fox of Fecundity",EARTH,7,Machine,2250,2250,90361289,effect
15018,Trias Hierarchia,LIGHT,9,Fairy,1900,2900,26866984,effect
15019,Cataclysmic Circumpolar Chilblainia,WATER,8,Fairy,2600,200,62850093,effect
15020,Union Driver,LIGHT,5,Machine,2100,1000,99249638,effect
15021,"Malice, Lady of Lament",DARK,3,Fiend,1000,1000,25643346,effect
15022,Ghost Mourner & Moonlit Chill,WIND,3,Zombie,0,1800,52038441,effect
15023,Animadorned Archosaur,LIGHT,1,Dinosaur,0,0,98022050,effect
15024,Goldilocks the Battle Landscaper,EARTH,10,Machine,0,3000,24521754,effect
15025,Magical Hound,EARTH,1,Machine,500,800,51916853,effect
15070,Annihilator Archfiend,DARK,9,Fiend,2000,3000,29603180,effect
15071,Guard Ghost,DARK,4,Zombie,1800,100,56198785,effect
15072,"Feedran, the Winds of Mischief",WIND,3,Dragon,1700,0,92597893,effect
15075,"Whitebeard, the Plunder Patroll Helm",WATER,4,Fiend,1500,1000,31374201,effect
15076,"Redbeard, the Plunder Patroll Matey",WATER,4,Fiend,1000,1000,68769900,effect
15082,Infernoble Knight - Renaud,FIRE,1,Warrior,500,200,56824871,effect
15083,Diviner of the Herald,LIGHT,2,Fairy,500,300,92919429,effect
15084,Seleglare the Luminous Lunar Dragon,LIGHT,6,Dragon,2400,1000,29303524,effect
15085,Ret-time Reviver Emit-ter,DARK,2,Fairy,800,0,55702233,effect
15089,Machina Citadel,EARTH,10,Machine,3000,2500,87074380,effect
15090,Machina Air Raider,EARTH,8,Machine,1500,2600,23469398,effect
15091,Machina Irradiator,EARTH,8,Machine,1700,2400,50863093,effect
15095,Machina Possesstorage,DARK,4,Machine,1600,1500,85136114,effect
15097,Adamancipator Seeker,EARTH,2,Rock,1200,1000,48519867,effect
15098,Adamancipator Researcher,EARTH,2,Rock,100,2100,85914562,effect
15099,Adamancipator Analyzer,EARTH,4,Rock,1500,700,11302671,effect
15100,Adamancipator Crystal - Leonite,FIRE,4,Rock,0,2200,47897376,effect
15101,Adamancipator Crystal - Raptite,WIND,4,Rock,0,2200,74891384,effect
15102,Adamancipator Crystal - Dragite,WATER,4,Rock,0,2200,10286023,effect
15110,Rikka Petal,WATER,1,Plant,0,0,71734607,effect
15111,Primula the Rikka Fairy,WATER,4,Plant,800,1800,8129306,effect
15112,Cyclamen the Rikka Fairy,WATER,4,Plant,1800,800,34614910,effect
15113,Mudan the Rikka Fairy,WATER,6,Plant,1000,2400,71002019,effect
15114,Erica the Rikka Fairy,WATER,6,Plant,2400,1000,7407724,effect
15115,Snowdrop the Rikka Fairy,WATER,8,Plant,1200,2600,33491462,effect
15116,Hellebore the Rikka Fairy,WATER,8,Plant,2600,1200,60880471,effect
15123,Eldlich the Golden Lord,LIGHT,10,Zombie,2500,2800,95440946,effect
15133,Armored Bitron,DARK,2,Cyberse,500,0,29374928,effect
15134,Gussari @Ignister,EARTH,8,Cyberse,3000,3000,55762976,effect
15135,Gatchiri @Ignister,EARTH,8,Cyberse,0,3000,82257671,effect
15136,"Raviel, Lord of Phantasms - Shimmering Scraper",DARK,10,Fiend,4000,4000,28651380,effect
15137,Chaos Core,DARK,3,Fiend,0,0,54040484,effect
15138,Dark Beckoning Beast,DARK,2,Fiend,0,0,81034083,effect
15139,Chaos Summoning Beast,DARK,1,Fiend,0,0,27439792,effect
15147,Traptrix Genlisea,EARTH,4,Plant,1200,1600,88078306,effect
15179,Speedroid Block-n-Roll,WIND,4,Machine,1000,1800,69550259,effect
15180,Speedroid CarTurbo,WIND,3,Machine,800,1200,96945958,effect
15181,D/D Dog,DARK,6,Fiend,2000,2000,32349062,effect_pendulum
15182,Machina Metalcruncher,EARTH,9,Machine,2800,0,69838761,effect
15234,Virtual World Hime - Nyannyan,WIND,3,Psychic,1500,1500,8736823,effect
15235,Gaia the Magical Knight,LIGHT,7,Warrior,2300,2100,34130561,effect
15236,"Curse of Dragon, the Cursed Dragon",DARK,5,Dragon,2000,1500,61525276,effect
15237,Artillery Catapult Turtle,WATER,4,Aqua,1000,2000,7913375,effect
15238,Soldier Gaia The Fierce Knight,DARK,8,Warrior,2600,2100,33318980,effect
15239,"Dogmatika Ecclesia, the Virtuous",LIGHT,4,Spellcaster,1500,1500,60303688,effect
15240,"Dogmatika Theo, the Iron Punch",LIGHT,4,Spellcaster,1800,1500,96891787,effect
15241,"Dogmatika Adin, the Enlightened",LIGHT,4,Spellcaster,1000,1800,33296432,effect
15242,"Dogmatika Fleurdelis, the Knighted",LIGHT,8,Spellcaster,2500,2500,69680031,effect
15243,Dogmatika Maximus,LIGHT,8,Spellcaster,1500,3000,95679145,effect
15244,Dogmatika Nexus,LIGHT,11,Spellcaster,3200,3200,22073844,effect
15245,Fallen of Albaz,DARK,4,Dragon,1800,0,68468459,effect
15246,Infernoble Knight Astolfo,FIRE,1,Warrior,500,200,95953557,effect
15247,Infernoble Knight Ogier,FIRE,4,Warrior,1500,2000,21351206,effect
15248,Infernoble Knight Oliver,FIRE,4,Warrior,1000,1500,58346901,effect
15249,Infernoble Knight Maugis,FIRE,4,Warrior,1500,1000,94730900,effect
15250,Melffy Rabby,EARTH,2,Beast,0,2100,20129614,normal
15251,Melffy Fenny,EARTH,2,Beast,100,300,57523313,effect
15252,Melffy Catty,EARTH,2,Beast,200,200,93018428,effect
15253,Melffy Puppy,EARTH,2,Beast,300,100,20003027,effect
15254,Melffy Pony,EARTH,2,Beast,400,0,56401775,effect
15255,Fluffal Dolphin,WATER,4,Fairy,1600,1000,82896870,effect
15256,Edge Imp Scythe,DARK,3,Fiend,1000,0,29280589,effect
15257,Capricious Darklord,DARK,4,Fairy,0,1600,55289183,effect
15258,Indulged Darklord,DARK,4,Fairy,1600,0,82773292,effect
15259,Darklord Nergal,DARK,8,Fairy,2700,2500,18168997,effect
15260,Machina Resavenger,DARK,4,Machine,1200,1800,54563536,effect
15261,Unauthorized Bootup Device,DARK,1,Machine,500,0,81951640,effect
15262,Mathmech Diameter,LIGHT,4,Cyberse,1000,1500,17946349,effect
15263,Nemeses Keystone,EARTH,1,Rock,700,0,44440058,effect
15264,Koa'ki Meiru Supplier,EARTH,4,Rock,1400,1600,80839052,effect
15265,Thunder Hand,LIGHT,4,Thunder,1600,1600,16223761,effect
15266,"Gizmek Okami, the Dreaded Deluge Dragon",WATER,10,Machine,2950,2950,43218406,effect
15267,Lifeless Leaffish,WATER,4,Fish,1500,1600,89617515,effect
15268,Red Potan,FIRE,1,Fairy,100,200,16001119,effect
15269,Dracoon Lamp,FIRE,4,Wyrm,500,2000,42596828,effect
15270,Megalith Phul,EARTH,2,Rock,500,2000,78990927,ritual
15315,Piwraithe the Ghost Pirate,WATER,4,Aqua,1500,500,83682209,effect
15316,Rose Girl,EARTH,3,Plant,800,600,29177818,effect
15317,Scrypton,WATER,5,Cyberse,1500,1500,56161953,effect
15320,"Bluebeard, the Plunder Patroll Shipwright",WATER,4,Fiend,500,1000,55349375,effect
15321,"Goldenhair, the Newest Plunder Patroll",WATER,4,Fiend,0,2000,81344070,effect
15330,Reactor Slime,WATER,4,Aqua,500,500,79387392,effect
15331,Guardian Slime,WATER,10,Aqua,0,0,15771991,effect
15337,Meklord Astro Dragon Triskelion,DARK,10,Machine,3000,0,4837861,effect
15338,Meklord Emperor Wisel - Synchro Absorption,DARK,1,Machine,2500,2500,30221870,effect
15339,Meklord Nucleus Infinity Core,DARK,1,Machine,0,0,77710579,effect
15340,Meklord Army Deployer Obbligato,LIGHT,4,Machine,1200,1800,3715284,effect
15344,Jinzo the Machine Menace,DARK,7,Machine,2400,1500,39987731,effect
15345,Psychic Bounder,LIGHT,4,Machine,1700,1000,65471349,effect
15346,Psychic Megacyber,DARK,6,Machine,2200,1200,91870448,effect
15363,Gaia the Fierce Knight Origin,EARTH,4,Warrior,1600,1200,50354944,effect
15364,Powered Crawler,EARTH,7,Machine,2700,2000,87742943,effect
15365,Weathering Soldier,EARTH,4,Rock,2000,1200,23147658,effect
15374,Armored White Bear,WATER,4,Beast,1800,1400,17170970,effect
15377,Malefic Paradigm Dragon,DARK,10,Dragon,4000,4000,16958382,effect
15378,Numeron Wall,DARK,1,Fiend,0,0,42352091,effect
15387,Flower Cardian Cherry Blossom,DARK,3,Warrior,100,100,30382214,effect
15389,Glacial Beast Blizzard Wolf,WATER,4,Aqua,1400,700,43175027,effect
15390,Glacial Beast Polar Penguin,WATER,3,Aqua,800,1000,79169622,effect
15392,Fire Flint Lady,FIRE,1,Warrior,100,100,42052439,effect
15393,Appliancer Socketroll,DARK,1,Machine,100,100,78447174,effect
15394,Appliancer Breakerbuncle,WATER,1,Machine,0,0,5846183,effect
15395,Appliancer Copybokkle,DARK,1,Machine,0,0,41830887,effect
15405,Awakening of the Possessed - Nefariouser Archfiend,EARTH,5,Beast,2000,200,65268179,effect
15406,Awakening of the Possessed - Greater Inari Fire,FIRE,5,Pyro,2000,200,92652813,effect
15461,Hundred Dragon,WIND,4,Dragon,1800,1000,90788081,effect
15470,Toon Black Luster Soldier,EARTH,8,Warrior,3000,2500,28711704,effect
15471,Toon Harpie Lady,WIND,4,Winged Beast,1300,1400,64116319,effect
15475,The Chaos Creator,DARK,8,Thunder,2300,3000,90488465,effect
15476,Chaos Daedalus,DARK,7,Sea Serpent,2600,1500,26873574,effect
15477,Chaos Valkyria,LIGHT,4,Fairy,1800,1050,53871273,effect
15480,Raider's Wing,DARK,4,Winged Beast,0,2000,52159691,effect
15481,The Phantom Knights of Stained Greaves,DARK,3,Warrior,1200,600,88544390,effect
15482,The Phantom Knights of Torn Scales,DARK,3,Warrior,600,1600,25538345,effect
15483,Raidraptor - Heel Eagle,DARK,3,Winged Beast,700,700,51933043,effect
15484,Raidraptor - Strangle Lanius,DARK,4,Winged Beast,1600,1100,87321742,effect
15485,Tri-Brigade Nervall,WIND,1,Winged Beast,0,2000,14816857,effect
15486,Tri-Brigade Kerass,EARTH,2,Beast,1200,1500,50810455,effect
15487,Tri-Brigade Fraktall,FIRE,4,Beast-Warrior,1900,1600,87209160,effect
15488,Dogmatika Ashiyan,LIGHT,8,Spellcaster,2000,1500,13694209,effect
15489,Virtual World Mai-Hime - Lulu,WIND,3,Psychic,1600,600,49088914,effect
15490,Virtual World Roshi - Laolao,WIND,6,Psychic,0,2400,86483512,effect
15491,Virtual World Xiezhi - Jiji,EARTH,3,Wyrm,1000,1600,12571621,effect
15492,Virtual World Kirin - Lili,EARTH,6,Wyrm,1800,600,49966326,effect
15493,Dual Avatar Fists - Yuhi,LIGHT,4,Warrior,1800,1000,85360035,effect
15494,Dual Avatar Feet - Kokoku,LIGHT,3,Warrior,800,2000,11759079,effect
15495,Infernity Conjurer,DARK,3,Fiend,1200,900,48144778,effect
15496,Infernity Wildcat,DARK,3,Fiend,1400,0,74148483,effect
15497,U.A. Libero Spiker,EARTH,4,Warrior,1800,1800,11637481,effect
15498,U.A. Player Manager,EARTH,8,Warrior,2000,2600,47021196,effect
15499,Awakening of the Possessed - Gagigobyte,WATER,5,Reptile,2000,200,74426895,effect
15500,Awakening of the Possessed - Rasenryu,WIND,5,Dragon,2000,200,410904,effect
15501,"Gizmek Makami, the Ferocious Fanged Fortress",WIND,6,Machine,2150,2150,46809548,effect
15502,"Alpha, the Master of Beasts",EARTH,8,Beast,3000,2500,73304257,effect
15503,"Prufinesse, the Tactical Trapper",DARK,4,Fiend,1800,0,9798352,effect
15504,Rock Band Xenoguitar,EARTH,4,Rock,1000,2000,36187051,effect
15505,Magical Broker,DARK,3,Spellcaster,1500,200,72171665,effect
15506,Gluttonous Reptolphin Greethys,WATER,3,Fish,1000,1000,8576764,effect
15507,Cupid Fore,LIGHT,6,Fairy,2200,600,35960413,effect
15508,Hinezumi Hanabi,FIRE,4,Beast,2000,200,71459017,effect
15509,Conductor of Nephthys,WIND,2,Spellcaster,2000,0,8454126,ritual
15563,Mahaama the Fairy Dragon,LIGHT,5,Dragon,0,2500,545781,effect
15564,Jabbing Panda,WATER,3,Beast-Warrior,1500,1000,36539330,effect
15568,Myutant M-05,WATER,2,Psychic,0,500,62201847,effect
15569,Myutant ST-46,WATER,3,Psychic,500,0,8200556,effect
15570,Myutant Beast,EARTH,8,Beast,2400,2400,34695290,effect
15571,Myutant Mist,WIND,8,Spellcaster,2700,2900,61089209,effect
15572,Myutant Arsenal,FIRE,8,Machine,3000,1000,7574904,effect
15575,Eda the Sun Magician,EARTH,4,Spellcaster,1500,1500,96352326,effect
15576,Samsara Dragon,LIGHT,1,Dragon,0,0,33750025,effect
15584,Cocatorium the Heavy Metal Avian,WIND,4,Winged Beast,1300,900,94395649,effect
15585,Virtual World Oto-Hime - Toutou,EARTH,6,Wyrm,1200,1800,20799347,effect
15586,Dragunity Arma Gram,WIND,10,Dragon,2900,2200,53184342,effect
15587,Dragunity Legatus,WIND,4,Winged Beast,1800,1200,89172051,effect
15588,Dragunity Remus,WIND,2,Dragon,800,800,26577155,effect
15612,"Crowley, the Magistus of Grimoires",DARK,4,Spellcaster,1800,1000,9505425,effect
15613,"Zoroa, the Magistus of Flame",FIRE,4,Spellcaster,1500,1500,36099130,effect
15614,"Rilliona, the Magistus of Verre",LIGHT,4,Spellcaster,800,1800,72498838,effect
15615,"Endymion, the Magistus of Mastery",WATER,4,Spellcaster,1300,1700,9482987,effect
15624,Live☆Twin Ki-sikil,LIGHT,2,Cyberse,500,0,36326160,effect
15625,Live☆Twin Lil-la,DARK,2,Cyberse,500,0,73810864,effect
15628,Evil★Twins Ki-sikil & Lil-la,DARK,8,Fiend,2200,2200,62098216,effect
15635,Drytron Alpha Thuban,LIGHT,1,Machine,2000,0,97148796,effect
15636,Drytron Beta Rastaban,LIGHT,1,Machine,2000,0,33543890,effect
15637,Drytron Gamma Eltanin,LIGHT,1,Machine,2000,0,60037599,effect
15638,Drytron Zeta Aldhibah,LIGHT,1,Machine,2000,0,96026108,effect
15639,Drytron Delta Altais,LIGHT,1,Machine,2000,0,22420202,effect
15640,Drytron Meteonis Draconids,LIGHT,12,Machine,4000,4000,69815951,ritual
15641,Drytron Meteonis Quadrantids,LIGHT,12,Machine,4000,4000,95209656,ritual
15689,Dragunity Guisarme,WIND,3,Dragon,600,1600,69975751,effect
15692,Armed Dragon Thunder LV10,WIND,10,Dragon,3000,2000,58153103,effect
15693,Armed Dragon Thunder LV7,WIND,7,Dragon,2800,1000,94141712,effect
15694,Armed Dragon Thunder LV5,WIND,5,Dragon,2400,1700,21546416,effect
15695,Armed Dragon Thunder LV3,WIND,3,Dragon,1200,900,57030525,effect
15696,Armed Dragon LV10 White,LIGHT,10,Dragon,3000,2000,84425220,effect
15697,Springans Rockey,FIRE,4,Machine,1800,800,20424878,effect
15698,Springans Pedor,FIRE,4,Machine,0,2000,56818977,effect
15699,Springans Branga,FIRE,8,Machine,500,2500,83203672,effect
15700,Springans Captain Sargas,FIRE,8,Machine,1500,2800,29601381,effect
15701,Tri-Brigade Kitt,FIRE,2,Beast,700,1000,56196385,effect
15702,S-Force Rappa Chiyomaru,DARK,2,Warrior,800,1000,22180094,effect
15703,S-Force Professor DiGamma,DARK,3,Psychic,1000,1500,58589739,effect
15704,S-Force Orrafist,LIGHT,4,Cyberse,1800,1000,95974848,effect
15705,S-Force Gravitino,LIGHT,5,Psychic,2000,1400,21368442,effect
15706,S-Force Pla-Tina,DARK,6,Spellcaster,2200,2000,58363151,effect
15707,Windwitch - Blizzard Bell,WIND,5,Spellcaster,1800,1800,84851250,effect
15708,Windwitch - Freeze Bell,WIND,3,Spellcaster,1200,1200,20246864,effect
15709,Fabled Marcosia,LIGHT,4,Fiend,1700,0,57630503,effect
15710,The Fabled Abanc,LIGHT,2,Beast,1000,600,83039608,effect
15711,Parametalfoes Melcaster,FIRE,7,Psychic,2000,2500,10024317,effect_pendulum
15712,Metalfoes Vanisher,FIRE,9,Psychic,2900,1900,56518311,effect_pendulum
15713,Constellar Caduceus,LIGHT,4,Spellcaster,1600,1550,82913020,effect
15714,Digital Bug Registrider,LIGHT,3,Insect,1000,1000,19301729,effect
15715,"Maha Vailo, Light of the Heavens",LIGHT,8,Spellcaster,1550,1400,45796834,effect
15716,Ancient Warriors - Rebellious Lu Feng,DARK,8,Beast-Warrior,2800,2200,82791472,effect
15717,"Neiroy, the Dream Mirror Disciple",LIGHT,3,Fairy,1000,1000,18189187,effect
15718,Machina Unclaspare,DARK,4,Machine,1800,800,45674286,effect
15719,Live☆Twin Lil-la Treat,DARK,2,Zombie,500,0,81078880,effect
15720,Heavenly Zephyr - Miradora,WIND,7,Dragon,2000,2600,17063599,effect
15721,Fairy Archer Ingunar,EARTH,6,Plant,2400,1200,44451698,effect
15722,Radiant Vouirescence,LIGHT,4,Dragon,1600,800,70856343,effect
15723,Gigathunder Giclops,WIND,4,Thunder,1400,1700,17241941,effect_pendulum
15724,Amanokujaki,LIGHT,3,Fiend,1000,1000,43739056,effect
15725,Guitar Gurnards Duonigis,WATER,3,Sea Serpent,1500,700,79724755,effect
15726,Wightbaking,DARK,1,Zombie,300,200,6128460,effect
15727,Ojama Pink,LIGHT,2,Beast,0,1000,42517468,effect
15728,Knight of Armor Dragon,WIND,4,Dragon,1900,1200,75901113,ritual
15773,Myutant GB-88,WATER,4,Psychic,500,500,43709490,effect
15780,Chaos Grepher,LIGHT,4,Warrior,1700,1600,18859369,effect
15828,General Wayne of the Ice Barrier,WATER,5,Warrior,2100,400,81825063,effect
15829,Revealer of the Ice Barrier,WATER,4,Spellcaster,1700,1000,18319762,effect
15830,Speaker for the Ice Barriers,WATER,4,Spellcaster,1000,1800,44308317,effect
15831,Hexa Spirit of the Ice Barrier,WATER,1,Sea Serpent,400,200,70703416,effect
15840,Golden-Eyes Idol,DARK,1,Spellcaster,0,0,78642798,effect
15841,Millennium Seeker,DARK,4,Spellcaster,1000,1000,5130393,effect
15842,Zolga the Prophet,EARTH,4,Fairy,1700,1200,31525442,effect
15844,Vampire Voivode,DARK,8,Zombie,2800,2100,4918855,effect
15845,Laval Archer,FIRE,4,Pyro,1000,200,30303854,effect
15849,Nehshaddoll Genius,EARTH,4,Machine,1800,1000,66675911,effect
15850,Helshaddoll Hollow,FIRE,9,Fiend,2900,2900,92079625,effect
15851,Nekroz of Areadbhair,WATER,10,Warrior,3300,3200,39468724,ritual
15852,Fairy Tail - Rochka,LIGHT,4,Spellcaster,1850,1000,65953423,effect
15855,Time Thief Adjuster,DARK,4,Psychic,1200,1800,64730881,effect
15857,Sunseed Genius Loci,EARTH,1,Plant,0,600,27520594,normal
15858,Sunvine Maiden,EARTH,1,Plant,0,0,53618293,effect
15859,Sunseed Shadow,EARTH,1,Plant,0,400,30013902,effect
15860,Sunseed Twin,EARTH,2,Plant,0,800,66407907,effect
15870,"Starry Night, Starry Dragon",LIGHT,7,Dragon,2500,2300,90835938,effect
15871,Starry Knight Rayel,LIGHT,4,Fairy,1800,700,23220533,effect
15872,Starry Knight Astel,LIGHT,4,Fairy,500,2000,59228631,effect
15873,Starry Knight Flamel,LIGHT,4,Fairy,1500,1000,86613346,effect
15879,Flint Cragger,EARTH,3,Rock,800,1600,84778110,effect
15880,Shell Knight,EARTH,4,Rock,0,2000,10163855,effect
15884,Infernity Sage,DARK,2,Fiend,400,800,46435376,effect
15885,Infernity Pawn,DARK,1,Fiend,0,0,82434071,effect
15888,Doll Monster Miss Mädchen,LIGHT,4,Fairy,0,0,72717433,normal
15889,Doll Monster Bear-Bear,WIND,4,Beast,0,0,18106132,normal
15890,Grandpa Demetto,DARK,1,Spellcaster,0,0,44190146,effect
15896,Zuijin of the Ice Barrier,WATER,2,Warrior,500,300,43256007,effect
15945,War Rock Fortia,EARTH,4,Warrior,1700,1700,83286340,effect
15946,War Rock Gactos,EARTH,4,Warrior,1900,1900,19771459,effect
15947,War Rock Orpis,EARTH,5,Warrior,2100,2100,46169154,effect
15948,War Rock Skyler,EARTH,6,Warrior,2200,2200,72554862,effect
15949,War Rock Bashileos,EARTH,8,Warrior,2700,2700,18558867,effect
15952,Raging Storm Dragon - Beaufort IX,WIND,9,Dragon,2800,2800,8836329,ritual
15956,Materiactor Gigadra,DARK,3,Dragon,1000,1000,33008376,effect
15962,ZW - Pegasus Twin Saber,LIGHT,5,Beast,1000,2100,32164201,effect
15963,ZS - Armed Sage,LIGHT,4,Warrior,300,900,68258355,effect
15964,ZS - Ascended Sage,LIGHT,4,Warrior,900,300,4647954,effect
15965,Supreme Sovereign Serpent of Golgonda,FIRE,8,Reptile,-1,0,31042659,effect
15966,Springans Brothers,FIRE,4,Machine,300,1800,67436768,effect
15967,Amazement Administrator Arlekino,DARK,7,Psychic,2600,2200,94821366,effect
15968,Amazement Ambassador Bufo,EARTH,3,Beast,1600,900,30829071,effect
15969,Amazement Attendant Comica,LIGHT,4,Machine,1400,1800,67314110,effect
15970,Roxrose Dragon,DARK,3,Dragon,1600,1200,93708824,effect
15971,Ruddy Rose Witch,LIGHT,1,Plant,800,1700,29107423,effect
15972,Danmari @Ignister,DARK,6,Cyberse,2300,0,66192538,effect
15973,Bujin Mahitotsu,LIGHT,4,Beast-Warrior,0,1800,92586237,effect
15974,Bujin Torifune,LIGHT,4,Beast-Warrior,1500,500,29981935,effect
15975,S-Force Dog Tag,LIGHT,5,Machine,1600,2100,65479980,effect
15976,S-Force Edge Razor,DARK,4,Cyberse,1500,1300,91864689,effect
15977,Traptrix Vesiculo,EARTH,4,Plant,1400,1400,28868394,effect
15978,Live☆Twin Ki-sikil Frost,LIGHT,2,Aqua,500,0,54257392,effect
15979,"Blackeyes, the Plunder Patroll Seaguide",WATER,4,Fiend,1000,1000,91642007,effect
15980,Starry Knight Ciel,LIGHT,4,Fairy,1700,800,27036706,effect
15981,Judge of the Ice Barrier,WATER,4,Warrior,1800,900,53535814,effect
15982,Scrap Raptor,EARTH,4,Dinosaur,1400,1000,80529459,effect
15983,Dark Honest,DARK,4,Fairy,1100,1900,26914168,effect
15984,"Bahalutiya, the Grand Radiance",LIGHT,7,Dragon,2000,2400,53318263,effect
15985,Pharaonic Guardian Sphinx,EARTH,8,Rock,2300,3000,89707961,effect
15986,Sky Scourge Cidhels,EARTH,6,Fiend,2200,1600,15792576,effect
15987,Anchamoufrite,LIGHT,5,Spellcaster,1800,0,52296675,effect_pendulum
15988,Dark Eye Nightmare,DARK,4,Fiend,1700,1700,88685329,effect
15989,World Soul - Carbon,EARTH,4,Fairy,1200,1200,15079028,effect
15990,Yamorimori,WATER,2,Reptile,0,0,51474037,effect
15991,Clock Arc,DARK,4,Machine,600,1200,87468732,effect_pendulum
15992,Otoshidamashi,EARTH,1,Beast,1000,1000,14957440,effect
15993,White Knight of Dogmatika,LIGHT,8,Spellcaster,500,2500,40352445,ritual
16046,Proxy Horse,LIGHT,4,Cyberse,1100,1100,16684346,effect
16047,Time Thief Temporwhal,DARK,4,Machine,800,1400,52083044,effect
16071,"Nunu, the Ogdoadic Remnant",LIGHT,4,Reptile,0,0,36010310,effect
16072,"Nauya, the Ogdoadic Remnant",DARK,4,Reptile,0,2000,62405028,effect
16073,"Flogos, the Ogdoadic Boundless",LIGHT,4,Reptile,1800,1400,9400127,effect
16074,"Zohah, the Ogdoadic Boundless",DARK,4,Reptile,1500,1700,35998832,effect
16075,"Keurse, the Ogdoadic Light",LIGHT,8,Reptile,400,2400,62383431,effect
16076,"Aleirtt, the Ogdoadic Dark",DARK,8,Reptile,2000,800,98787535,effect
16077,"Aron, the Ogdoadic King",LIGHT,8,Reptile,2500,2800,34172284,effect
16078,"Amunessia, the Ogdoadic Queen",DARK,8,Reptile,2700,2100,61160289,effect
16079,"Ogdoabyss, the Ogdoadic Overlord",LIGHT,10,Reptile,3100,2200,97565997,effect
16084,DoSolfachord Cutia,EARTH,1,Fairy,100,400,55226153,effect_pendulum
16085,ReSolfachord Dreamia,WIND,2,Fairy,600,400,92610868,effect_pendulum
16086,MiSolfachord Eliteia,WATER,3,Fairy,1100,400,28115467,effect_pendulum
16087,FaSolfachord Fancia,FIRE,4,Fairy,1600,400,54100561,effect_pendulum
16088,SolSolfachord Gracia,WATER,5,Fairy,2100,1400,91598270,effect_pendulum
16089,LaSolfachord Angelia,FIRE,6,Fairy,2300,1400,27993919,effect_pendulum
16090,TiSolfachord Beautia,EARTH,7,Fairy,2500,2400,54387923,effect_pendulum
16091,DoSolfachord Coolia,WIND,8,Fairy,2700,2500,80776622,effect_pendulum
16097,Ursarctic Mikpolar,WATER,7,Beast,700,2000,29537493,effect
16098,Ursarctic Miktanus,WATER,7,Beast,700,1700,55936191,effect
16099,Ursarctic Mikbilis,WATER,7,Beast,700,1400,81321206,effect
16100,Ursarctic Megapolar,WATER,8,Beast-Warrior,2500,700,28715905,effect
16101,Ursarctic Megatanus,WATER,8,Beast-Warrior,2400,700,54700519,effect
16102,Ursarctic Megabilis,WATER,8,Beast-Warrior,2800,700,81108658,effect
16122,Staysailor Romarin,LIGHT,4,Plant,1600,300,49964567,effect
16184,Amabie,WATER,3,Fairy,0,0,2139640,effect
16188,Chow Sai the Ghost Stopper,DARK,4,Spellcaster,1900,800,38412161,effect
16189,Crow Tengu,EARTH,4,Zombie,1400,1200,64806765,effect
16190,Converging Wills Dragon,LIGHT,1,Dragon,0,0,291414,effect
16191,Stardust Synchron,LIGHT,4,Machine,1500,1000,37799519,effect
16192,Stardust Trail,LIGHT,4,Dragon,500,2000,63184227,effect
16193,Despian Comedy,DARK,1,Fairy,0,2000,90179822,effect
16194,Despian Tragedy,DARK,1,Fairy,400,400,36577931,effect
16195,Aluber the Jester of Despia,DARK,4,Fairy,1800,0,62962630,effect
16196,Dramaturge of Despia,DARK,8,Fairy,3000,1500,99456344,effect
16197,Albion the Shrouded Dragon,DARK,8,Dragon,2500,2000,25451383,effect
16198,The Iris Swordsoul,LIGHT,8,Spellcaster,2500,2500,62849088,effect
16199,"Clavkiys, the Magikey Skyblaster",DARK,4,Warrior,1900,1900,98234196,normal
16200,Gunkan Suship Shari,FIRE,4,Aqua,2000,0,24639891,normal
16201,Gunkan Suship Ikura,FIRE,4,Aqua,200,300,61027400,effect
16202,Chronomaly Magella Globe,LIGHT,4,Machine,1500,300,97112505,effect
16203,Chronomaly Acambaro Figures,EARTH,5,Rock,1000,1800,24506253,effect
16204,"Gizmek Inaba, the Hopping Hare of Hakuto",WIND,1,Machine,50,50,50901852,effect
16205,"Gizmek Naganaki, the Sunrise Signaler",LIGHT,2,Machine,950,950,96399967,effect
16206,"Gizmek Taniguku, the Immobile Intellect",EARTH,3,Machine,1450,1450,23384666,effect
16207,"Gizmek Arakami, the Hailbringer Hog",WATER,4,Machine,1850,1850,59789370,effect
16208,Gusto Vedir,WIND,3,Winged Beast,600,1000,86277379,effect
16209,Amazement Assistant Delia,LIGHT,4,Machine,1800,1400,22662014,effect
16210,Alien Stealthbuster,LIGHT,4,Reptile,1700,1500,58066722,effect
16211,"Carpiponica, Mystical Beast of the Forest",EARTH,7,Beast,1000,2600,85055821,effect
16212,Glacier Aqua Madoor,WATER,6,Spellcaster,1200,3000,11449436,effect
16213,Antihuman Intelligence ME-PSY-YA,LIGHT,8,Cyberse,2500,3000,58844135,effect_pendulum
16214,Protecting Spirit Loagaeth,LIGHT,7,Fairy,2400,2100,84339249,effect
16215,Master's Diploman,DARK,5,Machine,2000,2000,11327848,effect
16216,Konohanasakuya,EARTH,3,Fairy,1300,1300,57722593,effect
16217,Doombearer Psychopompos,EARTH,2,Zombie,0,0,83116692,effect
16218,Slower Swallow,WIND,1,Winged Beast,100,100,10505300,effect
16219,Saambell the Star Bonder,WIND,3,Spellcaster,1400,1300,46999905,effect_pendulum
16220,Aeropixthree,WIND,1,Fairy,200,200,83094004,effect
16221,Magikey Mechmusket - Batosbuster,DARK,4,Machine,2000,2200,19489718,ritual
16222,Magikey Mechmortar - Garesglasser,EARTH,8,Machine,2000,2800,45877457,ritual
16271,Proof of Pruflas,DARK,3,Fiend,100,100,85847157,effect
16272,Thron the Disciplined Angel,EARTH,4,Fairy,1500,600,12332865,effect
16276,War Rock Wento,EARTH,4,Warrior,1800,1800,47504322,effect
16277,War Rock Mammud,EARTH,5,Warrior,2000,2000,84903021,effect
16278,War Rock Meteoragon,EARTH,7,Warrior,2600,2600,10497636,effect
16284,Pile Armed Dragon,WIND,7,Dragon,2800,1000,19153590,effect
16295,Attachment Cybern,LIGHT,3,Dragon,1600,800,79875526,effect
16296,Cyberdark Chimera,DARK,4,Machine,800,2100,5370235,effect
16306,Nowru Aries the Vernal Dragon,WIND,7,Dragon,2000,2500,25607552,effect
16376,Speedroid Fuki-Modoshi Piper,WIND,4,Machine,1000,1000,50482813,effect
16377,Speedroid Ultra Hound,WIND,3,Machine,800,800,86976918,effect
16383,Sauge de Fleur,DARK,8,Spellcaster,2900,0,85032782,effect
16384,White Steed of the Floral Knights,WIND,6,Beast,2400,1800,11426487,effect
16385,Necro Synchron,DARK,2,Machine,200,400,48421595,effect
16390,Lyrilusc - Beryl Canary,WIND,1,Winged Beast,0,200,10182251,effect
16391,Lyrilusc - Celestine Wagtail,WIND,1,Winged Beast,200,0,46576366,effect
16397,Kuribah,DARK,1,Fiend,300,200,44632120,effect
16398,Kuribee,DARK,1,Fiend,300,200,71036835,effect
16399,Kuriboo,DARK,1,Fiend,300,200,7021574,effect
16400,Kuribeh,DARK,1,Fiend,300,200,34419588,effect
16401,Kuribabylon,DARK,5,Fiend,1500,1000,70914287,effect
16403,Yowie,EARTH,3,Reptile,500,500,33393090,effect
16407,Dragonroid,WIND,8,Machine,2900,1000,9069157,effect
16411,Noble Knight's Shield-Bearer,LIGHT,4,Warrior,800,1300,34242278,effect
16412,Horse of the Floral Knights,WIND,3,Beast,400,800,71736213,effect
16413,Noble Knight's Spearholder,LIGHT,2,Warrior,800,400,7721912,effect
16419,ZW - Sylphid Wing,LIGHT,4,Beast,800,1600,95886782,effect
16420,ZS - Ouroboros Sage,DARK,3,Warrior,600,0,32281491,effect
16423,Silent Sea Nettle,WATER,4,Aqua,800,1300,31059809,effect
16432,Cipher Biplane,LIGHT,6,Machine,1000,2000,29092121,effect
16467,Astraltopia,LIGHT,4,Warrior,0,0,69852487,effect
16477,Arcana Triumph Joker,LIGHT,10,Warrior,-1,2500,93880808,effect
16478,Joker's Knight,LIGHT,5,Warrior,2000,1400,29284413,effect
16479,Imperial Bower,LIGHT,4,Warrior,1500,1500,56673112,effect
16487,Rokket Caliber,DARK,4,Dragon,1700,100,67127799,effect
16488,Double Disruptor Dragon,DARK,8,Dragon,2500,1500,93612434,effect
16489,Swordsoul of Mo Ye,WATER,4,Wyrm,1700,1800,20001443,effect
16490,Swordsoul of Taia,WIND,4,Wyrm,1800,1500,56495147,effect
16491,Swordsoul Strategist Longyuan,FIRE,6,Wyrm,1200,2300,93490856,effect
16492,Swordsoul Auspice Chunjun,EARTH,6,Wyrm,2400,1800,29884951,effect
16493,"Incredible Ecclesia, the Virtuous",LIGHT,4,Spellcaster,1500,1500,55273560,effect
16494,Icejade Acti,WATER,4,Aqua,1000,1000,82777208,effect
16495,Icejade Tinola,WATER,4,Aqua,1000,1000,28762303,effect
16496,Icejade Tremora,WATER,5,Aqua,1500,1500,55151012,effect
16497,Ad Libitum of Despia,DARK,8,Fairy,1500,2000,81555617,effect
16498,Floowandereeze & Robina,WATER,1,Winged Beast,600,1200,18940725,effect
16499,Floowandereeze & Eglen,WIND,1,Winged Beast,800,1000,54334420,effect
16500,Floowandereeze & Stri,WATER,1,Winged Beast,700,1100,80433039,effect
16501,Floowandereeze & Toccan,WIND,1,Winged Beast,500,1300,17827173,effect
16502,Floowandereeze & Snowl,WATER,10,Winged Beast,2900,800,53212882,effect
16503,Floowandereeze & Empen,WIND,10,Winged Beast,2700,1000,80611581,effect
16504,Destiny HERO - Denier,DARK,3,Warrior,1100,600,16605586,effect
16505,Reptilianne Nyami,DARK,2,Reptile,200,0,42090294,effect
16506,Reptilianne Coatl,DARK,4,Reptile,1400,1000,89594399,effect
16507,Maginificent Magikey Mafteal,LIGHT,4,Fiend,1600,1600,15983048,effect
16508,Gunkan Suship Uni,FIRE,5,Aqua,900,500,42377643,effect
16509,Gunkan Suship Shirauo,FIRE,4,Aqua,200,250,78362751,effect
16510,Penguin Squire,WATER,5,Aqua,1800,600,14761450,effect
16511,Penguin Ninja,WATER,3,Aqua,1400,700,41255165,effect
16512,Penguin Cleric,WATER,3,Aqua,600,1700,73640163,effect
16513,Starry Knight Orbitael,LIGHT,4,Fairy,400,2100,44818,effect
16514,Machina Ruinforce,DARK,10,Machine,4600,4100,46033517,effect
16515,Mimicking Man-Eater Bug,EARTH,4,Insect,450,600,72427512,effect
16516,Lord of the Heavenly Prison,DARK,10,Rock,3000,3000,9822220,effect
16517,Fengli the Soldrapom,FIRE,1,Plant,800,0,35311929,effect
16518,Geminize Lord Golknight,EARTH,4,Warrior,1500,500,72305034,effect
16519,Undaunted Bumpkin Beast,FIRE,2,Beast,900,2000,8700633,effect
16520,Meowseclick,EARTH,4,Cyberse,1400,1100,34198387,effect
16521,Outstanding Dog Mary,LIGHT,1,Beast,100,100,71583486,effect
16522,Borreload Riot Dragon,DARK,8,Dragon,3000,2500,7987191,ritual
16523,Transonic Bird,DARK,4,Winged Beast,0,2400,34072799,ritual
16619,Mystical Elf - White Lightning,LIGHT,4,Spellcaster,800,2000,15613529,effect
16620,Kaiser Glider - Golden Burst,LIGHT,6,Dragon,2400,2200,41002238,effect
16621,Giltia the D. Knight - Soul Spear,LIGHT,5,Warrior,1850,1500,77406972,effect
16622,Harpie's Pet Dragon - Fearsome Fire Blast,WIND,7,Dragon,2000,2500,4991081,effect
16623,Baby Mudragon,DARK,1,Dragon,0,200,40380686,effect
16624,Pazuzule,DARK,1,Fiend,500,500,77384395,effect_pendulum
16628,Beetrooper Scout Buggy,WIND,3,Insect,1000,300,2656842,effect
16629,Beetrooper Scale Bomber,FIRE,3,Insect,1200,2000,39041550,effect
16630,Beetrooper Sting Lancer,WIND,7,Insect,2400,1800,65430555,effect
16636,Astral Kuriboh,LIGHT,1,Fiend,100,100,64591429,effect
16645,Majesty Hyperion,DARK,8,Fairy,2100,2700,91434602,effect
16646,The Agent of Life - Neptune,LIGHT,1,Fairy,0,600,38529357,effect
16723,Outburst Dragon,DARK,8,Dragon,2100,2800,87263576,effect
16724,Ukiyoe-P.U.N.K. Sharakusai,EARTH,3,Psychic,1200,600,13258285,effect
16725,Gagaku-P.U.N.K. Wa Gon,EARTH,3,Psychic,900,600,50642380,effect
16726,Joruri-P.U.N.K. Madame Spider,EARTH,3,Psychic,900,600,82041999,effect
16727,Noh-P.U.N.K. Ze Amin,EARTH,3,Psychic,600,600,19535693,effect
16728,Noh-P.U.N.K. Foxy Tune,LIGHT,8,Beast,2300,2600,55920742,effect
16729,Noh-P.U.N.K. Ogre Dance,DARK,8,Fiend,2500,2000,81914447,effect
16736,Exosister Elis,LIGHT,4,Spellcaster,500,800,16474916,effect
16737,Exosister Stella,LIGHT,4,Spellcaster,300,800,43863925,effect
16738,Exosister Irene,LIGHT,4,Spellcaster,400,800,79858629,effect
16739,Exosister Sophia,LIGHT,4,Spellcaster,100,800,5352328,effect
16749,Water Enchantress of the Temple,WATER,3,Spellcaster,1500,1200,30680659,effect
16750,Magicore Warrior of the Relics,FIRE,4,Warrior,2300,1000,66078354,effect
16751,Wandering Gryphon Rider,WIND,7,Winged Beast,2000,2800,2563463,effect
16801,"Victorica, Angel of Bravery",LIGHT,4,Fairy,1400,800,79928401,effect
16806,Magikuriboh,DARK,1,Fiend,300,200,31699677,effect
16807,Dimension Conjurer,DARK,1,Spellcaster,500,500,77683371,effect
16808,Timaeus the United Dragon,LIGHT,8,Dragon,2800,1800,3078380,effect
16809,Blue-Eyes Jet Dragon,LIGHT,8,Dragon,3000,0,30576089,effect
16810,Dictator of D.,DARK,4,Spellcaster,1200,1100,66961194,effect
16811,Icejade Kosmochlor,WATER,10,Aqua,1500,3000,3355732,effect
16812,Icejade Aegirine,WATER,3,Aqua,1000,2000,39354437,effect
16813,Icejade Creation Kingfisher,WATER,9,Aqua,2500,2500,66749546,effect
16814,Dinomorphia Therizia,DARK,4,Dinosaur,1500,0,92133240,effect
16815,Dinomorphia Diplos,DARK,4,Dinosaur,1000,0,38628859,effect
16816,Nordic Beast Gullinbursti,LIGHT,3,Beast,300,100,65626958,effect
16817,Nordic Smith Ivaldi,EARTH,4,Warrior,1500,700,91011603,effect
16818,D/D Gryphon,DARK,4,Fiend,1200,1200,28406301,effect_pendulum
16819,Ghostrick Siren,DARK,4,Fairy,800,1500,64804316,effect
16820,Vampire Ghost,DARK,3,Zombie,1500,0,90299015,effect
16821,S-Force Lapcewell,LIGHT,6,Fiend,2400,2500,27383719,effect
16822,S-Force Retroactive,LIGHT,1,Warrior,0,0,53782828,effect
16823,"Neiroy, the Dream Mirror Traitor",DARK,3,Fiend,1000,1000,90176467,effect
16824,Myutant Mutant,WATER,1,Psychic,0,0,26561172,effect
16825,Epsilon The Magnet Warrior,EARTH,4,Rock,1300,1500,52566270,effect
16826,The Agent of Destruction - Venus,DARK,3,Fairy,0,1600,99054885,effect
16827,Kaiza the Hidden Star,EARTH,5,Warrior,1000,2100,25449584,effect
16828,"Simorgh, Bird of Perfection",DARK,4,Winged Beast,1800,500,52843699,effect
16829,Skilled Brown Magician,DARK,4,Spellcaster,300,200,88232397,effect
16830,Chaos Nephthys,DARK,8,Winged Beast,2400,1600,24226942,effect
16831,"Epigonen, the Impersonation Invader",LIGHT,7,Rock,2000,2000,51611041,effect
16832,Submareed Tour Ride,WATER,6,Dinosaur,2200,0,87116749,effect
16833,"Alice, Lady of Lament",DARK,3,Fiend,0,2000,14504454,effect
16834,Leafplace Plaice,DARK,3,Psychic,-1,-1,50599453,effect
16835,Mad Hacker,DARK,2,Cyberse,1000,600,86993168,effect
16836,Silvervine Senri,WIND,2,Beast,0,0,13382806,effect
16837,Shining Piecephilia,LIGHT,4,Rock,700,2000,49776811,effect
16838,Darton the Mechanical Monstrosity,DARK,1,Machine,-1,0,86271510,effect
16839,Illusion of Chaos,DARK,7,Spellcaster,2100,2500,12266229,ritual
16840,White Relic of Dogmatika,LIGHT,4,Spellcaster,500,2500,48654323,ritual
16936,Night Sword Serpent,WATER,4,Reptile,500,600,20295753,effect
16937,D.D. Assault Carrier,DARK,8,Machine,2500,2500,56790702,effect
16940,Beetrooper Assault Roller,EARTH,4,Insect,1600,1400,51578214,effect
16941,Beetrooper Light Flapper,WATER,6,Insect,2000,2200,88962829,effect
16942,Heavy Beetrooper Mighty Neptune,EARTH,8,Insect,3000,3000,14357527,effect
16947,Rookie Warrior Lady,EARTH,3,Warrior,1000,800,86028783,effect
17031,Chronicle Magician,DARK,7,Spellcaster,2500,2500,60948488,effect
17033,Surgical Striker - H.A.M.P.,DARK,8,Machine,2500,2500,33331231,effect
17039,Abyss Shark,WATER,5,Fish,1200,700,61496006,effect
17040,Crystal Shark,WATER,5,Fish,1100,800,98881700,effect
17046,Mega Fortress Whale,WATER,7,Fish,2550,2350,96546575,effect
17047,Ocean Dragon Lord - Kairyu-Shin,WATER,5,Sea Serpent,2000,1700,23931679,effect
17048,Doom Kraken,WATER,4,Aqua,1400,1600,69436288,effect
17049,Electric Jellyfish,WATER,4,Aqua,1400,1700,95824983,effect
17053,Marincess Springirl,WATER,4,Cyberse,1200,1000,21057444,effect
17054,Marincess Sleepy Maiden,WATER,5,Cyberse,500,2500,57541158,effect
17062,Tri-Brigade Mercourier,DARK,4,Winged Beast,800,0,19096726,effect
17063,Springans Kitt,DARK,4,Beast,1700,1000,45484331,effect
17064,The Golden Swordsoul,LIGHT,4,Spellcaster,1800,1500,82489470,effect
17103,Yorishiro of the Aqua,WATER,4,Aqua,700,2000,57511992,effect
17104,Lamia,DARK,4,Reptile,1300,1500,84900597,effect
17109,Performapal Odd-Eyes Butler,DARK,5,Spellcaster,1000,2100,56677752,effect_pendulum
17110,Performapal Odd-Eyes Valet,LIGHT,1,Spellcaster,100,200,82661461,effect_pendulum
17111,Performapal Barokuriboh,DARK,8,Fiend,300,3000,19050066,effect_pendulum
17112,Performapal Classikuriboh,DARK,1,Fiend,300,200,55554175,effect_pendulum
17113,Performapal Gentrude,DARK,4,Fiend,1500,1000,21949879,effect_pendulum
17114,Performapal Ladyange,LIGHT,3,Fairy,1000,1500,58938528,effect_pendulum
17115,"Therion ""Bull"" Ain",FIRE,7,Warrior,2100,1600,84332527,effect
17116,"Therion ""Reaper"" Fum",WATER,7,Aqua,1400,2500,21727231,effect
17117,"Therion ""Duke"" Yul",LIGHT,8,Psychic,2100,2800,57111330,effect
17118,"Therion ""Lily"" Borea",WIND,8,Plant,2400,2500,83610035,effect
17119,"Therion ""King"" Regulus",EARTH,8,Machine,2800,1600,10604644,effect
17120,Visas Starfrost,LIGHT,6,Warrior,2100,1500,56099748,effect
17121,Scareclaw Astra,EARTH,3,Beast,0,1300,83488497,effect
17122,Scareclaw Belone,EARTH,3,Beast,0,1700,19882096,effect
17123,Scareclaw Acro,EARTH,3,Beast,0,2000,46877100,effect
17124,Scareclaw Reichheart,DARK,4,Warrior,1500,2100,82361809,effect
17125,Mad Mauler,DARK,2,Zombie,400,200,18760514,effect
17126,Alghoul Mazera,EARTH,8,Zombie,2800,2300,45154513,effect
17127,Heroic Challenger - Knuckle Sword,EARTH,1,Warrior,600,200,71549257,effect
17128,Heroic Challenger - Morning Star,EARTH,4,Warrior,1500,1300,18548966,effect
17129,Predaplant Byblisp,DARK,1,Plant,0,1900,44932065,effect
17130,Predaplant Bufolicula,DARK,1,Plant,0,0,70427670,effect_pendulum
17131,Predaplant Triantis,DARK,8,Plant,2400,1000,17825378,effect_pendulum
17132,Symphonic Warrior Guitariss,WIND,3,Machine,1100,500,43210483,effect_pendulum
17133,Symphonic Warrior DJJ,WIND,4,Machine,1200,1200,70204022,effect_pendulum
17134,Noh-P.U.N.K. Deer Note,EARTH,5,Warrior,2100,1800,6609736,effect
17135,Illegal Knight,DARK,7,Fiend,2000,2000,42198835,effect
17136,Ancient Warriors - Savage Don Ying,DARK,6,Beast-Warrior,2200,1800,79582540,effect
17137,Battleguard Cadet,EARTH,1,Warrior,50,100,5577149,effect
17138,Divine Dragon Titanomakhia,LIGHT,10,Dragon,3000,2000,32975247,effect
17139,Sunlit Sentinel,EARTH,6,Warrior,2300,1500,78360952,effect
17140,Amphibious Bugroth MK-11,WATER,5,Machine,1850,1500,4754691,effect
17141,Supreme Sea Mare,WATER,4,Aqua,1500,1600,31259606,effect
17142,Reverse Jar,EARTH,3,Rock,800,900,67248304,effect
17143,Yamatako Orochi,WATER,1,Sea Serpent,0,800,4632019,effect
17144,Devouring Sarcoughagus,DARK,4,Zombie,0,0,30037118,effect
17145,Odd-Eyes Pendulumgraph Dragon,LIGHT,7,Dragon,2700,2500,66425726,ritual_pendulum
17227,Dragonbite,DARK,4,Insect,1000,1000,84462118,effect
17228,Flowerdino,EARTH,4,Dinosaur,2000,0,10851853,effect
17229,Rock Scales,WATER,5,Fish,2100,1600,57946551,effect
17232,Libromancer Geek Boy,WIND,3,Psychic,800,800,46123974,effect
17233,Libromancer Magigirl,WATER,4,Spellcaster,600,2100,82128978,effect
17234,Libromancer Agent,EARTH,6,Warrior,2000,2500,19516687,effect
17235,Libromancer Firestarter,FIRE,3,Cyberse,1800,1800,45001322,ritual
17236,Libromancer Doombroker,DARK,6,Fiend,2500,2000,71406430,ritual
17242,Black Luster Soldier - Legendary Swordsman,EARTH,8,Warrior,3000,2500,70551291,ritual
17243,Red-Eyes Soul,DARK,7,Dragon,900,2000,6556909,effect
17258,Performapal Duelist Extraordinaire,LIGHT,4,Spellcaster,1800,400,92644052,effect_pendulum
17267,"Yakusa, Lord of the Eight Thunders",LIGHT,8,Wyrm,2000,2000,90583279,effect
17345,Changshi the Spiridao,DARK,6,Zombie,2000,0,76352503,effect
17347,Shinonome the Vaylantz Priestess,WATER,2,Spellcaster,500,500,49131917,effect_pendulum
17348,Saion the Vaylantz Archer,WATER,4,Spellcaster,1100,1100,15130912,effect_pendulum
17349,Nazuki the Vaylantz Ninja,WATER,6,Spellcaster,1800,1800,41525660,effect_pendulum
17350,Hojo the Vaylantz Warrior,WATER,8,Spellcaster,1900,1900,88919365,effect_pendulum
17351,Vaylantz Buster Baron,FIRE,2,Machine,800,800,14418464,effect_pendulum
17352,Vaylantz Voltage Viscount,FIRE,4,Machine,1400,1400,41802073,effect_pendulum
17353,Vaylantz Mad Marquess,FIRE,6,Machine,1700,1700,87897777,effect_pendulum
17354,Vaylantz Dominator Duke,FIRE,8,Machine,2000,2000,13291886,effect_pendulum
17360,Lovely Labrynth of the Silver Castle,DARK,8,Fiend,2900,1900,2347656,effect
17361,Labrynth Archfiend,DARK,7,Fiend,2000,2800,48745395,effect
17362,Ariane the Labrynth Servant,DARK,4,Fiend,1800,1100,75730490,effect
17363,Arianna the Labrynth Servant,DARK,4,Fiend,1600,2100,1225009,effect
17364,Labrynth Chandraglier,DARK,3,Fiend,1500,0,37629703,effect
17365,Labrynth Stovie Torbie,DARK,2,Fiend,0,2000,74018812,effect
17366,Labrynth Cooclock,DARK,1,Fiend,0,0,2511,effect
17387,Stardust Wurm,LIGHT,1,Dragon,0,0,91262474,effect
17388,Red-Eyes Black Meteor Dragon,DARK,6,Dragon,2000,2000,27657173,effect
17389,Colonel on C-String,LIGHT,4,Warrior,1400,1600,54656181,effect
17394,Libromancer Fire,FIRE,4,Cyberse,1800,1800,16312943,effect
17395,Libromancer Mystigirl,LIGHT,4,Fairy,1400,2100,52707042,ritual
17396,Libromancer Fireburst,FIRE,7,Cyberse,2800,2800,88106656,ritual
17403,Elemental HERO Spirit of Neos,LIGHT,7,Warrior,2500,2000,13256226,effect
17404,Cross Keeper,DARK,2,Warrior,400,400,40740224,effect
17405,Spright Blue,DARK,2,Thunder,1100,1000,76145933,effect
17406,Spright Jet,DARK,2,Thunder,1300,700,13533678,effect
17407,Spright Pixies,DARK,2,Thunder,1400,1400,49928686,effect
17408,Spright Red,FIRE,2,Thunder,1200,1800,75922381,effect
17409,Spright Carrot,FIRE,2,Thunder,1000,1900,2311090,effect
17410,"Therion ""Empress"" Alasia",EARTH,8,Reptile,2100,2500,48806195,effect
17411,Therion Irregular,DARK,10,Machine,1600,2800,75290703,effect
17412,Icejade Creation Aegirocassis,WATER,7,Aqua,2000,2000,1295442,effect
17413,Albaz the Ashen,DARK,4,Dragon,1800,0,37683547,effect
17414,Tearlaments Merrli,DARK,2,Aqua,800,2000,74078255,effect
17415,Tearlaments Scheiren,DARK,4,Aqua,1800,1300,572850,effect
17416,Tearlaments Havnis,DARK,3,Aqua,1600,1000,37961969,effect
17417,Tearlaments Reinoheart,WATER,4,Warrior,1500,2100,73956664,effect
17418,Vernusylph of the Flourishing Hills,EARTH,4,Fairy,200,2000,9350312,effect
17419,Vernusylph of the Awakening Forests,EARTH,4,Fairy,900,1800,36745317,effect
17420,Vernusylph of the Flowering Fields,EARTH,3,Fairy,600,1600,62133026,effect
17421,Vernusylph of the Thawing Mountains,EARTH,3,Fairy,1100,0,9238125,effect
17422,Gem-Knight Quartz,EARTH,4,Fairy,1500,1500,35622739,effect
17423,Brilliant Rose,LIGHT,2,Rock,500,500,61011438,effect
17424,Melffy Wally,EARTH,2,Beast,0,400,98416533,effect
17425,Melffy Pinny,WATER,2,Beast,300,100,34800281,effect
17426,Scar of the Vendread,DARK,6,Zombie,2300,0,1855886,effect
17427,Exosister Martha,LIGHT,4,Spellcaster,1600,800,37343995,effect
17428,Gunkan Suship Shari Red,FIRE,4,Aqua,0,2000,63748694,effect
17429,Rikka Princess,WATER,4,Plant,0,0,132308,effect
17430,Mathmech Circular,LIGHT,4,Cyberse,1500,1500,36521307,effect
17431,Krawler Soma,EARTH,6,Insect,2000,2500,63526052,effect
17432,Mokey Mokey Adrift,LIGHT,1,Fairy,300,100,99910751,effect
17433,Kurikara Divincarnate,FIRE,1,Fairy,1500,1500,35405755,effect
17434,Aussa the Earth Channeler,EARTH,5,Spellcaster,1850,1500,62803464,effect
17435,Grandtusk Dragon,EARTH,8,Dragon,1400,2400,98898163,effect
17436,Eka the Flame Buddy,FIRE,4,Warrior,1500,200,35283277,effect
17437,Propa Gandake,EARTH,3,Psychic,500,2000,61681816,effect
17438,Cartorhyn the Hidden Gem of the Seafront,WATER,2,Rock,500,1600,94076521,effect
17439,Emperor Tanuki's Critter Count,DARK,1,Fiend,0,1600,20560620,effect
17440,Nightmell the Dark Bonder,WIND,4,Psychic,1500,1500,66569334,effect
17441,Hydralander Orbit,DARK,1,Machine,0,1500,93953933,effect
17442,Vendread Scavenger,DARK,8,Zombie,2800,0,29348048,ritual
17552,"Loris, Lady of Lament",DARK,3,Fiend,1500,500,50699850,effect
17553,Aileron,WIND,1,Machine,0,0,96084564,effect
17596,Morphtronic Telefon,EARTH,1,Machine,100,100,38082437,effect
17597,Gadget Gamer,EARTH,3,Machine,300,300,64487132,effect
17598,Morphtronic Scannen,EARTH,6,Machine,1500,600,1876841,effect
17603,Keldo the Sacred Protector,EARTH,4,Fairy,1200,1600,63542003,effect
17604,Mudora the Sword Oracle,EARTH,4,Fairy,1500,1800,99937011,effect
17605,Kelbek the Ancient Vanguard,EARTH,4,Fairy,1500,1800,25926710,effect
17606,Agido the Ancient Sentinel,EARTH,4,Fairy,1500,1300,62320425,effect
17610,Amazoness Golden Whip Master,EARTH,5,Warrior,2000,1200,97692972,effect_pendulum
17611,Amazoness Silver Sword Master,EARTH,3,Warrior,1200,2000,24087580,effect_pendulum
17612,Amazoness War Chief,EARTH,5,Warrior,1900,0,50486289,effect
17613,Amazoness Spiritualist,EARTH,2,Warrior,800,1800,97870394,effect
17620,Royal Straight Slasher,LIGHT,6,Warrior,2400,1350,11020863,effect
17622,Thunder Ball,DARK,3,Fiend,450,400,84813516,effect
17628,Advanced Crystal Beast Ruby Carbuncle,LIGHT,3,Fairy,300,300,83575471,effect
17629,Advanced Crystal Beast Amethyst Cat,EARTH,3,Beast,1200,400,19963185,effect
17630,Advanced Crystal Beast Emerald Tortoise,WATER,3,Aqua,600,2000,46358784,effect
17631,Advanced Crystal Beast Topaz Tiger,EARTH,4,Beast,1600,1000,72843899,effect
17632,Advanced Crystal Beast Amber Mammoth,EARTH,4,Beast,1700,1600,18847598,effect
17633,Advanced Crystal Beast Cobalt Eagle,WIND,4,Winged Beast,1400,800,45236142,effect
17634,Advanced Crystal Beast Sapphire Pegasus,WIND,4,Beast,1800,1200,71620241,effect
17638,Crystal Skull,WATER,1,Rock,0,0,7903368,effect
17641,Dream Shark,WATER,5,Fish,0,2600,6180710,effect
17643,Oily Cicada,WIND,3,Insect,1000,1000,79663524,effect
17644,Dream Cicada,WIND,3,Insect,300,1300,5068132,effect
17647,Performapal Odd-Eyes Seer,DARK,6,Spellcaster,100,1800,4836680,effect_pendulum
17648,Doodle Beast - Stego,EARTH,5,Dinosaur,1200,1800,31230289,effect
17649,Doodle Beast - Tyranno,EARTH,8,Dinosaur,2400,1200,67725394,effect
17651,Todoroki the Earthbolt Star,EARTH,6,Warrior,2100,0,30118701,effect
17652,Senko the Skybolt Star,LIGHT,7,Warrior,2400,0,62503746,effect
17656,G Golem Rock Hammer,EARTH,6,Cyberse,1800,2400,98875863,effect
17657,G Golem Pebble Dog,EARTH,2,Cyberse,300,1000,25273572,effect
17725,Qardan the Clear-Sighted,EARTH,4,Fairy,1400,1000,86605515,effect
17726,Pharaonic Advent,DARK,8,Spellcaster,2000,2000,23099524,effect
17745,Vanguard of the Underground Emperor,EARTH,8,Reptile,2600,2200,84366728,effect
17750,"Paces, Light of the Ghoti",WATER,2,Fish,0,0,46037983,effect
17751,"Shif, Fairy of the Ghoti",WATER,2,Fish,0,500,73421698,effect
17752,"Eanoc, Sentry of the Ghoti",WATER,6,Fish,2100,0,9416697,effect
17757,Blackwing - Vata the Emblem of Wandering,DARK,2,Winged Beast,800,0,71187462,effect
17758,Blackwing - Shamal the Sandstorm,DARK,4,Winged Beast,1600,0,8571567,effect
17759,Blackwing - Chinook the Snow Blast,DARK,2,Winged Beast,100,700,34976176,effect
17760,Blackwing - Sudri the Phantom Glimmer,DARK,4,Winged Beast,1400,1400,70465810,effect
17761,Blackwing - Zonda the Dusk,DARK,6,Winged Beast,2300,900,7459919,effect
17762,Bystial Magnamhut,DARK,6,Dragon,2500,2000,33854624,effect
17763,Bystial Saronir,DARK,6,Dragon,2500,2000,60242223,effect
17764,Bystial Druiswurm,DARK,6,Dragon,2500,2000,6637331,effect
17765,The Bystial Lubellion,LIGHT,8,Dragon,2500,3000,32731036,effect
17766,The Bystial Alba Los,LIGHT,12,Dragon,3500,3500,69120785,effect
17767,"Blazing Cartesia, the Virtuous",LIGHT,4,Spellcaster,1500,1500,95515789,effect
17768,Kashtira Fenrir,EARTH,7,Psychic,2400,2400,32909498,effect
17769,Kashtira Unicorn,WIND,7,Psychic,2500,2100,68304193,effect
17770,Kashtira Ogre,WATER,7,Psychic,2800,1000,94392192,effect
17771,Tobari the Sky Ninja,EARTH,1,Winged Beast,0,0,31887806,effect
17772,Mitsu the Insect Ninja,WATER,2,Insect,200,2100,67282505,effect
17773,Baku the Beast Ninja,WIND,3,Beast,1500,600,94670654,effect
17774,Kagero the Cannon Ninja,FIRE,4,Warrior,1600,2000,20065259,effect
17775,Prediction Princess Bibliomuse,EARTH,9,Fairy,2500,2500,66069967,effect
17776,Naturia Mole Cricket,EARTH,1,Insect,0,0,93454062,effect
17777,Naturia Camellia,EARTH,4,Plant,1400,700,29942771,effect
17778,"Ignis Phoenix, the Dracoslayer",FIRE,4,Warrior,1700,1900,56347375,effect_pendulum
17779,"Majesty Pegasus, the Dracoslayer",WIND,4,Spellcaster,1500,1500,92332424,effect_pendulum
17780,"Dinomight Powerload, the Dracoslayer",WATER,4,Machine,1700,1800,28720123,effect_pendulum
17781,Vera the Vernusylph Goddess,EARTH,8,Fairy,2400,3000,55125728,effect
17782,Vernusylph of the Misting Seedlings,EARTH,3,Fairy,400,800,81519836,effect
17783,"Rex, Freight Fur Hire",EARTH,2,Dinosaur,300,200,28004531,effect
17784,Celestial Apparatus Tesea,EARTH,4,Fairy,1000,1000,54092240,effect
17785,Lady Labrynth of the Silver Castle,DARK,8,Fiend,3000,2900,81497285,effect
17786,Infernalqueen Salmon,WATER,5,Fish,2400,1000,27882993,effect
17787,Han-Shi Kyudo Spirit,WIND,5,Warrior,2400,1000,53270092,effect_pendulum
17788,Laughing Puffin,DARK,4,Winged Beast,1000,1700,80275707,effect
17789,Turbo-Tainted Hot Rod GT19,FIRE,3,Machine,500,1500,16769305,effect
17790,Psychic Rover,DARK,2,Psychic,0,700,53154400,effect
17791,Cucumber Horse,DARK,8,Plant,100,2000,89552119,effect
17792,Silent Wolf Calupo,DARK,4,Beast-Warrior,1400,1400,15947754,effect
17793,Prediction Princess Tarotreith,DARK,9,Fairy,1200,2700,42932862,ritual
17915,Adularia of the June Moon,WATER,5,Spellcaster,1000,1000,15464375,effect
17982,"Reign-Beaux, Overking of Dark World",DARK,8,Fiend,3000,1800,41406613,effect
17983,"Genta, Gateman of Dark World",DARK,4,Fiend,1000,1800,77895328,effect
17984,"Parl, Hermit of Dark World",DARK,1,Fiend,300,100,3289027,effect
17991,Rescue-ACE Impulse,FIRE,3,Warrior,1500,1500,38339996,effect
17992,Rescue-ACE Air Lifter,FIRE,4,Warrior,1700,1700,65734501,effect
17993,Rescue-ACE Monitor,FIRE,4,Warrior,1800,1800,91222209,effect
17994,Rescue-ACE Hydrant,FIRE,1,Machine,0,0,37617348,effect
17995,Rescue-ACE Fire Attacker,FIRE,6,Machine,2200,2200,64612053,effect
17996,Rescue-ACE Fire Engine,FIRE,7,Machine,2500,2500,90000652,effect
17997,Rescue-ACE Turbulence,FIRE,9,Machine,3000,3000,37495766,effect
18003,Purrely,LIGHT,1,Fairy,100,100,25550531,effect
18015,Ha-Re the Sword Mikanko,FIRE,3,Warrior,0,0,18377261,effect
18016,Ni-Ni the Mirror Mikanko,WATER,3,Spellcaster,0,0,54862960,effect
18017,Ohime the Manifested Mikanko,LIGHT,6,Fairy,0,0,81260679,ritual
18027,Green Ninja,WIND,2,Warrior,600,600,15198996,effect
18029,Diabolica the Draconique General,DARK,8,Fiend,2300,0,78077209,effect
18030,Bayerock Dragon,EARTH,6,Dinosaur,2300,1800,4472318,effect
18031,Zalamander Catalyzer,FIRE,4,Fiend,1600,200,40460013,effect
18035,"Zep, Ruby of the Ghoti",WATER,2,Fish,0,1000,76133574,effect
18036,"Ixeep, Omen of the Ghoti",WATER,4,Fish,1500,0,3137279,effect
18037,"Snopios, Shade of the Ghoti",WATER,6,Fish,2100,0,39522887,effect
18145,Anotherverse Dragon,LIGHT,8,Dragon,2500,2000,47484352,normal
18146,Photon Emperor,LIGHT,8,Warrior,2800,1000,73478096,effect
18147,Galaxy Summoner,LIGHT,4,Spellcaster,1600,1400,863795,effect
18148,Galactikuriboh,LIGHT,1,Fiend,300,200,46261704,effect
18149,Bystial Baldrake,DARK,6,Dragon,2500,2000,72656408,effect
18150,The Abyss Dragon Swordsoul,FIRE,8,Wyrm,3000,2900,5141117,effect
18151,Kashtira Riseheart,FIRE,4,Warrior,1500,2100,31149212,effect
18152,Scareclaw Kashtira,EARTH,7,Psychic,0,2600,78534861,effect
18153,Tearlaments Kashtira,WATER,7,Psychic,2300,1200,4928565,effect
18154,Chaos Witch,DARK,4,Spellcaster,1500,1500,30327674,effect
18155,Shell of Chaos,DARK,4,Machine,1600,0,77312273,effect
18156,Core of Chaos,LIGHT,2,Thunder,0,1600,3806388,effect
18157,Mental Tuner,LIGHT,3,Psychic,200,2100,30291086,effect
18158,Chaos Mirage Dragon,LIGHT,4,Wyrm,1600,600,66699781,effect
18159,Bio-Insect Armor,EARTH,5,Insect,1500,2000,3084730,effect
18160,Infinite Antlion,EARTH,3,Insect,1200,1500,39078434,effect
18161,Abyss Actor - Liberty Dramatist,DARK,4,Fiend,1500,1500,65477143,effect_pendulum
18162,Jioh the Gravity Ninja,EARTH,8,Rock,2300,2900,92962242,effect
18163,Gishki Grimness,WATER,2,Fish,600,700,38356857,effect
18164,"Basiltrice, Familiar of the Evil Eye",DARK,3,Fiend,1000,2000,65351555,effect
18165,"Vala, Seidhr of the Generaider Bosses",FIRE,9,Fairy,2500,2500,91749600,effect
18166,"Beargram, Shelled Emperor of the Forest Crown",EARTH,9,Insect,3400,2800,27134209,effect
18167,Manticore of Smashing,FIRE,6,Beast-Warrior,2300,1000,64538914,effect
18168,Choju of the Trillion Hands,LIGHT,6,Fairy,1400,1000,90027012,effect
18169,Fierce Tiger Monghu,EARTH,4,Beast,1700,1000,27012717,effect
18170,Fairyant the Circular Sorcerer,WIND,3,Insect,800,1500,53416326,effect
18171,Sari of the Silverwing Axe,LIGHT,3,Machine,500,100,99801464,effect
18172,Couple of Aces,EARTH,2,Fairy,100,100,26259179,effect
18173,Dimensional Allotrope Varis,LIGHT,1,Psychic,0,0,52254878,effect
18174,Meteor Rush - Monochroid,EARTH,10,Machine,0,0,99748883,effect
18175,"Sneaky ""C""",EARTH,7,Insect,1300,2500,25137581,effect
18176,Dogmatika Alba Zoa,LIGHT,12,Spellcaster,4000,4000,51522296,ritual
18177,Evigishki Neremanas,WATER,10,Spellcaster,3000,1800,88926295,ritual
18227,"Kittytail, Mystical Beast of the Forest",EARTH,2,Beast,200,200,64475743,effect
18228,Courageous Crimson Chevalier Bradamante,FIRE,1,Warrior,500,200,91479482,effect
18308,Traptrix Pudica,EARTH,4,Plant,900,1900,49027020,effect
18309,Traptrix Arachnocampa,EARTH,4,Insect,1300,1500,75416738,effect
18322,Humongous Hive Hegemon - Zexstagger,WIND,8,Insect,1500,2600,9627468,effect
18323,Labyrinth Heavy Tank,DARK,7,Machine,2400,2400,35026117,effect
18324,Shadow Ghoul of the Labyrinth,DARK,5,Zombie,1600,1300,62411811,effect
18427,Assault Synchron,DARK,2,Machine,700,0,77202120,effect
18430,Rokket Coder,DARK,4,Cyberse,1700,300,77189532,effect
18434,Rose Shaman,EARTH,4,Warrior,1700,200,2752099,effect
18436,Cattycorn,EARTH,4,Plant,1500,500,61245403,effect
18437,Photon Jumper,LIGHT,4,Warrior,0,0,97639441,effect
18438,Mother Spider Splitter,DARK,5,Insect,0,2300,34034150,effect
18439,Baby Spider,DARK,3,Insect,0,0,60023855,effect
18440,D/D/D/D Super-Dimensional Sovereign Emperor Zero Paradox,DARK,12,Fiend,3000,3000,97417863,effect_pendulum
18443,Sage of Strength - Akash,FIRE,5,Machine,2400,200,96795312,effect
18444,Sage of Wisdom - Himmel,EARTH,5,Machine,500,2500,22790910,effect
18449,Sage of Benevolence - Ciela,WATER,6,Machine,2200,1000,34456146,effect
18450,Minairuka,WATER,4,Fish,1500,500,61845881,effect
18451,Orphebull the Harmonious Bullfighter Bard,LIGHT,8,Beast-Warrior,3000,2400,97240499,effect
18455,Gold Pride - Leon,WIND,3,Warrior,1500,1200,23512906,effect
18456,Gold Pride - Nytro Head,FIRE,8,Pyro,2300,2600,59900655,effect
18457,Gold Pride - Captain Carrie,WATER,3,Fiend,900,1700,96305350,effect
18464,Firewall Defenser,DARK,4,Cyberse,1200,1500,20455229,effect
18465,Firewall Phantom,DARK,5,Cyberse,2000,1300,57940938,effect
18466,Superheavy Samurai Motorbike,EARTH,2,Machine,800,1200,83334932,effect
18467,Superheavy Samurai Stealthy,EARTH,1,Machine,200,700,10333641,effect
18468,Superheavy Samurai Soulgaia Booster,EARTH,4,Machine,0,0,56727340,effect
18469,Superheavy Samurai Prodigy Wakaushi,DARK,4,Machine,1000,1500,82112494,effect_pendulum
18470,Superheavy Samurai Monk Big Benkei,EARTH,8,Machine,1000,3500,19510093,effect_pendulum
18471,The Bystial Aluber,DARK,4,Dragon,1800,0,45005708,effect
18472,Fallen of Argyros,DARK,2,Thunder,700,700,82090807,effect
18473,Icejade Ran Aegirine,WATER,7,Aqua,1500,2500,18494511,effect
18474,"Guiding Quem, the Virtuous",LIGHT,4,Spellcaster,1500,1500,45883110,effect
18475,Mannadium Riumheart,LIGHT,4,Warrior,1500,2100,71277255,effect
18476,Mannadium Fearless,EARTH,2,Fairy,0,2000,17272964,effect
18477,Mannadium Meek,WATER,2,Fairy,0,1800,44760562,effect
18478,Dreaming Nemleria,LIGHT,1,Fairy,0,1500,70155677,effect_pendulum
18479,Nemleria Dream Defender - Oreiller,LIGHT,10,Beast,2500,2000,17550376,effect
18480,Nemleria Dream Defender - Couette,LIGHT,10,Beast,2000,2500,43944080,effect
18481,Purrelyly,DARK,1,Fairy,100,100,79933029,effect
18482,Hu-Li the Jewel Mikanko,WIND,3,Psychic,0,0,6327734,effect
18483,Tellarknight Altairan,LIGHT,4,Warrior,1700,1300,42822433,effect
18484,Tellarknight Lyran,LIGHT,4,Warrior,1200,1600,79210531,effect
18485,Infinitrack Road Roller,EARTH,5,Machine,2100,2100,5205146,effect
18486,Amazement Abomination Arlekino,LIGHT,7,Psychic,2600,2200,31600845,effect
18487,Tsumuha-Kutsunagi the Lord of Swords,WIND,11,Warrior,3000,3000,78098950,effect
18488,Full Active Duplex,WIND,9,Cyberse,2800,1000,4483598,effect
18489,Harvest Angel of Doom,DARK,4,Fairy,1800,1000,31987203,effect_pendulum
18490,Sakitama,LIGHT,4,Fairy,400,900,67972302,effect
18491,Kitsuni Kitsunebi,FIRE,3,Warrior,200,1900,3361010,effect
18492,"Ringowurm, the Dragon Guarding the Hundred Apples",LIGHT,2,Dragon,100,1100,30765615,effect
18493,PenduLuMoon,LIGHT,1,Spellcaster,200,700,66150724,effect_pendulum
18494,Wannabee!,LIGHT,2,Insect,0,0,3248469,effect
18495,Bunny Ear Enthusiast,EARTH,1,Beast-Warrior,200,100,39643167,effect
18496,Cyberse Sage,DARK,1,Cyberse,0,0,65037172,ritual
18657,Superheavy Samurai Security,EARTH,4,Machine,500,1500,5182107,effect
18661,Three-Eyed Ghost,DARK,3,Fiend,900,800,31464658,effect
18662,Magician of Faithfulness,LIGHT,5,Spellcaster,600,800,67853262,effect
18665,"Moissa Knight, the Comet General",LIGHT,1,Warrior,100,100,66736715,effect_pendulum
18669,Gold Pride - Roller Baller,EARTH,5,Psychic,1800,1600,92003832,effect
18720,Xeno Meteorus,FIRE,6,Dinosaur,2000,200,5852388,effect
18721,Transcendosaurus Meteorus,FIRE,12,Dinosaur,3500,700,31241087,effect
18727,Vanquish Soul Razen,FIRE,4,Warrior,1800,1500,29302858,effect
18728,Vanquish Soul Pantera,EARTH,4,Beast-Warrior,1700,1900,66401502,effect
18729,Vanquish Soul Heavy Borger,DARK,7,Machine,2500,1500,92895501,effect
18730,Vanquish Soul Dr. Mad Love,DARK,4,Fiend,1200,2000,29280200,effect
18731,Vanquish Soul Pluton HG,FIRE,6,Zombie,0,0,55688914,effect
18732,Vanquish Soul Caesar Valius,EARTH,8,Dragon,3000,1500,91073013,effect
18739,Buerillabaisse de Nouvelles,DARK,1,Beast-Warrior,400,1850,26223582,ritual
18740,Confiras de Nouvelles,DARK,2,Warrior,800,1850,53618197,ritual
18741,Poeltis de Nouvelles,DARK,3,Beast-Warrior,1200,1850,89016236,ritual
18742,Foie Glasya de Nouvelles,DARK,4,Warrior,1600,1850,15001940,ritual
18743,Balameuniere de Nouvelles,DARK,5,Beast-Warrior,2000,1850,52495649,ritual
18744,Baelgrill de Nouvelles,DARK,6,Warrior,2400,1850,88890658,ritual
18788,Wheel Synchron,LIGHT,5,Machine,800,1000,60283232,effect
18789,Revolution Synchron,EARTH,3,Machine,900,1400,97682931,effect
18790,Gazelle the King of Mythical Claws,EARTH,4,Beast,1500,1200,23076639,effect
18791,Big-Winged Berfomet,DARK,5,Fiend,1400,1800,55461744,effect
18792,Cornfield Coatl,WIND,4,Illusion,500,1700,92565383,effect
18793,Mirror Swordknight,LIGHT,4,Illusion,1900,300,28954097,effect
18794,Double-Headed Dino King Rex,EARTH,6,Dinosaur,1600,1200,55349196,effect
18795,Mighty Dino King Rex,EARTH,9,Dinosaur,3200,1200,81743801,effect
18796,Altergeist Malwisp,LIGHT,3,Spellcaster,1500,0,27132400,effect
18797,Altergeist Peritrator,FIRE,1,Spellcaster,500,300,54126514,effect
18798,Mannadium Torrid,FIRE,2,Fairy,0,1500,80621253,effect
18799,Veda Kalanta,DARK,8,Warrior,2500,2100,27015862,effect
18800,Infernoble Knight Ricciardetto,FIRE,1,Warrior,500,0,53404966,effect
18801,Infernoble Knight Turpin,FIRE,4,Warrior,1400,1700,89809665,effect
18802,"Dreaming Reality of Nemleria, Realized",LIGHT,10,Fairy,1500,3000,16893370,effect
18803,Nemleria Dream Devourer - Reveil,DARK,10,Beast,2500,2500,52382379,effect
18804,Evoltile Pholis,FIRE,2,Reptile,900,300,89776023,effect
18805,Evolsaur Lios,FIRE,4,Dinosaur,1600,400,15171722,effect
18806,Unchained Soul of Sharvara,FIRE,6,Fiend,2000,1500,41165831,effect
18807,Unchained Soul of Shyama,WATER,6,Fiend,2000,1500,88554436,effect
18808,Ultimate Bright Knight Ursatron Alpha,WATER,7,Machine,2000,700,14959144,effect
18809,Rescue-ACE Preventer,FIRE,8,Machine,2800,2800,41443249,effect
18810,Thestalos the Shadowfire Monarch,FIRE,10,Pyro,3000,1000,77832858,effect
18811,Behemoth the King of a Hundred Battles,EARTH,10,Beast,2700,1500,13836592,effect
18812,Nightmare Magician,DARK,7,Illusion,2500,2000,40221691,effect
18813,Hiita the Fire Channeler,FIRE,5,Spellcaster,1850,1500,76615300,effect
18814,Agnimal Candle,FIRE,4,Pyro,1700,0,13014905,effect
18815,Doomstar Ulka,WIND,4,Beast,1500,400,49109013,effect
18816,Greed Jar,EARTH,3,Rock,700,800,76593718,effect
18817,Click & Echo,WATER,2,Sea Serpent,300,2100,2992467,effect
18818,The Cuckoo Commanded to Croon,FIRE,3,Winged Beast,800,1000,48386462,effect
18819,Arahime the Manifested Mikanko,LIGHT,9,Fairy,0,0,75771170,ritual
18868,Magicians of Bonds and Unity,LIGHT,8,Spellcaster,2500,2500,15845914,effect
18898,Mystic Potato,DARK,4,Plant,1400,1100,97534104,effect
18908,Salamangreat of Fire,FIRE,2,Cyberse,800,800,11962031,effect
18909,Salamangreat Weasel,FIRE,3,Cyberse,700,1400,57357130,effect
18910,Salamangreat Tiger,FIRE,5,Cyberse,2000,500,84755744,effect
18915,Volcanic Emperor,FIRE,8,Pyro,3100,2400,46412900,effect
18916,Volcanic Trooper,FIRE,3,Pyro,1000,1000,22411609,effect
18917,Volcanic Rimfire,FIRE,1,Pyro,300,0,59805313,effect
18922,Battlin' Boxer Uppercutter,FIRE,4,Warrior,1600,200,11522479,effect
18923,Battlin' Boxer Chief Second,FIRE,4,Warrior,500,2000,47921178,effect
18924,Battlin' Boxer Promoter,FIRE,4,Warrior,1700,800,83315222,effect
19010,Dandy Whitelion,EARTH,3,Plant,300,300,36629635,effect
19014,Soul Resonator,FIRE,3,Fiend,500,200,62991792,effect
19015,Vision Resonator,DARK,2,Fiend,400,400,98396890,effect
19016,Bone Archfiend,DARK,4,Fiend,1800,0,25784595,effect
19023,Kaitoptera,WIND,4,Dinosaur,1400,1000,50834074,effect
19026,Arcana Force XV - The Fiend,LIGHT,7,Fairy,2500,2500,59712426,effect
19029,Ashoka Pillar,EARTH,3,Rock,0,2200,58996839,effect
19030,Cabrera Stone,EARTH,1,Rock,0,0,84384943,effect
19035,Photon Delta Wing,LIGHT,4,Machine,1800,900,47051709,effect
19038,Earthbound Prisoner Ground Keeper,DARK,1,Fiend,300,300,46939151,effect
19039,Earthbound Prisoner Stone Sweeper,DARK,5,Fiend,1600,1600,72323266,effect
19040,Earthbound Prisoner Line Walker,DARK,3,Fiend,800,1100,19322865,effect
19079,Zuttomozaurus,EARTH,2,Dinosaur,500,400,24454387,effect
19080,"Finis Terrae, Tower of the Necroworld",WATER,10,Zombie,1000,2800,51849482,effect
19084,Sentinel of the Tistina,WIND,3,Aqua,1200,1400,86111442,effect
19085,Hound of the Tistina,EARTH,4,Aqua,1800,700,13510157,effect
19086,Demigod of the Tistina,LIGHT,10,Aqua,2000,0,59504256,effect
19087,Crystal God Tistina,LIGHT,10,Aqua,2000,3000,86999951,effect
19142,SPYRAL Double Agent,LIGHT,4,Fiend,1400,600,88124568,effect
19143,Supreme King Gate Magician,LIGHT,7,Spellcaster,2500,2000,14513273,effect_pendulum
19144,Supreme King Dragon Lightwurm,LIGHT,4,Dragon,1200,1800,41908872,effect_pendulum
19145,T.G. Rocket Salamander,FIRE,1,Pyro,600,600,77392987,effect
19146,Visas Samsara,LIGHT,4,Fairy,1500,2100,14391625,effect
19147,Veda Kalarcanum,DARK,12,Warrior,0,4000,40785230,effect_pendulum
19148,Diabellstar the Black Witch,DARK,7,Spellcaster,2500,2000,72270339,effect
19149,Snake-Eye Ash,FIRE,1,Pyro,800,1000,9674034,effect
19150,Snake-Eye Oak,FIRE,1,Pyro,900,200,45663742,effect
19151,Snake-Eye Birch,FIRE,1,Pyro,0,2100,12058741,effect
19152,Snake-Eyes Flamberge Dragon,FIRE,8,Dragon,3000,2500,48452496,effect
19153,"Imsety, Glory of Horus",DARK,8,Spellcaster,3000,1800,84941194,effect
19154,"Duamutef, Blessing of Horus",WATER,8,Beast,0,0,11335209,effect
19155,"Hapi, Guidance of Horus",WIND,8,Beast-Warrior,2400,1600,47330808,effect
19156,"Qebehsenuef, Protection of Horus",EARTH,8,Winged Beast,2500,2000,74725513,effect
19157,Wattuna,LIGHT,4,Thunder,800,700,10113611,effect
19158,"Nephilabyss, the Ogdoadic Overlord",DARK,10,Reptile,2200,3100,46518210,effect
19159,Arias the Labrynth Butler,DARK,6,Fiend,1500,2500,73602965,effect
19160,Vanquish Soul Jiaolong,FIRE,5,Wyrm,2400,2100,9091064,effect
19161,Poissonniere de Nouvelles,DARK,1,Fairy,700,1700,46485778,effect_pendulum
19162,Dark Hole Dragon,DARK,8,Dragon,3000,2000,72880377,effect
19163,UFOLight,FIRE,8,Illusion,1500,1500,9275482,effect
19164,Seed-Spitting Saplings,LIGHT,4,Plant,1600,200,35263180,effect
19165,I.A.S. -Invasive Alien Species-,LIGHT,4,Reptile,1600,0,71768839,effect
19166,Tarai,EARTH,4,Fairy,0,0,8152834,effect
19167,Master Tao the Chanter,EARTH,3,Illusion,1200,900,34541543,effect
19168,Cursed Bride Doll,EARTH,3,Spellcaster,0,2100,71545247,effect
19169,Origami Goddess,DARK,1,Fairy,100,0,7930346,effect
19170,Shinobaroness Shade Peacock,WIND,4,Winged Beast,1500,2000,33325951,ritual
19171,Shinobaron Shade Peacock,WIND,4,Winged Beast,2000,1500,60823690,ritual
19272,Junk Dragonlet,EARTH,5,Machine,2100,1800,3121655,effect
19359,Anotherverse Gluttonia,DARK,8,Fiend,2500,2000,86893702,normal
19360,Mementoal Tecuhtlica - Combined Creation,EARTH,11,Wyrm,5000,5000,23288411,effect
19361,Mementotlan-Horned Dragon,DARK,8,Dragon,2850,2350,55272555,effect
19362,Mementotlan Tatsunootoshigo,EARTH,5,Beast,1350,1600,81677154,effect
19363,Mementotlan Dark Blade,DARK,4,Warrior,1800,1500,18165869,effect
19364,Mementotlan Angwitch,DARK,3,Spellcaster,800,1000,54550967,effect
19365,Mementotlan Mace,LIGHT,1,Fairy,400,300,81945676,effect
19366,Mementotlan Goblin,DARK,1,Fiend,400,400,17943271,effect
19372,Centur-Ion Primera,LIGHT,4,Spellcaster,1600,1600,15005145,effect
19373,Centur-Ion Trudea,DARK,4,Pyro,1000,2000,42493140,effect
19374,Centur-Ion Emeth VI,EARTH,8,Machine,2000,3000,78888899,effect
19381,Angello Vaalmonica,DARK,4,Fairy,1200,2100,3048768,effect_pendulum
19382,Dimonno Vaalmonica,LIGHT,4,Fiend,1200,2100,30432463,effect_pendulum
19397,Sacred Fire King Garunix,FIRE,8,Winged Beast,2700,1700,66431519,effect
19398,Fire King High Avatar Kirin,FIRE,8,Beast,2400,200,2526224,effect
19399,Fire King Avatar Rangbali,FIRE,4,Beast-Warrior,1600,200,38910263,effect
19404,Legendary Fire King Ponix,FIRE,1,Winged Beast,500,200,90681088,effect
19410,Rescue Hedgehog,EARTH,4,Beast,300,100,99742859,effect
19411,Ken the Warrior Dragon,LIGHT,3,Warrior,1300,1550,25131968,effect
19412,Gen the Diamond Tiger,LIGHT,3,Warrior,800,2000,52126602,effect
19413,Asset Mountis,LIGHT,7,Insect,2300,2000,98520301,effect
19416,Fallen of the Tistina,WATER,1,Aqua,200,0,87498729,effect
19417,Returned of the Tistina,FIRE,2,Aqua,500,500,24892828,effect
19418,Tainted of the Tistina,DARK,5,Aqua,2000,0,50281477,effect
19456,Spirit of Yubel,DARK,10,Fiend,0,0,90829280,effect
19457,Geistgrinder Golem,DARK,8,Fiend,3000,300,26913989,effect
19458,Samsara D Lotus,DARK,1,Fiend,0,0,62318994,effect
19459,Raidraptor - Noir Lanius,DARK,4,Winged Beast,1600,500,99707692,effect
19460,Raidraptor - Bloom Vulture,DARK,4,Winged Beast,300,1900,25191307,effect
19461,White Sunfish,WATER,4,Fish,1200,1000,52596406,effect
19462,White Sardine,WATER,2,Fish,800,0,98684051,effect
19463,Goblin Biker Dugg Charger,EARTH,3,Warrior,1600,0,24079759,effect
19464,Goblin Biker Clatter Sploder,FIRE,3,Beast-Warrior,1500,0,51473858,effect
19465,Goblin Biker Boom Mach,WIND,3,Warrior,1300,0,27868563,effect
19466,Goblin Biker Mean Merciless,WATER,3,Fiend,1400,0,64257161,effect
19467,Snake-Eyes Poplar,FIRE,1,Pyro,700,200,90241276,effect
19468,Dark Guardian,DARK,12,Warrior,3800,3800,26746975,effect
19469,Phantasmal Summoning Beast,DARK,7,Fiend,0,0,53134520,effect
19470,"Keaf, Murk of the Ghoti",WATER,2,Fish,0,1500,99529628,effect
19471,"Psiics, Moonlight of the Ghoti",WATER,6,Fish,2400,0,26523337,effect
19472,Mementotlan Ghattic,DARK,2,Fiend,550,400,52918032,effect
19473,Horus the Black Flame Deity,FIRE,8,Dragon,3000,1800,99307040,effect
19474,"Lo, the Prayers of the Voiceless Voice",LIGHT,1,Fairy,50,2050,25801745,effect
19475,"Saffira, Dragon Queen of the Voiceless Voice",LIGHT,6,Dragon,2500,2400,51296484,effect
19476,"Sauravis, Dragon Sage of the Voiceless Voice",LIGHT,7,Dragon,2600,2800,88284599,effect
19477,Aromalilith Rosalina,DARK,1,Plant,0,0,24689197,effect
19478,Majespecter Porcupine - Yamarashi,WIND,4,Spellcaster,1500,1500,51073802,effect_pendulum
19479,Emissary from the House of Wax,FIRE,3,Illusion,800,1800,87462901,effect
19480,Carnot the Eternal Machine,LIGHT,10,Machine,3000,2500,13567610,effect
19481,Magmacho Dragon,FIRE,8,Pyro,1800,2200,50951254,effect
19482,Time Reloader,LIGHT,8,Machine,1200,2400,86346363,effect
19483,Berserk Archfiend,DARK,6,Fiend,2000,0,13744068,effect
19484,E Stranger Big Bang,LIGHT,5,Warrior,2100,500,49139666,effect
19485,Goblin Freefall Squad,WIND,4,Warrior,0,2000,85123771,effect
19486,Procession of the Tea Jar,DARK,3,Zombie,500,0,12612470,effect
19487,EM:P Meowmine,DARK,2,Cyberse,800,0,48017189,effect
19488,Mokomoko,WATER,1,Illusion,300,300,85401123,effect
19489,Principug,EARTH,1,Beast,0,0,11496832,effect
19490,Jongleur-Ghoul Illusionist,DARK,4,Illusion,2000,0,47894537,normal
19491,Royal Rhino with Deceitful Dice,EARTH,1,Beast,600,600,74289646,effect
19492,"Skull Guardian, Protector of the Voiceless Voice",LIGHT,7,Warrior,2050,2500,10774240,ritual
19620,"Georgius, Swordman of the Ice Barrier",WATER,6,Winged Beast,2000,1200,32991027,effect
19621,Mirror Mage of the Ice Barrier,WATER,2,Aqua,1000,400,9396662,effect
19625,R-Genex Undine,WATER,4,Aqua,1700,1100,34568783,effect
19626,R-Genex Turing,DARK,2,Spellcaster,600,600,61052897,effect
19631,Spiritual Beast Tamer Lara,LIGHT,1,Psychic,100,2000,23623653,effect
19716,Pendulum Witch,EARTH,3,Spellcaster,1500,800,43502497,effect_pendulum
19719,Winged Kuriboh LV6,LIGHT,6,Fairy,300,200,48486809,effect
19720,Shining Star Dragon,LIGHT,4,Dragon,0,0,75874514,effect
19723,Code of Soul,FIRE,3,Cyberse,500,500,74652966,effect
19724,Fighting Flame Swordsman,FIRE,4,Warrior,1800,1600,1047075,effect
19725,"Salamandra, the Flying Flame Dragon",FIRE,2,Dragon,700,1600,37531679,effect
19726,Mirage Swordsman,FIRE,8,Warrior,2800,2000,73936388,effect
19741,Toy Tank,LIGHT,4,Machine,1000,2100,69925461,effect
19746,Electrode Beast Cation,LIGHT,2,Thunder,300,100,21291696,effect
19747,Electrode Beast Anion,LIGHT,2,Thunder,300,100,58680635,effect
19752,Pillar of the Future - Cyanos,LIGHT,1,Machine,500,1500,20357457,effect
19825,Fire King Courtier Ulcanix,FIRE,4,Winged Beast,800,2000,44455560,effect
19826,Psychic Processor,DARK,3,Psychic,0,1500,70843274,effect
19829,Conbirdable,EARTH,8,Winged Beast,1400,2800,79627627,effect
19830,Swarm of Centipedes,DARK,3,Insect,1500,500,6116731,effect
19832,Tricorn the Cacophonous Concert,DARK,2,Fiend,0,0,78905039,effect
19835,Veidos the Eruption Dragon of Extinction,DARK,9,Pyro,2800,1500,78783557,effect
19836,King of the Ashened City,DARK,8,Pyro,1400,2700,4271596,effect
19837,Hero of the Ashened City,DARK,7,Pyro,2600,2100,30676200,effect
19838,Priestess of the Ashened City,DARK,4,Pyro,1200,1300,67660909,effect
19842,Gandora-G the Dragon of Destruction,DARK,8,Dragon,0,0,2333466,effect
19843,Silent Swordsman Zero,LIGHT,4,Warrior,1000,1000,39321065,effect
19844,Silent Magician Zero,LIGHT,4,Spellcaster,1000,1000,65726770,effect
19845,Gadget Trio,EARTH,4,Machine,1300,1100,92110878,effect
19846,Moremarshmallon,LIGHT,3,Fairy,300,500,38505587,effect
19847,Ancient Gear Dark Golem,EARTH,8,Machine,3000,3000,64603182,effect
19848,Ancient Gear Tanker,EARTH,4,Machine,1300,1300,91098230,effect
19849,Ancient Gear Commander,EARTH,4,Machine,500,2000,27483935,effect
19850,Refrain the Melodious Songstress,LIGHT,4,Fairy,1600,800,64881644,effect_pendulum
19851,Couplet the Melodious Songstress,LIGHT,5,Fairy,1200,2000,90276649,effect_pendulum
19852,Snake-Eyes Diabellstar,FIRE,8,Spellcaster,2800,2600,27260347,effect
19853,Diabellze the Original Sinkeeper,LIGHT,7,Illusion,2500,2000,53765052,effect
19854,Ragnaraika the Evil Seed,EARTH,1,Plant,0,0,99153051,effect
19855,Ragnaraika Samurai Beetle,LIGHT,3,Insect,1500,0,26548709,effect
19856,Ragnaraika Armored Lizard,DARK,4,Reptile,0,2300,52543404,effect
19857,Tenpai Dragon Paidra,FIRE,3,Dragon,1700,1000,39931513,effect
19858,Tenpai Dragon Fadra,FIRE,3,Dragon,1600,1000,65326118,effect
19859,Tenpai Dragon Chundra,FIRE,4,Dragon,1500,1000,91810826,effect
19860,Gruesome Grave Squirmer,DARK,1,Fiend,0,0,24215921,effect
19861,Gold Pride - Eliminator,EARTH,5,Machine,1800,800,60203670,effect
19862,Centur-Ion Gargoyle II,DARK,8,Dragon,2000,3000,97698279,effect
19863,Selettrice Vaalmonica,WATER,4,Spellcaster,1200,1200,23093373,effect
19864,Lightsworn Dragonling,LIGHT,4,Dragon,1500,1300,59481082,effect
19865,"Weiss, Lightsworn Archfiend",LIGHT,4,Fiend,0,1700,96576187,effect
19866,Wightlord,LIGHT,1,Zombie,300,200,22970795,effect
19867,Golgoil the Steel Seismic Smasher,EARTH,10,Illusion,1800,3200,59369430,effect
19868,"Mikazukinoyaiba, the Moon Fang Dragon",DARK,7,Dragon,2200,2350,85753549,effect
19870,Nightmare Apprentice,DARK,6,Illusion,2000,1700,58143852,effect
19871,Dinovatus Docus,EARTH,6,Dinosaur,1500,2200,84631951,effect
19872,Cyclos the Circular Sprite,WIND,4,Plant,1000,1800,21036656,effect
19873,Fishborg Harpooner,WATER,4,Fish,400,400,57420265,effect
19874,Cooling Embers,FIRE,3,Pyro,500,1500,83819309,effect
19875,"Saffira, Divine Dragon of the Voiceless Voice",LIGHT,7,Dragon,2550,2450,10804018,ritual
19934,Mira Match,FIRE,1,Spellcaster,0,0,44201739,effect
20036,Archfiend's Advent,DARK,6,Fiend,2500,1200,53008933,effect
20038,Cursed Fire King Doom Burst,FIRE,3,Fiend,1600,800,26857786,effect
20057,Pyrite Knight,EARTH,5,Warrior,2000,0,48228390,effect
20060,Krishnerd Witch,LIGHT,4,Spellcaster,1800,700,37006702,effect
20061,Jungle Dweller,DARK,8,Fiend,2500,1800,73490417,effect
20063,"Vouiburial, the Dragon Undertaker",DARK,10,Illusion,3000,0,36974120,effect
20064,Aiza the Dragoness of Deranged Devotion,FIRE,4,Dragon,1500,0,63378869,effect
20066,Shaman of the Ashened City,DARK,4,Pyro,1300,1200,35151572,effect
20067,Spearhead of the Ashened City,DARK,4,Pyro,1700,100,62156277,effect
20178,Ancient Gear Dragon,EARTH,5,Machine,500,2500,75892194,effect
20180,Sengenjin Wakes from a Millennium,EARTH,8,Beast-Warrior,2750,2500,38775407,effect
20181,Golem that Guards the Millennium Treasures,EARTH,6,Rock,2000,2200,74169516,effect
20182,Shield of the Millennium Dynasty,EARTH,5,Warrior,0,3000,1164211,effect
20183,Maiden of the Millennium Moon,LIGHT,4,Illusion,1500,1300,37552929,effect
20184,Fiend Reflection of the Millennium,WIND,4,Illusion,1300,1400,63947968,effect
20185,Dark Magician the Magician of Black Magic,DARK,7,Spellcaster,2500,2100,342673,effect
20186,Gimmick Puppet Little Soldiers,DARK,4,Machine,0,0,36436372,effect
20187,Gimmick Puppet Rouge Doll,DARK,8,Machine,400,1400,63825486,effect
20188,Gimmick Puppet Cattle Scream,DARK,8,Machine,2000,2000,99229085,effect
20189,Light End Sublimation Dragon,LIGHT,8,Dragon,2600,2100,35614780,effect
20190,Dark End Evaporation Dragon,DARK,8,Dragon,2600,2100,62002838,effect
20191,"Knight Armed Dragon, the Armored Knight Dragon",WIND,3,Dragon,1400,1900,98007437,effect
20192,Astellar of the White Forest,LIGHT,2,Spellcaster,0,0,25592142,effect
20193,Elzette of the White Forest,LIGHT,2,Spellcaster,0,0,61980241,effect
20194,Silvy of the White Forest,LIGHT,4,Spellcaster,1500,200,98385955,effect
20195,Rucia of the White Forest,LIGHT,4,Spellcaster,800,1500,24779554,effect
20196,Fiendsmith Engraver,LIGHT,6,Fiend,1800,2400,60764609,effect
20197,Ragnaraika Wicked Butterfly,EARTH,4,Insect,1800,0,97262307,effect
20198,Tenpai Dragon Genroku,FIRE,3,Dragon,0,1000,23657016,effect
20199,Mementotlan Shleepy,EARTH,3,Beast,800,1000,50042011,effect
20200,Centur-Ion Atrii,DARK,4,Dragon,1800,1400,96030710,effect
20201,Drytron Nu II,LIGHT,1,Machine,2000,0,22435424,effect
20202,Lord of the Missing Barrows,LIGHT,10,Fiend,3100,2900,59829423,effect
20203,Cosmo Queen the Queen of Prayers,DARK,8,Spellcaster,2900,2450,85314178,effect
20204,Paralyzing Mushroom,LIGHT,5,Thunder,1400,0,22712877,effect
20205,Disablaster the Negation Fortress,LIGHT,5,Machine,500,2000,58707981,effect_pendulum
20206,Mulcharmy Purulia,WATER,4,Aqua,100,600,84192580,effect
20207,Dora Dora,FIRE,3,Dragon,400,200,11590299,effect
20208,Broomy,LIGHT,2,Spellcaster,700,700,57985393,effect
20209,Bettan Bat,EARTH,1,Winged Beast,0,0,84079032,effect
20210,Depresspard,LIGHT,2,Beast,100,100,10474647,effect
20211,Drytron Meteonis DA Draconids,LIGHT,12,Machine,5000,5000,56863746,ritual
20260,Dragon of Pride and Soul,DARK,8,Dragon,2500,2500,96823189,effect
20274,Dipity,LIGHT,4,Fiend,0,0,46533533,normal
20276,Galaxy War Drake,LIGHT,4,Dragon,1500,1000,19316241,effect
20277,Galaxy-Eyes Tachyon Primal,LIGHT,8,Dragon,3000,2500,45710945,effect
20278,Tachyon Cloudragon,LIGHT,4,Dragon,300,250,72705654,effect
20279,Schwarzschild Infinity Dragon,DARK,8,Dragon,2000,0,18294799,effect
20284,X-Cross Cannon,LIGHT,4,Machine,1800,1500,70860415,effect
20285,Y-Yare Head,LIGHT,4,Machine,1500,1600,6355563,effect
20286,Z-Zillion Tank,LIGHT,4,Machine,1500,1300,33744268,effect
20291,Trickstar Hoody,LIGHT,2,Fairy,600,1800,1410324,effect
20292,Trickstar Aqua Angel,WATER,4,Fairy,0,0,37405032,effect
20383,Detonating Kuriboh,DARK,1,Fiend,300,200,46789706,effect
20393,Clear Phantom,DARK,3,Fiend,1200,800,70717628,effect
20394,Clear Rage Golem,DARK,4,Rock,1600,1800,7102732,effect
20395,Clear Cube,DARK,1,Machine,0,0,33506331,effect
20396,Clear Vicious Knight,DARK,7,Warrior,2300,1100,70095046,effect
20398,Singularity Fiend,DARK,1,Fiend,0,0,32484853,effect
20400,Earthbound Immortal Red Nova,DARK,12,Fiend,3500,3000,5267507,effect
20401,Ancient Gear Statue,EARTH,2,Machine,500,800,32762201,effect
20402,Cutter Shark,WATER,5,Fish,0,2000,68756810,effect
20403,Gimmick Puppet Fiendish Knight,DARK,4,Machine,1800,500,4145915,effect
20405,Performage Fire Dancer,FIRE,4,Spellcaster,1400,1200,7934362,effect_pendulum
20406,Performage Water Dancer,WATER,4,Spellcaster,1200,1400,34323367,effect_pendulum
20407,Performage Wind Drainer,WIND,5,Spellcaster,2100,0,70417076,effect_pendulum
20408,Performage Cup Tricker,LIGHT,5,Spellcaster,1200,1400,6812770,effect_pendulum
20419,Magicolloidal Sol,WATER,2,Aqua,400,300,67694706,effect
20420,"Vulmina, Statue of the Sacred Dragon",LIGHT,2,Dragon,200,1800,93683815,effect_pendulum
20422,Dipsea Fiend,WATER,4,Fiend,1500,1000,66472129,effect
20425,Kochobo's Hinamatsuri,DARK,7,Machine,2200,2200,55359571,effect
20428,Mimighoul Master,EARTH,4,Zombie,1800,1200,55537983,effect
20429,Mimighoul Dragon,EARTH,1,Dragon,500,2000,81522098,effect
20430,Mimighoul Cerberus,EARTH,1,Beast,400,1800,23920796,effect
20431,Mimighoul Archfiend,EARTH,1,Fiend,0,1900,50415441,effect
20435,"Theia, the Primal Being",DARK,11,Rock,3000,600,85687952,effect
20450,Otonari Thunder,LIGHT,4,Thunder,500,1200,72782945,effect
20451,Giant Kra-Corn,EARTH,8,Plant,1000,2500,8170654,effect
20452,Splitting Planarian,DARK,4,Insect,1000,800,44175358,effect
20477,Surfacing Big Jaws,WATER,4,Fish,1800,300,55697723,effect
20478,Drake Shark,WATER,4,Fish,1400,1050,81096431,effect
20479,Armored Shark,WATER,3,Fish,500,2000,27480536,effect
20480,Heart of the Blue-Eyes,LIGHT,8,Dragon,3000,2500,54475145,effect
20481,Red-Eyes Black Fullmetal Dragon,DARK,8,Machine,3400,2400,80870883,effect
20482,Metalzoa X,DARK,8,Machine,3000,2300,27268998,effect
20483,Zoa the Fiendish Beast,DARK,7,Fiend,2600,1900,53753697,effect
20484,Metal Illusionist,LIGHT,1,Spellcaster,0,0,29157292,effect
20485,Battlewasp - Rapier the Onslaught,WIND,5,Insect,1900,0,56146300,effect
20486,Performage Ball Balancer,EARTH,4,Spellcaster,1000,1800,92530005,effect_pendulum
20487,Chaos Allure Queen,LIGHT,7,Spellcaster,1500,1500,29925614,effect
20488,Goblin Bikers Gone Wild,DARK,6,Fiend,2400,0,55320758,effect
20489,Primite Imperial Dragon,EARTH,6,Dragon,2600,0,81418467,effect
20490,Lacrima the Crimson Tears,LIGHT,4,Fiend,1200,1200,28803166,effect
20491,Mementotlan Akihiron,WATER,5,Aqua,1700,1400,54207171,effect
20492,Centur-Ion Chimerea,DARK,4,Pyro,1200,1600,81696879,effect
20493,"Abyssrhine, the Atlantean Spirit",WATER,3,Aqua,1600,1600,17080584,effect
20494,Mermail Shadow Squad,WATER,3,Sea Serpent,0,1900,53085623,effect
20495,Anarchist Monk of the Six Samurai,DARK,3,Warrior,500,0,80570228,effect
20496,Tactical Trainer of the Six Samurai,EARTH,2,Warrior,200,1200,16968936,effect
20497,Wandering Titan of Tartarus,EARTH,9,Zombie,2600,0,43363035,effect
20498,Union Pilot,LIGHT,5,Machine,2100,1000,89357740,effect
20499,Eria the Water Channeler,WATER,5,Spellcaster,1850,1500,15746348,effect
20500,Mulcharmy Fuwalos,WIND,4,Winged Beast,100,600,42141493,effect
20501,Tsuru-Puru-Purun,WATER,2,Aqua,450,500,84635192,effect
20502,Flipping Feline,EARTH,2,Beast,200,200,11024707,effect
20503,L Magi Mergy,DARK,2,Cyberse,0,1200,47028805,effect
20504,Neverending Nightmare Absorber,WATER,2,Fairy,0,0,73413514,effect
20505,Newbee!,LIGHT,2,Insect,0,0,10807219,effect
20571,Performapal Sky Magician Girl,WIND,5,Spellcaster,2000,1500,3859859,effect
20572,Sword Ryzeal,FIRE,4,Thunder,1500,200,35844557,effect
20573,Node Ryzeal,FIRE,4,Thunder,1400,1600,72238166,effect
20574,Ice Ryzeal,LIGHT,4,Pyro,1700,1000,8633261,effect
20575,Ext Ryzeal,LIGHT,4,Pyro,500,2000,34022970,effect
20576,Palm Ryzeal,FIRE,4,Thunder,1200,2400,61116514,effect
20582,Maliss <P> White Rabbit,DARK,3,Cyberse,1200,300,69272449,effect
20583,Maliss <P> Chessy Cat,DARK,3,Cyberse,1500,300,96676583,effect
20584,Maliss <P> Dormouse,DARK,3,Cyberse,900,300,32061192,effect
20592,Kyoro Ryu-Ge Kaiva,EARTH,10,Dinosaur,3000,1200,93509766,effect
20593,Kairo Ryu-Ge Emva,WATER,10,Sea Serpent,3000,2000,20904475,effect
20594,Genro Ryu-Ge Hakva,WIND,10,Wyrm,3000,1500,56499179,effect
20595,Sosei Ryu-Ge Mistva,LIGHT,10,Dragon,3500,2500,92487128,ritual_pendulum
20602,Maiden of White,LIGHT,1,Spellcaster,0,0,17947697,effect
20603,Neo Kaiser Sea Horse,LIGHT,4,Dragon,1700,1650,54332792,effect
20691,Anotherverse Solaria,FIRE,8,Pyro,2500,2000,63028558,normal
20704,Migratory Zereort,WATER,5,Winged Beast,1000,2200,87640391,effect
20705,Supply Soldier of the Indestructible Insects,EARTH,5,Insect,600,300,23738096,effect
20708,Mantman the Ultrahuman,LIGHT,7,Psychic,2400,1200,22916418,effect
20709,Phalaenop Sisters,WIND,1,Fairy,300,300,59901153,effect
20712,Butterfly Fish,WATER,3,Fish,700,400,58288565,effect
20713,QQ Enneagon,FIRE,9,Dinosaur,900,900,84673574,effect
20714,Mimighoul Armor,EARTH,1,Warrior,600,1500,11677278,effect
20715,Mimighoul Fairy,EARTH,1,Fairy,100,100,43066927,effect
20716,Mimighoul Slime,EARTH,1,Aqua,400,500,80551022,effect
20723,"Hallo, the Spirit of Tricks",DARK,4,Fiend,0,0,54611591,effect
20724,"Ween, the Spirit of Treats",LIGHT,4,Zombie,0,0,81005500,effect
20740,Evil HERO Toxic Bubble,WATER,4,Fiend,800,1200,3598351,effect
20741,Evil HERO Dead-End Prison,LIGHT,4,Rock,1700,1100,30583090,effect
20742,Evil HERO Infernal Rider,WIND,6,Fiend,2100,800,76978105,effect
20743,Arcana Force V - The Hierophant,LIGHT,4,Fairy,1500,1500,3376703,effect
20744,Arcana Force XIX - The Sun,LIGHT,7,Fairy,2900,2900,39761418,effect
20745,Speedroid Colonel Clackers,WIND,2,Machine,200,1800,65155517,effect_pendulum
20746,Speedroid Wing Synchron,WIND,5,Machine,1500,1000,2254222,effect_pendulum
20747,"Elzette, Azamina of the White Forest",LIGHT,2,Illusion,0,0,38648860,effect
20748,Queen Azamina,DARK,8,Illusion,2500,2000,65033975,effect
20749,Argostars - Glorious Adra,EARTH,4,Warrior,1800,1800,91438674,effect
20750,Materiactor Exareptor,WATER,3,Dragon,1500,1500,37426272,effect
20751,Materiactor Zeptwing,FIRE,3,Dragon,0,0,64911387,effect
20752,Hydrojet Shark,WATER,4,Fish,1000,0,90315086,effect
20753,Metalflame Swordsman,FIRE,6,Machine,2500,1600,27704731,effect
20754,Primite Dragon Ether Beryl,EARTH,4,Dragon,1600,0,63198739,effect
20755,"Poseidra, the Storming Atlantean",WATER,7,Sea Serpent,2800,1600,99193444,effect
20756,Gladiator Beast Gistel,EARTH,3,Beast,1200,2000,26582143,effect
20757,Test Bear,EARTH,4,Beast,900,600,62076252,effect
20758,Crystron Tristaros,WATER,2,Machine,800,2000,99471856,effect
20759,Crystron Sulfador,WATER,5,Machine,1900,2250,25865565,effect
20760,Tenyi Spirit - Suruya,LIGHT,4,Wyrm,1600,0,52854600,effect
20761,"Driangle, Dragon of the Dark Deep",WATER,10,Sea Serpent,2100,3100,98248208,effect
20762,Liberator Eto,DARK,8,Reptile,4000,0,24643913,effect
20763,Grand Knight of the Red Lotus,FIRE,8,Warrior,2100,1800,51132012,effect
20764,Mulcharmy Meowls,EARTH,4,Beast,100,600,87126721,effect
20765,Template Skipper,DARK,1,Cyberse,0,0,24521325,effect
20766,Goddess of the Two Sides,LIGHT,3,Fairy,950,700,50915474,effect
20767,Tempura of Fortune - EBI,FIRE,3,Aqua,1600,0,86304179,normal_pendulum
20835,Dragolithia Kunzite,EARTH,8,Dragon,0,0,48705086,effect
20901,Lunar Rabbit Omajinai,LIGHT,1,Spellcaster,0,1500,47643326,normal
20923,The Fabled Behilmoth,LIGHT,2,Beast,1000,600,68897338,effect
20927,Jurrac Megalo,FIRE,1,Dinosaur,500,1300,93170499,effect
20928,Jurrac Stego,FIRE,4,Dinosaur,1700,900,20568404,effect
20932,Gem-Knight Nepyrim,LIGHT,4,Fairy,1550,1600,51831560,effect
20933,Gem-Knight Hollowcore,DARK,7,Fiend,1950,2450,88225269,effect
20935,"Avance, Swordsman of the Nekroz",WATER,4,Spellcaster,1500,800,51618973,effect
20936,"Emilia, Dance Priestess of the Nekroz",WATER,4,Spellcaster,1600,800,87003671,effect
20937,Nekroz of Metaltron,LIGHT,9,Wyrm,2500,3000,13408726,ritual_pendulum
20943,Dragonmaid Cehrmba,DARK,9,Dragon,2800,1800,12163590,effect
20945,Noh-P.U.N.K. Rising Scale,WATER,8,Sea Serpent,2400,2400,75046994,effect
21035,The Man with the Mark,EARTH,4,Spellcaster,1000,1000,97522863,effect
21036,Merciless Scorpion of Serket,EARTH,6,Fairy,2500,2000,34926568,effect
21037,Anubis the Last Judge,EARTH,10,Fiend,3000,0,60411677,effect
21045,Dark Necromancer,DARK,4,Zombie,1000,1400,21960890,effect
21046,Vulcarrion the Rotting Phoenix,DARK,4,Zombie,1600,0,58354899,effect
21048,Minimalian,WATER,4,Psychic,100,100,21147203,effect
21051,Beast of Talwar - The Sword Summit,DARK,7,Fiend,2400,2150,20011655,effect
21054,Ame no Murakumo no Mitsurugi,DARK,8,Reptile,3200,800,19899073,ritual
21055,Futsu no Mitama no Mitsurugi,DARK,8,Reptile,2000,3400,55397172,ritual
21056,"Mitsurugi no Mikoto, Kusanagi",DARK,4,Reptile,1600,400,82782870,effect
21057,"Mitsurugi no Mikoto, Saji",DARK,4,Reptile,1000,1700,18176525,effect
21062,"Bat, the Forest Ninja",LIGHT,3,Beast,800,800,80447641,effect
21063,"Wonko, Noble Knight of the Forest",LIGHT,4,Beast,1100,1600,17832359,effect
21069,D/D Count Surveyor,DARK,8,Fiend,2000,2000,5997110,effect_pendulum
21070,D/D Scale Surveyor,DARK,2,Fiend,0,1000,42382265,effect_pendulum
21071,D/D Extra Surveyor,DARK,5,Fiend,1000,0,74387963,effect_pendulum
21072,"Crowley, the Gifted Magistus",DARK,4,Spellcaster,1800,1000,875572,effect
21138,Wizard @Ignister,DARK,4,Cyberse,1800,800,3723262,effect
21139,Backup @Ignister,DARK,3,Cyberse,1200,800,30118811,effect
21140,Kurikurinku @Ignister,DARK,1,Cyberse,300,200,66102515,effect
21141,Dark Magician Girl the Magician's Apprentice,DARK,6,Spellcaster,2000,1700,2501624,effect
21142,Evil HERO Vicious Claws,DARK,7,Fiend,2500,2500,35095329,effect
21143,Regulus the Fairy Beast,LIGHT,4,Beast,1700,1000,61480937,effect
21144,Spore the Fairy Seed,LIGHT,1,Plant,400,800,98888032,effect
21145,Kuribon the Fairy Spirit,LIGHT,1,Fairy,300,200,34873741,effect
21146,Heraldic Beast Gryphon,WIND,4,Winged Beast,1600,1000,60268386,effect
21147,Heraldic Beast Stad Whale,WATER,4,Fish,900,1900,97662494,effect
21148,Diabellstar Vengeance,DARK,8,Fiend,2500,2100,23151193,effect
21149,Diabellze the White Witch,LIGHT,8,Illusion,2500,2100,60145298,effect
21150,Regenesis Warrior,FIRE,7,Warrior,2500,2500,96540807,effect
21151,Regenesis Sage,WATER,7,Spellcaster,2500,2500,22938501,effect
21152,Regenesis Dragon,WIND,8,Dragon,2500,2500,59323650,effect
21153,Regenesis Archfiend,EARTH,8,Fiend,2500,2500,95718355,effect
21154,Regenesis Lord,LIGHT,10,Illusion,2500,2500,22812963,effect
21155,"Spectral, Dragon Ruler of Flickers",LIGHT,2,Dragon,600,1000,58201062,effect
21156,"Nebulus, Dragon Ruler of Mishaps",DARK,2,Dragon,1000,600,94655777,effect
21157,Argostars - Fierce Parthe,EARTH,4,Warrior,1400,1400,21050476,effect
21158,Prima Materiactor,LIGHT,3,Dragon,0,0,57448410,normal_pendulum
21159,Star Ryzeal,LIGHT,4,Pyro,1800,0,84433129,effect
21160,Maliss <P> March Hare,DARK,3,Cyberse,600,300,20938824,effect
21161,Tensei Ryu-Ge Anva,DARK,10,Dragon,3000,2100,56322832,effect_pendulum
21162,Red-Eyes Metal Claws Dragon,DARK,7,Dragon,2400,2000,83711531,effect
21163,Cyber Jormungardr,LIGHT,5,Machine,1000,2100,19715246,effect
21164,Cyberdark Wurm,DARK,5,Machine,800,2100,56100345,effect
21165,Live☆Twin Lil-la Sweet,DARK,2,Spellcaster,500,0,82699999,effect
21166,Moissa Wight,DARK,1,Zombie,300,200,19093698,effect
21167,NT8000 - SIRIUS,DARK,8,Machine,2300,2500,45488703,effect
21168,Wicked Serpent Night Dragon,DARK,7,Dragon,2350,2400,81476402,effect
21169,Crimson Firewing Pegasus,FIRE,6,Beast,2250,1800,18861006,effect
21170,Brain Controller,DARK,1,Psychic,100,200,44265115,effect
21171,Bomber Place,DARK,6,Spellcaster,1350,2400,71750854,effect
21250,Ukanomitsune-no-Tamayura,LIGHT,3,Beast,1500,300,93413793,effect
21338,Dawn Angel Kambi,LIGHT,1,Fairy,500,1800,12500059,effect
21339,Hrimnir the Divine Follower,LIGHT,9,Fairy,2200,2200,49904658,effect
21341,Aspischool,WATER,4,Fish,300,300,12888461,effect
21344,Replicard LAD,DARK,7,Cyberse,2500,2500,1665819,effect
21347,"Mitsurugi no Mikoto, Aramasa",DARK,4,Reptile,1200,900,40543231,effect
21348,"Mitsurugi no Miko, Wousu",DARK,8,Reptile,2000,2000,76948970,effect
21349,Ame no Habakiri no Mitsurugi,DARK,8,Reptile,2400,1800,13332685,ritual
21354,Dracotail Lukias,EARTH,4,Spellcaster,1800,700,75003700,effect
21355,Dracotail Faimena,WATER,5,Spellcaster,1300,2500,1498449,effect
21356,Dracotail Pan,WIND,7,Dragon,2700,1700,44482554,effect
21357,Dracotail Urgula,FIRE,6,Dragon,2400,1000,70871153,effect
21358,Dracotail Mululu,DARK,3,Dragon,1100,1500,7375867,effect
21365,Cupsy☆Yummy,LIGHT,1,Beast,0,1600,31425736,effect
21366,Cooky☆Yummy,LIGHT,1,Beast,1000,0,68810435,effect
21367,Lollipo☆Yummy,LIGHT,1,Beast,600,1200,4215180,effect
21376,K9-17 Izuna,EARTH,5,Warrior,2100,1600,92248362,effect
21377,K9-66a Jokul,DARK,5,Aqua,2000,1900,28642461,effect
21378,K9-66b Lantern,DARK,5,Pyro,2000,1900,55031170,effect
21379,K9-ØØ Lupis,EARTH,5,Beast-Warrior,2300,200,91025875,effect
21406,Moon Magician,LIGHT,4,Spellcaster,1800,1500,74941992,effect
21407,Moon Gardna,LIGHT,4,Spellcaster,100,2000,336601,effect
21412,Zubababa Knight,EARTH,3,Warrior,1600,900,62006866,effect
21413,Gagaga Ganbara Knight,LIGHT,4,Warrior,0,1800,9491461,effect
21414,Gogogo Goblindbergh,EARTH,4,Warrior,1400,0,35886170,effect
21415,Dodododo Warrior,EARTH,6,Warrior,2300,900,62880279,effect
21416,Lunalight Gold Leo,DARK,4,Beast-Warrior,600,1600,8379983,effect
21417,Lunalight Silver Hound,DARK,3,Beast-Warrior,1400,400,35763582,effect
21418,Linkslayer @Ignister,DARK,5,Cyberse,2000,600,61168637,effect
21419,Medius the Pure,DARK,4,Fairy,1800,1800,97556336,effect
21420,Artmage Finmel,LIGHT,7,Warrior,2400,1500,34541940,effect
21421,Artmage Graflare,LIGHT,5,Dragon,2100,1500,60946049,effect
21422,Artmage Litera,LIGHT,3,Spellcaster,400,1800,97434754,effect
21423,Artmage Power Patron,EARTH,1,Illusion,300,200,23829452,effect
21424,Serene Psychic Girl,EARTH,2,Psychic,500,300,9213491,effect
21425,Hushed Psychic Minister,EARTH,3,Psychic,0,2100,36218106,effect
21426,Mind Procedure,LIGHT,3,Psychic,1100,1100,62606805,effect
21427,Prototype Psychic Blaster,EARTH,6,Psychic,2000,1500,95091919,effect
21428,Eidos the Underworld Monarch,DARK,6,Spellcaster,2400,1000,31596518,effect
21429,Tessera the Primal Squire,LIGHT,1,Warrior,800,1000,67584223,effect
21430,Dark Flare Swordsman,FIRE,6,Warrior,2200,800,94979322,effect
21431,Miasma Dragon Tistina,DARK,10,Aqua,2000,0,30373970,effect
21432,Kaibaman the Legend,LIGHT,1,Warrior,200,700,67768675,effect
21433,Vanquish Soul Hollie Sue,EARTH,5,Psychic,500,2200,93156774,effect
21434,Chef de Nouvelles,LIGHT,3,Fiend,1000,1850,29251488,effect_pendulum
21435,Super Quantal Fairy Zetan,DARK,1,Zombie,0,0,66646087,effect
21436,Super Quantum Black Layer,DARK,7,Zombie,2400,2400,92034192,effect
21437,Morgana the Witch of Eyes,DARK,4,Spellcaster,1500,2100,29439831,effect
21438,Leo Wizard the Dark Fiend,DARK,4,Spellcaster,1350,1200,55423549,effect
21439,WAKE CUP! Mocha,WIND,3,Aqua,1000,100,91818544,effect
21440,Angry Burger,DARK,6,Warrior,2800,1850,28306253,ritual
21618,Anotherverse Stratios,EARTH,8,Warrior,2500,2000,10949074,normal
21624,Buio the Dawn's Light,DARK,3,Fiend,1000,1500,19000848,effect
21627,Miracle Raven,DARK,1,Fiend,300,300,18988396,ritual_pendulum
21630,Steel-Stringed Sacrifice,LIGHT,1,Warrior,800,1000,7166709,effect
21633,R.B. Ga10 Driller,EARTH,3,Machine,500,500,6043161,effect
21634,R.B. Ga10 Cutter,EARTH,4,Machine,700,700,33438265,effect
21635,R.B. VALCan Rocket,FIRE,5,Machine,1000,1000,79436874,effect
21746,Queen of the Blazing Domain,DARK,9,Pyro,3000,2500,72162751,effect
21767,D/D Lance Soldier,DARK,2,Fiend,400,400,67322708,effect
21768,D/D Defense Soldier,DARK,4,Fiend,0,1800,93317313,effect
21769,D/D/D Zero Doom Queen Machinex,DARK,8,Fiend,3000,0,20715411,effect_pendulum
21770,Vengeful Witch,DARK,4,Plant,1100,1200,66100116,effect
21771,Twilight Rose Black Knight,DARK,3,Plant,1000,1000,92595825,effect
21772,Gouki Machine Suprex,EARTH,4,Warrior,1800,0,29099860,effect
21773,Onomatokage,DARK,4,Reptile,1100,1500,55088578,effect
21774,DoomZ XII Zero - Drastea,DARK,8,Dragon,2400,1500,92472273,effect
21775,DoomZ V Five - Amalthe,DARK,4,Dragon,1600,1200,28877382,effect
21776,DoomZ VII Seven - Elara,DARK,4,Dragon,1400,1200,54265980,effect
21777,Power Patron DoomZ,WIND,1,Machine,300,200,81650695,effect
21778,Radiant Typhoon Meghala,WIND,3,Fairy,500,1500,27755794,effect
21779,Radiant Typhoon Eldam,WIND,3,Beast,1300,800,54143349,effect
21780,Radiant Typhoon Swen,WIND,3,Beast-Warrior,1600,400,80538047,effect
21781,Radiant Typhoon Krosea,WIND,6,Winged Beast,2200,1200,16922142,effect
21782,"Radiant Typhoon Varuroon, the Vibrant Vortex",WIND,9,Aqua,0,3000,53927851,effect
21783,"Radiant Typhoon Fonix, the Great Flame",WIND,9,Pyro,3000,0,85315450,effect
21784,"Master Peace, the True Dracoverlord",DARK,10,Wyrm,2950,2950,12800564,effect
21785,"Mariamne Paradox, the True Dracophoenix Knight",WIND,6,Wyrm,1800,1400,58205203,effect
21786,Solfachord Solfegia,LIGHT,2,Fairy,400,400,84693918,effect_pendulum
21787,Solfachord Primoa,EARTH,1,Fairy,0,400,11688916,effect_pendulum
21788,Regenesis Overlord,DARK,10,Illusion,2500,2500,47082621,effect
21789,Dracotail Phryxul,LIGHT,2,Spellcaster,800,1500,84477320,effect
21790,Marshmao☆Yummy,LIGHT,1,Beast,800,600,10966439,effect
21791,K9-04 Noroi,EARTH,5,Machine,2200,1500,47960073,effect
21792,"Dogmatika Fleurdelis, the Thunderbolt",LIGHT,8,Spellcaster,2500,2500,73355772,effect
21793,"VARefar, the Judge of Ball",EARTH,11,Fiend,2100,800,19743887,effect
21794,Sphinx of the Cycle,EARTH,8,Rock,2500,3000,46148485,effect
21795,Triple-Headed Behemoth,WIND,4,Dragon,1500,1200,72632190,effect
21796,Ichiki Sayori-Hime,LIGHT,4,Fairy,800,800,9627299,effect
21797,Tao Tao the Chanter,EARTH,2,Illusion,900,600,45016904,effect
21798,WAKE CUP! Macchia,WIND,3,Aqua,1000,100,71410542,effect
21799,Megalith Phuloch,EARTH,4,Rock,2000,300,8805651,ritual
21800,Megalith Notrah Plura,EARTH,12,Rock,3700,2700,44293356,ritual
21901,Full-Speed Warrior,WIND,2,Warrior,900,400,17201951,effect
21902,Anchorbolt Hedgehog,EARTH,2,Machine,800,800,54656950,effect
21903,Crossroad Sonic Chick,EARTH,1,Winged Beast,300,300,80054655,effect
21904,Scrap Synchron,EARTH,1,Machine,700,100,16449363,effect
21931,Hecahands Ibtel,LIGHT,6,Illusion,1600,2100,95365081,effect
21932,Hecahands Yadel,LIGHT,6,Illusion,2100,1600,32759190,effect
21933,Hecahands Godos,DARK,7,Illusion,2300,2000,68144894,effect
21934,Hecahands Gaigas,DARK,7,Illusion,1200,2800,95132593,effect
21935,Hecahands Breus,DARK,7,Illusion,2800,1300,21637502,effect
21942,"Proto Enneacraft - ""orgIA""",EARTH,1,Machine,100,1000,56187077,effect_pendulum
21943,"Deftero Enneacraft - ""alazoneIA""",EARTH,1,Machine,100,1000,92171126,effect_pendulum
21944,"Ekto Enneacraft - ""tromarIA""",EARTH,1,Machine,100,1000,29570824,effect_pendulum
21945,"Enato Enneacraft - ""oknirIA""",EARTH,1,Machine,100,1000,55965529,effect_pendulum
21946,Enneacraft - Aiza.LEON,LIGHT,9,Machine,3000,2500,82359538,effect_pendulum
21947,Enneacraft - Asta.PIXEA,LIGHT,9,Machine,3000,2500,28454232,effect_pendulum
21948,Enneacraft - Atori.MAR,LIGHT,9,Machine,3000,2500,54842941,effect_pendulum
21949,Enneacraft - Archa.TAIL,LIGHT,9,Machine,3000,2500,81237046,effect_pendulum
21953,Kewl Tune Mix,WIND,2,Warrior,100,2000,16509007,effect
21954,Kewl Tune Clip,DARK,2,Thunder,800,1000,43904702,effect
21955,Kewl Tune Reco,FIRE,3,Fiend,1500,800,89392810,effect
21956,Kewl Tune Cue,LIGHT,3,Fairy,900,1900,16387555,effect
22063,"Disguise, the Copycat Hero",LIGHT,4,Warrior,1400,1200,87750925,effect
22070,Silk Bomb Moth,WIND,6,Insect,2400,1000,18300894,effect
22072,R.B. Lambda Cannon,DARK,6,Machine,1200,1200,81794107,effect
22073,R.B. Lambda Blade,DARK,7,Machine,1400,1400,17188206,effect
22074,R.B. Ga10 Pile Bunker,EARTH,8,Machine,1500,1500,44573911,effect
4007,Blue-Eyes White Dragon,LIGHT,8,Dragon,3000,2500,89631139,normal
4008,Mystical Elf,LIGHT,4,Spellcaster,800,2000,15025844,normal
4009,Hitotsu-Me Giant,EARTH,4,Beast-Warrior,1200,1000,76184692,normal
4010,Baby Dragon,WIND,3,Dragon,1200,700,88819587,normal
4011,Ryu-Kishin,DARK,3,Fiend,1000,500,15303296,normal
4012,Feral Imp,DARK,4,Fiend,1300,1400,41392891,normal
4013,"Winged Dragon, Guardian of the Fortress #1",WIND,4,Dragon,1400,1200,87796900,normal
4014,Mushroom Man,EARTH,2,Plant,800,600,14181608,normal
4015,Shadow Specter,DARK,1,Zombie,500,200,40575313,normal
4016,Blackland Fire Dragon,DARK,4,Dragon,1500,800,87564352,normal
4017,Sword Arm of Dragon,EARTH,6,Dinosaur,1750,2030,13069066,normal
4018,Swamp Battleguard,EARTH,5,Warrior,1800,1500,40453765,effect
4019,Tyhone,WIND,4,Winged Beast,1200,1400,72842870,normal
4020,Battle Steer,EARTH,5,Beast-Warrior,1800,1300,18246479,normal
4022,Time Wizard,LIGHT,2,Spellcaster,500,400,71625222,effect
4023,Right Leg of the Forbidden One,DARK,1,Spellcaster,200,300,8124921,normal
4024,Left Leg of the Forbidden One,DARK,1,Spellcaster,200,300,44519536,normal
4025,Right Arm of the Forbidden One,DARK,1,Spellcaster,200,300,70903634,normal
4026,Left Arm of the Forbidden One,DARK,1,Spellcaster,200,300,7902349,normal
4027,Exodia the Forbidden One,DARK,3,Spellcaster,1000,1000,33396948,effect
4028,Summoned Skull,DARK,6,Fiend,2500,1200,70781052,normal
4029,The Wicked Worm Beast,EARTH,3,Beast,1400,700,6285791,effect
4030,Skull Servant,DARK,1,Zombie,300,200,32274490,normal
4032,Battle Ox,EARTH,4,Beast-Warrior,1700,1000,5053103,normal
4033,Beaver Warrior,EARTH,4,Beast-Warrior,1200,1500,32452818,normal
4034,Rock Ogre Grotto #1,EARTH,3,Rock,800,1200,68846917,normal
4037,Koumori Dragon,DARK,4,Dragon,1500,1200,67724379,normal
4038,Two-Headed King Rex,EARTH,4,Dinosaur,1600,1200,94119974,normal
4039,Judge Man,EARTH,6,Warrior,2200,1500,30113682,normal
4040,Saggi the Dark Clown,DARK,3,Spellcaster,600,1500,66602787,normal
4041,Dark Magician,DARK,7,Spellcaster,2500,2100,46986414,normal
4042,The Snake Hair,DARK,4,Zombie,1500,1200,29491031,normal
4044,Gaia The Fierce Knight,EARTH,7,Warrior,2300,2100,6368038,normal
4045,Curse of Dragon,DARK,5,Dragon,2000,1500,28279543,normal
4046,Dragon Piper,FIRE,3,Pyro,200,1800,55763552,effect
4047,Celtic Guardian,EARTH,4,Warrior,1400,1200,91152256,normal
4048,Illusionist Faceless Mage,DARK,5,Spellcaster,1200,2200,28546905,normal
4050,Rogue Doll,LIGHT,4,Spellcaster,1600,1000,91939608,normal
4051,Wattkid,LIGHT,3,Thunder,1000,500,27324313,normal
4052,Griffore,EARTH,4,Beast,1200,1500,53829412,normal
4054,Sangan,DARK,3,Fiend,1000,600,26202165,effect
4055,Big Insect,EARTH,4,Insect,1200,1500,53606874,normal
4056,Basic Insect,EARTH,2,Insect,500,700,89091579,normal
4057,Armored Lizard,EARTH,4,Reptile,1500,1200,15480588,normal
4058,Hercules Beetle,EARTH,5,Insect,1500,2000,52584282,normal
4059,Killer Needle,WIND,4,Insect,1200,1000,88979991,normal
4060,Gokibore,EARTH,4,Insect,1200,1400,15367030,normal
4061,Giant Flea,EARTH,4,Insect,1500,1200,41762634,normal
4062,Larvae Moth,EARTH,2,Insect,500,400,87756343,effect
4063,Great Moth,EARTH,8,Insect,2600,2500,14141448,effect
4064,Kuriboh,DARK,1,Fiend,300,200,40640057,effect
4065,Mammoth Graveyard,EARTH,3,Dinosaur,1200,800,40374923,normal
4066,Great White,WATER,4,Fish,1600,800,13429800,normal
4067,Wolf,EARTH,3,Beast,1200,800,49417509,normal
4068,Harpie Lady,WIND,4,Winged Beast,1300,1400,76812113,normal
4069,Harpie Lady Sisters,WIND,6,Winged Beast,1950,2100,12206212,effect
4070,Tiger Axe,EARTH,4,Beast-Warrior,1300,1100,49791927,normal
4071,Silver Fang,EARTH,3,Beast,1200,800,90357090,normal
4072,Kojikocy,EARTH,4,Warrior,1500,1200,1184620,normal
4073,Perfectly Ultimate Great Moth,EARTH,8,Insect,3500,3000,48579379,effect
4074,Garoozis,FIRE,5,Beast-Warrior,1800,1500,14977074,normal
4076,Fiend Kraken,WATER,4,Aqua,1200,1400,77456781,normal
4077,Jellyfish,WATER,4,Aqua,1200,1500,14851496,normal
4078,Cocoon of Evolution,EARTH,3,Insect,0,2000,40240595,effect
4079,Kairyu-Shin,WATER,5,Sea Serpent,1800,1500,76634149,normal
4080,Giant Soldier of Stone,EARTH,3,Rock,1300,2000,13039848,normal
4083,Grappler,WATER,4,Reptile,1300,1200,2906250,normal
4084,Axe Raider,EARTH,4,Warrior,1700,1150,48305365,normal
4085,Megazowler,EARTH,6,Dinosaur,1800,2000,75390004,normal
4086,Uraby,EARTH,4,Dinosaur,1500,800,1784619,normal
4087,Crawling Dragon #2,EARTH,4,Dinosaur,1600,1200,38289717,normal
4088,Red-Eyes Black Dragon,DARK,7,Dragon,2400,2000,74677427,normal
4089,Castle of Dark Illusions,DARK,4,Fiend,920,1930,62121,effect
4090,Reaper of the Cards,DARK,5,Fiend,1380,1930,33066139,effect
4091,King of Yamimakai,DARK,5,Fiend,2000,1530,69455834,normal
4094,Metal Guardian,DARK,5,Fiend,1150,2150,68339286,normal
4095,Catapult Turtle,WATER,5,Aqua,1000,2000,95727991,effect
4096,Gyakutenno Megami,LIGHT,6,Fairy,1800,2000,31122090,normal
4097,Mystic Horseman,EARTH,4,Beast,1300,1550,68516705,normal
4100,Crawling Dragon,EARTH,5,Dragon,1600,1400,67494157,normal
4101,Crass Clown,DARK,4,Fiend,1350,1400,93889755,effect
4102,Armored Zombie,DARK,3,Zombie,1500,0,20277860,normal
4103,Dragon Zombie,DARK,3,Zombie,1600,0,66672569,normal
4104,Clown Zombie,DARK,2,Zombie,1350,0,92667214,normal
4105,Pumpking the King of Ghosts,DARK,6,Zombie,1800,2000,29155212,effect
4106,Battle Warrior,EARTH,3,Warrior,700,1000,55550921,normal
4107,Wings of Wicked Flame,FIRE,2,Pyro,700,600,92944626,normal
4108,Mask of Darkness,DARK,2,Fiend,900,400,28933734,effect
4110,Curtain of the Dark Ones,DARK,2,Spellcaster,600,500,22026707,normal
4111,Tomozaurus,EARTH,2,Dinosaur,500,400,46457856,normal
4113,Kageningen,DARK,2,Warrior,800,600,80600490,normal
4115,Goddess with the Third Eye,LIGHT,4,Fairy,1200,1000,53493204,effect
4116,Hero of the East,EARTH,3,Warrior,1100,1000,89987208,normal
4117,Doma The Angel of Silence,DARK,5,Fairy,1600,1400,16972957,normal
4118,That Which Feeds on Life,DARK,4,Fiend,1200,1000,52367652,normal
4119,Dark Gray,EARTH,3,Beast,800,900,9159938,normal
4120,White Magical Hat,LIGHT,3,Spellcaster,1000,700,15150365,effect
4123,Spirit of the Books,WIND,4,Winged Beast,1400,1200,14037717,normal
4125,Trial of Nightmare,DARK,4,Fiend,1300,900,77827521,normal
4126,Dream Clown,EARTH,3,Warrior,1200,900,13215230,effect
4127,Sleeping Lion,EARTH,4,Beast,700,1700,40200834,normal
4130,Ancient Tool,DARK,5,Machine,1700,1400,49587396,normal
4131,Faith Bird,WIND,4,Winged Beast,1500,1100,75582395,normal
4133,Ansatsu,EARTH,5,Warrior,1700,1200,48365709,normal
4135,Nemuriko,DARK,3,Spellcaster,800,700,90963488,normal
4137,Octoberser,WATER,5,Aqua,1600,1400,74637266,normal
4138,The 13th Grave,DARK,3,Zombie,1200,900,32864,normal
4142,Witty Phantom,DARK,4,Fiend,1400,1300,36304921,normal
4145,Blue-Eyed Silver Zombie,DARK,3,Zombie,900,700,35282433,normal
4148,Flame Manipulator,FIRE,3,Spellcaster,900,1000,34460851,normal
4149,Necrolancer the Time-lord,DARK,3,Spellcaster,800,900,61454890,normal
4152,Temple of Skulls,DARK,4,Zombie,900,1300,732302,normal
4153,Monster Egg,EARTH,3,Warrior,600,900,36121917,normal
4154,The Shadow Who Controls the Dark,DARK,3,Fiend,800,700,63125616,normal
4155,Lord of the Lamp,DARK,4,Fiend,1400,1200,99510761,normal
4157,Rhaimundos of the Red Sword,EARTH,4,Warrior,1200,1300,62403074,normal
4160,Fire Reaper,DARK,2,Zombie,700,500,53581214,normal
4161,Larvas,EARTH,3,Beast,800,1000,94675535,normal
4162,Hard Armor,EARTH,3,Warrior,300,1200,20060230,normal
4163,Firegrass,EARTH,2,Plant,700,600,53293545,normal
4164,Man Eater,EARTH,2,Plant,800,600,93553943,normal
4165,Dig Beak,EARTH,2,Beast,500,800,29948642,normal
4166,M-Warrior #1,EARTH,3,Warrior,1000,500,56342351,normal
4167,M-Warrior #2,EARTH,3,Warrior,500,1000,92731455,normal
4168,Tainted Wisdom,DARK,3,Fiend,1250,800,28725004,effect
4171,The Judgement Hand,EARTH,3,Warrior,1400,700,28003512,normal
4172,Mysterious Puppeteer,EARTH,4,Warrior,1000,1500,54098121,effect
4175,Dark King of the Abyss,DARK,3,Fiend,1200,800,53375573,normal
4176,Spirit of the Harp,LIGHT,4,Fairy,800,2000,80770678,normal
4177,Big Eye,DARK,4,Fiend,1200,1000,16768387,effect
4178,Armaill,EARTH,3,Warrior,700,1300,53153481,normal
4179,Dark Prisoner,DARK,3,Fiend,600,1000,89558090,normal
4181,Ancient Brain,DARK,3,Fiend,1000,700,42431843,normal
4184,Claw Reacher,DARK,3,Fiend,1000,800,41218256,normal
4192,Fiend Reflection #2,LIGHT,4,Winged Beast,1100,1400,2863439,normal
4198,Key Mace,LIGHT,1,Fairy,400,300,1929294,normal
4199,Turtle Tiger,WATER,4,Aqua,1000,1500,37313348,normal
4200,Terra the Terrible,DARK,4,Fiend,1200,1300,63308047,normal
4204,Happy Lover,LIGHT,2,Fairy,800,500,99030164,normal
4205,Penguin Knight,WATER,3,Aqua,900,800,36039163,effect
4206,Petit Dragon,WIND,2,Dragon,600,700,75356564,normal
4207,Frenzied Panda,EARTH,4,Beast,1200,1000,98818516,normal
4208,Archfiend Marmot of Nefariousness,EARTH,2,Beast,400,600,75889523,normal
4213,Droll Bird,WIND,2,Winged Beast,600,500,97973387,normal
4214,Petit Angel,LIGHT,3,Fairy,600,900,38142739,normal
4215,Winged Cleaver,EARTH,2,Insect,700,700,39175982,normal
4216,Hinotama Soul,FIRE,2,Pyro,600,500,96851799,normal
4217,Thunder Kid,WIND,2,Thunder,700,600,15510988,normal
4218,Meotoko,EARTH,2,Beast,700,600,53832650,normal
4219,Aqua Madoor,WATER,4,Spellcaster,1200,2000,85639257,normal
4220,Kagemusha of the Blue Flame,EARTH,2,Warrior,800,400,15401633,normal
4224,Two-Mouth Darkruler,EARTH,3,Dinosaur,900,700,57305373,normal
4226,Masked Sorcerer,DARK,4,Spellcaster,900,1400,10189126,effect
4227,Kumootoko,EARTH,3,Insect,700,1400,56283725,normal
4230,Trap Master,EARTH,3,Warrior,500,1100,46461247,effect
4232,Skull Stalker,DARK,3,Warrior,900,800,54844990,normal
4235,Hourglass of Life,LIGHT,2,Fairy,700,600,8783685,normal
4239,Dark Titan of Terror,DARK,4,Fiend,1300,1100,89494469,normal
4240,Beautiful Headhuntress,EARTH,4,Warrior,1600,800,16899564,normal
4241,Wodan the Resident of the Forest,EARTH,3,Warrior,900,1200,42883273,effect
4242,Guardian of the Labyrinth,EARTH,4,Warrior,1000,1200,89272878,normal
4243,Haniwa,EARTH,2,Rock,500,500,84285623,normal
4247,Dark Assailant,DARK,4,Zombie,1200,1200,41949033,normal
4250,Dissolverock,EARTH,3,Rock,900,1000,40826495,normal
4251,Meda Bat,DARK,2,Fiend,800,400,76211194,normal
4253,Root Water,WATER,3,Fish,900,800,39004808,normal
4254,Master & Expert,EARTH,4,Beast,1200,1000,75499502,normal
4255,Water Omotics,WATER,4,Aqua,1400,1200,2483611,normal
4257,Enchanting Mermaid,WATER,3,Fish,1200,900,75376965,normal
4258,Nekogal #1,EARTH,3,Beast,1100,900,1761063,normal
4261,Prevent Rat,EARTH,4,Beast,500,2000,549481,normal
4262,D.D. Warrior,EARTH,4,Warrior,1200,1000,37043180,effect
4263,Stone Armadiller,EARTH,3,Rock,800,1200,63432835,normal
4264,Beastking of the Swamps,WATER,4,Aqua,1000,1100,99426834,effect
4268,The Little Swordsman of Aile,WATER,3,Warrior,800,1300,25109950,effect
4271,The Furious Sea King,WATER,3,Aqua,800,700,18710707,normal
4272,Princess of Tsurugi,WIND,3,Warrior,900,700,51371017,effect
4273,Unknown Warrior of Fiend,DARK,3,Warrior,1000,500,97360116,normal
4274,Sectarian of Secrets,DARK,2,Spellcaster,700,500,15507080,normal
4275,Versago the Destroyer,DARK,3,Fiend,1100,900,50259460,effect
4276,Wetha,WATER,3,Aqua,1000,900,96643568,normal
4280,Green Phantom King,EARTH,3,Plant,500,1600,22910685,normal
4281,Ground Attacker Bugroth,EARTH,4,Machine,1500,1000,58314394,normal
4282,Ray & Temperature,LIGHT,3,Fairy,1000,1000,85309439,normal
4284,Petit Moth,EARTH,1,Insect,300,200,58192742,normal
4285,King Fog,DARK,3,Fiend,1000,900,84686841,normal
4286,Protector of the Throne,EARTH,4,Warrior,800,1500,10071456,normal
4287,Mystic Clown,DARK,4,Fiend,1500,1000,47060154,normal
4288,Mystical Sheep #2,EARTH,3,Beast,800,1000,83464209,normal
4292,Gatekeeper,DARK,5,Machine,1500,1800,19737320,normal
4293,Ogre of the Black Shadow,EARTH,4,Beast-Warrior,1200,1400,45121025,normal
4294,Dark Artist,DARK,3,Fiend,600,1400,72520073,effect
4295,Change Slime,WATER,1,Aqua,400,300,18914778,normal
4296,Moon Envoy,LIGHT,4,Warrior,1100,1000,45909477,normal
4297,Fireyarou,FIRE,4,Pyro,1300,1000,71407486,normal
4298,Psychic Kappa,WATER,2,Aqua,400,1000,7892180,normal
4299,Masaki the Legendary Swordsman,EARTH,4,Warrior,1100,1100,44287299,normal
4302,One-Eyed Shield Dragon,WIND,3,Dragon,700,1300,33064647,normal
4303,Cyber Soldier of Darkworld,DARK,4,Machine,1400,1200,75559356,normal
4305,Sonic Maid,EARTH,3,Warrior,1200,900,38942059,normal
4306,Kurama,WIND,3,Winged Beast,800,800,85705804,normal
4357,Yaranzo,DARK,4,Zombie,1300,1500,71280811,normal
4358,Kanan the Swordmistress,EARTH,4,Warrior,1400,1400,12829151,normal
4359,Takriminos,WATER,4,Sea Serpent,1500,1200,44073668,normal
4360,Stuffed Animal,EARTH,3,Warrior,1200,900,71068263,normal
4361,Megasonic Eye,DARK,5,Machine,1500,1800,7562372,normal
4362,Super War-Lion,EARTH,7,Beast,2300,2100,33951077,ritual
4363,Yamadron,FIRE,5,Dragon,1600,1800,70345785,normal
4364,Seiyaryu,LIGHT,7,Dragon,2500,2300,6740720,normal
4365,Three-Legged Zombies,DARK,3,Zombie,1100,800,33734439,normal
4366,Zera the Mant,DARK,8,Fiend,2800,2300,69123138,ritual
4367,Flying Penguin,WATER,4,Aqua,1200,1000,5628232,normal
4368,Millennium Shield,EARTH,5,Warrior,0,3000,32012841,normal
4369,Fairy's Gift,LIGHT,4,Spellcaster,1400,1000,68401546,normal
4370,Black Luster Soldier,EARTH,8,Warrior,3000,2500,5405694,ritual
4371,Fiend's Mirror,DARK,6,Fiend,2100,1800,31890399,ritual
4372,Labyrinth Wall,EARTH,5,Rock,0,3000,67284908,normal
4373,Jirai Gumo,EARTH,4,Insect,2200,100,94773007,effect
4374,Shadow Ghoul,DARK,5,Zombie,1600,1300,30778711,effect
4375,Wall Shadow,DARK,7,Warrior,1600,3000,63162310,effect
4377,Sanga of the Thunder,LIGHT,7,Thunder,2600,2200,25955164,effect
4378,Kazejin,WIND,7,Spellcaster,2400,2200,62340868,effect
4379,Suijin,WATER,7,Aqua,2500,2400,98434877,effect
4380,Gate Guardian,DARK,11,Warrior,3750,3400,25833572,effect
4381,Dungeon Worm,EARTH,5,Insect,1800,1500,51228280,normal
4382,Monster Tamer,EARTH,5,Warrior,1800,1600,97612389,normal
4383,Ryu-Kishin Powered,DARK,4,Fiend,1600,1200,24611934,normal
4384,Swordstalker,DARK,6,Warrior,2000,1600,50005633,normal
4385,La Jinn the Mystical Genie of the Lamp,DARK,4,Fiend,1800,1000,97590747,normal
4387,Toon Alligator,WATER,4,Reptile,800,1600,59383041,normal
4388,Rude Kaiser,EARTH,5,Beast-Warrior,1800,1600,26378150,normal
4389,Parrot Dragon,WIND,5,Dragon,2000,1300,62762898,normal
4390,Dark Rabbit,DARK,4,Beast,1100,1500,99261403,normal
4392,Harpie's Pet Dragon,WIND,7,Dragon,2000,2500,52040216,effect
4393,Mystic Lamp,DARK,1,Spellcaster,400,300,98049915,effect
4394,Pendulum Machine,DARK,6,Machine,1750,2000,24433920,normal
4396,Launcher Spider,FIRE,7,Machine,2200,2500,87322377,normal
4397,Zoa,DARK,7,Fiend,2600,1900,24311372,normal
4398,Metalzoa,DARK,8,Machine,3000,2300,50705071,effect
4399,Zone Eater,WATER,1,Aqua,250,200,86100785,effect
4400,Steel Scorpion,EARTH,1,Machine,250,300,13599884,effect
4401,Dancing Elf,WIND,1,Fairy,300,200,59983499,normal
4402,Ocubeam,LIGHT,5,Fairy,1550,1650,86088138,normal
4403,Leghul,EARTH,1,Insect,300,350,12472242,effect
4404,Ooguchi,WATER,1,Aqua,300,250,58861941,effect
4405,Swordsman from a Distant Land,EARTH,1,Warrior,250,250,85255550,effect
4407,Ushi Oni,DARK,6,Fiend,2150,1950,48649353,normal
4408,Monster Eye,DARK,1,Fiend,250,350,84133008,effect
4409,Leogun,EARTH,5,Beast,1750,1550,10538007,normal
4411,Sword Slasher,DARK,5,Machine,1450,1500,73911410,normal
4412,Yaiba Robo,DARK,4,Machine,1000,1300,10315429,normal
4413,Machine King,EARTH,6,Machine,2200,2000,46700124,effect
4414,Giant Mech-Soldier,EARTH,6,Machine,1750,1900,72299832,normal
4416,Karakuri Spider,EARTH,2,Machine,400,500,45688586,effect
4418,Giga-Tech Wolf,FIRE,4,Machine,1200,1400,8471389,normal
4420,Shovel Crusher,EARTH,3,Machine,900,1200,71950093,normal
4421,Mechanicalchaser,DARK,4,Machine,1850,800,7359741,normal
4422,Blocker,DARK,4,Machine,850,1800,34743446,normal
4423,Blast Juggler,FIRE,3,Machine,800,900,70138455,effect
4424,Golgoil,EARTH,4,Machine,900,1600,7526150,normal
4425,Giganto,DARK,5,Machine,1700,1800,33621868,normal
4426,Cyber-Stein,DARK,2,Machine,700,500,69015963,effect
4428,Jinzo #7,DARK,2,Machine,500,400,32809211,effect
4430,Sky Dragon,WIND,6,Dragon,1900,1800,95288024,normal
4431,Thunder Dragon,LIGHT,5,Thunder,1600,1500,31786629,effect
4432,Stone Dragon,EARTH,7,Rock,2000,2300,68171737,normal
4434,Magician of Faith,LIGHT,1,Spellcaster,300,400,31560081,effect
4435,Goddess of Whim,LIGHT,3,Fairy,950,700,67959180,effect
4436,Water Magician,WATER,4,Aqua,1400,1000,93343894,normal
4439,Ancient Elf,LIGHT,4,Spellcaster,1450,1200,93221206,normal
4444,Metal Fish,WATER,5,Machine,1600,1900,55998462,normal
4445,Bottom Dweller,WATER,5,Fish,1650,1700,81386177,normal
4446,7 Colored Fish,WATER,4,Fish,1800,800,23771716,normal
4450,Turu-Purun,WATER,2,Aqua,450,500,59053232,normal
4451,Sentinel of the Seas,WATER,4,Aqua,1300,1000,85448931,normal
4453,Giant Red Seasnake,WATER,4,Aqua,1800,800,58831685,normal
4454,Spike Seadra,WATER,5,Sea Serpent,1600,1300,85326399,normal
4459,Millennium Golem,EARTH,6,Rock,2000,2200,47986555,normal
4460,Destroyer Golem,EARTH,4,Rock,1500,1000,73481154,normal
4465,Tripwire Beast,EARTH,4,Thunder,1200,1300,45042329,normal
4467,Bolt Penguin,WATER,3,Thunder,1100,800,48531733,normal
4468,The Immortal of Thunder,LIGHT,4,Thunder,1500,1300,84926738,effect
4469,Electric Snake,LIGHT,3,Thunder,800,900,11324436,effect
4472,Skull Red Bird,WIND,4,Winged Beast,1550,1200,10202894,normal
4474,Queen Bird,WIND,5,Winged Beast,1200,2000,73081602,normal
4475,Armed Ninja,EARTH,1,Warrior,300,300,9076207,effect
4476,Magical Ghost,DARK,4,Zombie,1300,1400,46474915,normal
4480,Sea Kamen,WATER,4,Aqua,1100,1300,71746462,normal
4481,Sinister Serpent,WATER,1,Reptile,300,250,8131171,effect
4483,Alinsection,EARTH,3,Insect,950,700,70924884,normal
4484,Insect Soldiers of the Sky,WIND,3,Insect,1000,800,7019529,effect
4485,Cockroach Knight,EARTH,3,Insect,800,900,33413638,effect
4486,Kuwagata α,EARTH,4,Insect,1250,1000,60802233,normal
4487,Burglar,EARTH,3,Beast,850,800,6297941,normal
4490,Ameba,WATER,1,Aqua,300,350,95174353,effect
4494,Rainbow Flower,EARTH,2,Plant,400,500,21347810,effect
4496,Needle Ball,DARK,2,Fiend,750,700,94230224,effect
4497,Peacock,WIND,5,Winged Beast,1700,1500,20624263,normal
4498,Hoshiningen,LIGHT,2,Fairy,500,700,67629977,effect
4499,Maha Vailo,LIGHT,4,Spellcaster,1550,1400,93013676,effect
4502,Wilmee,EARTH,4,Beast,1000,1200,92391084,normal
4503,Yado Karu,WATER,4,Aqua,900,1700,29380133,effect
4504,Morinphen,DARK,5,Fiend,1550,1300,55784832,normal
4506,Dragon Seeker,DARK,6,Fiend,2000,2100,28563545,effect
4507,Man-Eater Bug,EARTH,2,Insect,450,600,54652250,effect
4508,D. Human,EARTH,4,Warrior,1300,1100,81057959,normal
4511,Prisman,LIGHT,3,Rock,800,1000,80234301,normal
4512,Gale Dogra,EARTH,2,Insect,650,600,16229315,effect
4513,Crazy Fish,WATER,4,Fish,1600,1200,53713014,normal
4517,Bean Soldier,EARTH,4,Plant,1400,1300,84990171,normal
4518,Cannon Soldier,DARK,4,Machine,1400,1300,11384280,effect
4519,Guardian of the Throne Room,LIGHT,4,Machine,1650,1600,47879985,normal
4520,Brave Scizzar,DARK,4,Machine,1300,1000,74277583,normal
4521,The Statue of Easter Island,EARTH,4,Rock,1100,1400,10262698,normal
4522,Muka Muka,EARTH,2,Rock,600,300,46657337,effect
4523,Sand Stone,EARTH,5,Rock,1300,1600,73051941,normal
4525,Fire Kraken,FIRE,4,Aqua,1600,1500,46534755,normal
4526,Turtle Bird,WATER,6,Aqua,1900,1700,72929454,normal
4529,The Bistro Butcher,DARK,4,Fiend,1800,1000,71107816,effect
4530,Star Boy,WATER,2,Aqua,550,500,8201910,effect
4532,Neck Hunter,DARK,6,Fiend,1750,1900,70084224,normal
4533,Milus Radiant,EARTH,1,Beast,300,250,7489323,effect
4535,Flame Cerebrus,FIRE,6,Pyro,2100,1800,60862676,normal
4538,Gemini Elf,EARTH,4,Spellcaster,1900,900,69140098,normal
4540,Minar,EARTH,3,Insect,850,750,32539892,effect
4543,Mega Thunderball,WIND,2,Thunder,750,600,21817254,normal
4544,Niwatori,EARTH,3,Winged Beast,900,800,7805359,normal
4545,Corroding Shark,DARK,3,Zombie,1100,700,34290067,normal
4546,Skelengel,LIGHT,2,Fairy,900,400,60694662,effect
4547,Hane-Hane,EARTH,2,Beast,450,500,7089711,effect
4548,Misairuzame,WATER,5,Fish,1400,1600,33178416,normal
4549,Tongyo,WATER,4,Fish,1350,800,69572024,normal
4550,Dharma Cannon,DARK,2,Machine,900,500,96967123,normal
4552,Wow Warrior,WATER,4,Fish,1250,900,69750536,normal
4553,Griggle,EARTH,1,Plant,350,300,95744531,effect
4555,Slime Toad,WATER,2,Aqua,700,500,68638985,normal
4556,Behegon,WATER,4,Aqua,1350,1000,94022093,normal
4557,Dark Elf,DARK,4,Spellcaster,2000,800,21417692,effect
4558,"Winged Dragon, Guardian of the Fortress #2",WIND,4,Winged Beast,1200,1000,57405307,normal
4559,Mushroom Man #2,EARTH,3,Warrior,1250,800,93900406,effect
4560,Lava Battleguard,EARTH,5,Warrior,1550,1800,20394040,effect
4561,Tyhone #2,FIRE,6,Dragon,1700,1900,56789759,normal
4563,Steel Ogre Grotto #1,EARTH,5,Machine,1400,1800,29172562,normal
4565,Oscillo Hero,EARTH,3,Warrior,1250,700,82065276,normal
4566,Invader from Another Dimension,DARK,4,Fiend,950,1400,28450915,normal
4567,Lesser Dragon,WIND,4,Dragon,1200,1000,55444629,normal
4568,Needle Worm,EARTH,2,Insect,750,600,81843628,effect
4569,Wretched Ghost of the Attic,DARK,2,Fiend,550,400,17238333,normal
4573,Darkworld Thorns,EARTH,3,Plant,1200,900,43500484,normal
4574,Anthrosaurus,EARTH,3,Dinosaur,1000,850,89904598,normal
4575,Drooling Lizard,EARTH,3,Reptile,900,800,16353197,normal
4576,Trakodon,EARTH,3,Dinosaur,1300,800,42348802,normal
4579,Little D,EARTH,3,Dinosaur,1100,700,42625254,normal
4580,Witch of the Black Forest,DARK,4,Spellcaster,1100,1200,78010363,effect
4581,Ancient One of the Deep Forest,EARTH,6,Beast,1800,1900,14015067,normal
4586,Patrol Robo,EARTH,3,Machine,1100,900,76775123,effect
4587,Takuhee,WIND,4,Winged Beast,1450,1000,3170832,normal
4588,Dark Witch,LIGHT,5,Fairy,1800,1700,35565537,normal
4589,Weather Report,WATER,4,Aqua,950,1500,72053645,effect
4591,Mechanical Snail,DARK,3,Machine,800,1000,34442949,normal
4592,Greenkappa,DARK,3,Warrior,650,900,61831093,effect
4597,Morphing Jar,EARTH,2,Rock,700,600,33508719,effect
4599,Giant Turtle Who Feeds on Flames,WATER,5,Aqua,1400,1800,96981563,normal
4603,Pale Beast,EARTH,4,Beast,1500,1200,21263083,normal
4604,Little Chimera,FIRE,2,Beast,600,550,68658728,effect
4605,Violent Rain,WATER,4,Aqua,1550,800,94042337,normal
4606,Key Mace #2,DARK,4,Fiend,1050,1200,20541432,normal
4608,Penguin Soldier,WATER,2,Aqua,750,500,93920745,effect
4609,Fairy Dragon,WIND,4,Dragon,1100,1200,20315854,normal
4610,Obese Marmot of Nefariousness,EARTH,3,Beast,750,800,56713552,normal
4611,Liquid Beast,WATER,3,Aqua,950,800,93108297,normal
4612,Twin Long Rods #2,WATER,3,Aqua,850,700,29692206,normal
4613,Great Bill,EARTH,4,Beast,1250,1300,55691901,normal
4614,Shining Friendship,LIGHT,4,Fairy,1300,1100,82085619,normal
4615,Bladefly,WIND,2,Insect,600,700,28470714,effect
4616,Electric Lizard,EARTH,3,Thunder,850,800,55875323,effect
4617,Hiro's Shadow Scout,DARK,2,Fiend,650,500,81863068,effect
4618,Lady of Faith,LIGHT,3,Spellcaster,1100,800,17358176,normal
4620,Hunter Spider,EARTH,5,Insect,1600,1400,80141480,normal
4621,Armored Starfish,WATER,4,Aqua,850,1400,17535588,normal
4622,Hourglass of Courage,LIGHT,4,Fairy,1100,1200,43530283,effect
4626,Snakeyashi,EARTH,4,Plant,1000,1200,29802344,normal
4627,Succubus Knight,DARK,5,Warrior,1650,1300,55291359,normal
4630,High Tide Gyojin,WATER,4,Aqua,1650,1300,54579801,normal
4632,Amazon of the Seas,WATER,4,Fish,1300,1400,17968114,normal
4633,Nekogal #2,EARTH,6,Beast-Warrior,1900,2000,43352213,normal
4634,Witch's Apprentice,DARK,2,Spellcaster,550,500,80741828,effect
4636,Ancient Lizard Warrior,EARTH,4,Reptile,1400,1100,43230671,normal
4637,Maiden of the Moonlight,LIGHT,4,Spellcaster,1500,1300,79629370,normal
4638,Stone Ogre Grotto,EARTH,5,Rock,1600,1500,15023985,normal
4641,Queen's Double,EARTH,1,Warrior,350,300,5901497,effect
4642,Blue-Winged Crown,WIND,4,Winged Beast,1600,1200,41396436,normal
4643,Trent,EARTH,5,Plant,1500,1800,78780140,normal
4644,Queen of Autumn Leaves,EARTH,5,Plant,1800,1500,4179849,normal
4647,Invader of the Throne,EARTH,4,Warrior,1350,1700,3056267,effect
4648,Mystical Sheep #1,EARTH,3,Beast,1150,900,30451366,effect
4649,Disk Magician,DARK,4,Machine,1350,1000,76446915,normal
4650,Flame Viper,EARTH,2,Pyro,400,450,2830619,normal
4652,Gruesome Goo,WATER,3,Aqua,1300,700,65623423,normal
4653,Hyosube,WATER,4,Aqua,1500,900,2118022,normal
4655,Hibikime,EARTH,4,Warrior,1450,1000,64501875,normal
4656,Whiptail Crow,DARK,4,Fiend,1650,1600,91996584,normal
4707,Performance of Sword,EARTH,6,Warrior,1950,1850,4849037,ritual
4708,Hungry Burger,DARK,6,Warrior,2000,1850,30243636,ritual
4709,Sengenjin,EARTH,8,Beast-Warrior,2750,2500,76232340,normal
4710,Skull Guardian,LIGHT,7,Warrior,2050,2500,3627449,ritual
4711,Tri-Horned Dragon,DARK,8,Dragon,2850,2350,39111158,normal
4712,Serpent Night Dragon,DARK,7,Dragon,2350,2400,66516792,normal
4714,Cosmo Queen,DARK,8,Spellcaster,2900,2450,38999506,normal
4715,Chakra,DARK,7,Fiend,2450,2000,65393205,ritual
4716,Crab Turtle,WATER,8,Aqua,2550,2500,91782219,ritual
4717,Mikazukinoyaiba,DARK,7,Dragon,2200,2350,38277918,normal
4718,Meteor Dragon,EARTH,6,Dragon,1800,2000,64271667,normal
4720,Firewing Pegasus,FIRE,6,Beast,2250,1800,27054370,normal
4722,Garma Sword,DARK,7,Warrior,2550,2150,90844184,ritual
4723,Javelin Beetle,EARTH,8,Insect,2450,2550,26932788,ritual
4724,Fortress Whale,WATER,7,Fish,2350,2150,62337487,ritual
4725,Dokurorider,DARK,6,Zombie,1900,1850,99721536,ritual
4728,Magician of Black Chaos,DARK,8,Spellcaster,2800,2600,30208479,ritual
4729,Slot Machine,DARK,7,Machine,2000,2300,3797883,normal
4731,Red Archery Girl,WATER,4,Aqua,1400,1500,65570596,normal
4732,Ryu-Ran,FIRE,7,Dragon,2200,2600,2964201,normal
4733,Manga Ryu-Ran,FIRE,7,Dragon,2200,2600,38369349,effect
4734,Toon Mermaid,WATER,4,Aqua,1400,1500,65458948,effect
4735,Toon Summoned Skull,DARK,6,Fiend,2500,1200,91842653,effect
4736,Dark-Eyes Illusionist,DARK,2,Spellcaster,0,1400,38247752,effect
4737,Relinquished,DARK,1,Spellcaster,0,0,64631466,ritual
4738,Jigen Bakudan,FIRE,2,Pyro,200,1000,90020065,effect
4739,Thousand-Eyes Idol,DARK,1,Spellcaster,0,0,27125110,normal
4741,Steel Ogre Grotto #2,EARTH,6,Machine,1900,2200,90908427,normal
4742,Blast Sphere,DARK,4,Machine,1400,1400,26302522,effect
4743,Hyozanryu,LIGHT,7,Dragon,2100,2800,62397231,normal
4744,Alpha The Magnet Warrior,EARTH,4,Rock,1400,1700,99785935,normal
4745,Legion the Fiend Jester,DARK,4,Spellcaster,1300,1500,25280974,effect
4746,Invitation to a Dark Sleep,DARK,5,Spellcaster,1500,1800,52675689,effect
4747,Lord of D.,DARK,4,Spellcaster,1200,1100,17985575,effect
4748,Red-Eyes Black Metal Dragon,DARK,8,Machine,2800,2400,64335805,effect
4749,Barrel Dragon,DARK,7,Machine,2600,2200,81480461,effect
4750,Hannibal Necromancer,DARK,4,Spellcaster,1400,1800,5640330,effect
4751,Panther Warrior,EARTH,4,Beast-Warrior,2000,1600,42035044,effect
4752,Three-Headed Geedo,DARK,4,Fiend,1200,1400,78423643,normal
4753,Gazelle the King of Mythical Beasts,EARTH,4,Beast,1500,1200,5818798,normal
4754,Stone Statue of the Aztecs,EARTH,4,Rock,300,2000,31812496,effect
4755,Berfomet,DARK,5,Fiend,1400,1800,77207191,effect
4757,Gear Golem the Moving Fortress,EARTH,4,Machine,800,2200,30190809,effect
4758,Jinzo,DARK,6,Machine,2400,1500,77585513,effect
4759,Swordsman of Landstar,EARTH,3,Warrior,500,1200,3573512,normal
4760,Cyber Raider,DARK,4,Machine,1400,1000,39978267,effect
4761,The Fiend Megacyber,DARK,6,Warrior,2200,1200,66362965,effect
4762,Reflect Bounder,LIGHT,4,Machine,1700,1000,2851070,effect
4763,Beta The Magnet Warrior,EARTH,4,Rock,1700,1600,39256679,normal
4764,Big Shield Gardna,EARTH,4,Warrior,100,2600,65240384,effect
4766,Dark Magician Girl,DARK,6,Spellcaster,2000,1700,38033126,effect
4767,Alligator's Sword,EARTH,4,Beast,1500,1200,64428736,normal
4768,Insect Queen,EARTH,7,Insect,2200,2400,91512835,effect
4769,Parasite Paracide,EARTH,2,Insect,500,300,27911550,effect
4770,Skull-Mark Ladybug,EARTH,4,Insect,500,1500,64306248,effect
4771,Little-Winguard,WIND,4,Warrior,1400,1800,90790253,effect
4772,Pinch Hopper,EARTH,4,Insect,1000,1200,26185991,effect
4773,Blue-Eyes Toon Dragon,LIGHT,8,Dragon,3000,2500,53183600,effect
4774,Sword Hunter,EARTH,7,Warrior,2450,1700,51345461,effect
4775,Drill Bug,EARTH,2,Insect,1100,200,88733579,effect
4776,Deepsea Warrior,WATER,5,Warrior,1600,1800,24128274,effect
4777,Bite Shoes,DARK,2,Fiend,500,300,50122883,effect
4778,Spikebot,DARK,5,Machine,1800,1700,87511987,normal
4780,Satellite Cannon,LIGHT,5,Machine,0,0,50400231,effect
4786,Dunames Dark Witch,LIGHT,4,Fairy,1800,1050,12493482,normal
4787,Garnecia Elefantis,EARTH,7,Beast-Warrior,2400,2000,49888191,normal
4788,Total Defense Shogun,DARK,6,Warrior,1550,2500,75372290,effect
4789,Beast of Talwar,DARK,6,Fiend,2400,2150,11761845,normal
4790,Cyber-Tech Alligator,WIND,5,Machine,2500,1600,48766543,normal
4791,Talons of Shurilane,LIGHT,6,Illusion,2100,2050,74150658,effect
4792,Gamma The Magnet Warrior,EARTH,4,Rock,1500,1800,11549357,normal
4795,Copycat,LIGHT,1,Spellcaster,0,0,26376390,effect
4875,The Unhappy Maiden,LIGHT,1,Spellcaster,0,100,51275027,effect
4879,The Stern Mystic,LIGHT,4,Spellcaster,1500,1200,87557188,effect
4880,Wall of Illusion,DARK,4,Fiend,1000,1850,13945283,effect
4881,Neo the Magic Swordsman,LIGHT,4,Spellcaster,1700,1000,50930991,normal
4882,Baron of the Fiend Sword,DARK,4,Fiend,1550,800,86325596,normal
4883,Man-Eating Treasure Chest,DARK,4,Fiend,1600,1000,13723605,normal
4884,Sorcerer of the Doomed,DARK,4,Spellcaster,1450,1200,49218300,normal
4913,Cyber Jar,DARK,3,Rock,900,900,34124316,effect
4914,Banisher of the Light,LIGHT,3,Fairy,100,2000,61528025,effect
4915,Giant Rat,EARTH,4,Beast,1400,1450,97017120,effect
4916,Senju of the Thousand Hands,LIGHT,4,Fairy,1400,1000,23401839,effect
4917,UFO Turtle,FIRE,4,Machine,1400,1200,60806437,effect
4918,Flash Assailant,DARK,4,Fiend,2000,2000,96890582,effect
4919,Karate Man,EARTH,3,Warrior,1000,1000,23289281,effect
4920,Dark Zebra,EARTH,4,Beast,1800,400,59784896,effect
4921,Giant Germ,DARK,2,Fiend,1000,100,95178994,effect
4922,Nimble Momonga,EARTH,2,Beast,1000,100,22567609,effect
4923,Spear Cretin,DARK,2,Fiend,500,500,58551308,effect
4924,Shining Angel,LIGHT,4,Fairy,1400,800,95956346,effect
4925,Boar Soldier,EARTH,4,Beast-Warrior,2000,500,21340051,effect
4926,Mother Grizzly,WATER,4,Beast-Warrior,1400,1000,57839750,effect
4927,Flying Kamakiri #1,WIND,4,Insect,1400,900,84834865,effect
4928,Ceremonial Bell,LIGHT,3,Spellcaster,0,1850,20228463,effect
4929,Sonic Bird,WIND,4,Winged Beast,1400,1000,57617178,effect
4930,Mystic Tomato,DARK,4,Plant,1400,1100,83011278,effect
4931,Kotodama,EARTH,3,Fairy,0,1600,19406822,effect
4969,Morphing Jar #2,EARTH,3,Rock,800,700,79106360,effect
4970,Bubonic Vermin,EARTH,3,Beast,900,600,6104968,effect
4971,Flame Champion,FIRE,5,Pyro,1900,1300,42599677,normal
4972,Twin-Headed Fire Dragon,FIRE,6,Pyro,2200,1700,78984772,normal
4973,Darkfire Soldier #1,FIRE,4,Pyro,1700,1150,5388481,normal
4974,Mr. Volcano,FIRE,5,Pyro,2100,1300,31477025,normal
4975,Darkfire Soldier #2,FIRE,4,Pyro,1700,1100,78861134,normal
4976,Kiseitai,DARK,2,Fiend,300,800,4266839,effect
4977,Cyber Falcon,WIND,4,Machine,1400,1200,30655537,normal
4978,Dark Bat,WIND,3,Winged Beast,1000,1000,67049542,normal
4979,Flying Kamakiri #2,WIND,4,Insect,1500,800,3134241,normal
4980,Sky Scout,WIND,4,Winged Beast,1800,600,30532390,normal
4981,Oni Tank T-34,EARTH,4,Machine,1400,1700,66927994,normal
4982,Overdrive,EARTH,4,Machine,1600,1500,2311603,normal
4983,Buster Blader,EARTH,7,Warrior,2600,2300,78193831,effect
4998,Obelisk the Tormentor,DIVINE,10,Divine-Beast,4000,4000,10000000,effect
4999,Slifer the Sky Dragon,DIVINE,10,Divine-Beast,-1,-1,10000020,effect
5000,The Winged Dragon of Ra,DIVINE,10,Divine-Beast,-1,-1,10000010,effect
5002,Valkyrion the Magna Warrior,EARTH,8,Rock,3500,3850,75347539,effect
5004,Vorse Raider,DARK,4,Beast-Warrior,1900,1200,14898066,normal
5012,The Legendary Exodia Incarnate,DARK,10,Spellcaster,-1,0,58604027,effect
5015,Luminous Soldier,LIGHT,5,Warrior,2100,1400,57482479,effect
5016,King Tiger Wanghu,EARTH,4,Beast,1700,1000,83986578,effect
5017,Command Knight,FIRE,4,Warrior,1200,1900,10375182,effect
5018,Wolf Axwielder,EARTH,4,Beast-Warrior,1650,1000,56369281,normal
5019,The Illusory Gentleman,DARK,4,Spellcaster,1500,1600,83764996,normal
5020,Patrician of Darkness,DARK,5,Zombie,2000,1400,19153634,effect
5021,Birdface,WIND,4,Winged Beast,1600,1600,45547649,effect
5022,Kryuel,DARK,4,Fiend,1000,1700,82642348,effect
5023,Airknight Parshath,LIGHT,5,Fairy,1900,1400,18036057,effect
5024,Fairy King Truesdale,WATER,6,Plant,2200,1500,45425051,effect
5025,Serpentine Princess,WATER,4,Reptile,1400,2000,71829750,effect
5026,Maiden of the Aqua,WATER,4,Aqua,700,2000,17214465,effect
5027,Robotic Knight,FIRE,4,Machine,1600,1800,44203504,normal
5028,Thunder Nyan Nyan,LIGHT,4,Thunder,1900,800,70797118,effect
5029,Molten Behemoth,FIRE,5,Pyro,1000,2200,17192817,normal
5030,Twin-Headed Behemoth,WIND,3,Dragon,1500,1200,43586926,effect
5031,Injection Fairy Lily,EARTH,3,Spellcaster,400,1500,79575620,effect
5032,Woodland Sprite,EARTH,3,Plant,900,400,6979239,effect
5033,Arsenal Bug,EARTH,3,Insect,2000,2000,42364374,effect
5034,Cipher Soldier,EARTH,3,Machine,1350,1800,79853073,effect
5035,Jowls of Dark Demise,WATER,2,Fiend,200,100,5257687,effect
5036,Souleater,EARTH,4,Fish,1200,0,31242786,normal
5037,Slate Warrior,WIND,4,Fiend,1900,400,78636495,effect
5038,Shapesnatch,DARK,5,Machine,1200,1700,4035199,normal
5040,Electromagnetic Bagworm,LIGHT,3,Insect,200,1400,7914843,effect
5041,Timeater,DARK,6,Machine,1900,1700,44913552,effect
5042,Mucus Yolk,DARK,3,Aqua,0,100,70307656,effect
5043,Servant of Catabolism,LIGHT,3,Aqua,700,500,2792265,effect
5044,Rigorous Reaver,FIRE,3,Plant,1600,100,39180960,effect
5045,Moisture Creature,LIGHT,9,Fairy,2800,2900,75285069,effect
5046,Boneheimer,WATER,3,Aqua,850,400,98456117,normal
5048,Flame Dancer,FIRE,2,Pyro,550,450,12883044,normal
5051,Soul Scissors,DARK,2,Fiend,550,350,12061457,effect
5053,Sonic Jammer,WIND,2,Machine,350,650,84550200,effect
5059,Gearfried the Iron Knight,EARTH,4,Warrior,1800,1600,423705,effect
5060,Humanoid Slime,WATER,4,Aqua,800,2000,46821314,normal
5061,Worm Drake,EARTH,4,Reptile,1400,1500,73216412,normal
5063,Revival Jam,WATER,4,Aqua,1500,500,31709826,effect
5065,Flying Fish,WIND,4,Fish,800,500,31987274,normal
5066,Amphibian Beast,WATER,6,Fish,2400,2000,67371383,normal
5067,Rocket Warrior,LIGHT,4,Warrior,1500,1300,30860696,effect
5069,The Legendary Fisherman,WATER,5,Warrior,1850,1600,3643300,effect
5072,Robolady,EARTH,3,Machine,450,900,92421852,normal
5073,Roboyarou,EARTH,3,Machine,900,450,38916461,normal
5079,Lightning Conger,WATER,3,Thunder,350,750,27671321,normal
5083,Light Law Medium,LIGHT,2,Fairy,400,300,52253888,effect
5086,Spherous Lady,EARTH,3,Rock,400,1400,52121290,normal
5090,Shining Abyss,LIGHT,4,Fairy,1600,1800,87303357,normal
5091,Archfiend of Gilfer,DARK,6,Fiend,2200,2500,50287060,effect
5092,Gadget Soldier,FIRE,6,Machine,1800,2000,86281779,normal
5093,Grand Tiki Elder,DARK,4,Fiend,1500,800,13676474,normal
5094,The Masked Beast,DARK,8,Fiend,3200,1800,49064413,ritual
5095,Melchid the Four-Face Beast,DARK,4,Fiend,1500,1200,86569121,normal
5096,Nuvia the Wicked,DARK,4,Fiend,2000,800,12953226,effect
5097,Masked Beast Des Gardius,DARK,8,Fiend,3300,2500,48948935,effect
5136,Girochin Kuwagata,WIND,4,Insect,1700,1000,84620194,normal
5137,Hayabusa Knight,EARTH,3,Warrior,1000,700,21015833,effect
5138,Bombardment Beetle,WIND,2,Insect,400,900,57409948,effect
5139,4-Starred Ladybug of Doom,WIND,3,Insect,800,1200,83994646,effect
5140,Gradius,LIGHT,4,Machine,1200,800,10992251,normal
5141,Vampire Baby,DARK,3,Zombie,700,1000,56387350,effect
5142,Mad Sword Beast,EARTH,4,Dinosaur,1400,1200,79870141,effect
5143,Skull Mariner,WATER,4,Warrior,1600,900,5265750,normal
5144,The All-Seeing White Tiger,WIND,3,Beast,1300,500,32269855,normal
5145,Goblin Attack Force,EARTH,4,Warrior,2300,0,78658564,effect
5146,Island Turtle,WATER,4,Aqua,1100,2000,4042268,normal
5147,Wingweaver,LIGHT,7,Fairy,2750,2400,31447217,normal
5148,Science Soldier,DARK,3,Warrior,800,800,67532912,normal
5149,Souls of the Forgotten,DARK,2,Fiend,900,200,4920010,normal
5150,Dokuroyaiba,FIRE,3,Fiend,1000,400,30325729,normal
5193,Lady Panther,EARTH,4,Beast-Warrior,1400,1300,38480590,effect
5194,The Unfriendly Amazon,EARTH,4,Warrior,2000,1000,65475294,effect
5195,Amazoness Archer,EARTH,4,Warrior,1400,1000,91869203,effect
5196,Crimson Sentry,FIRE,4,Warrior,1500,1200,28358902,effect
5197,Fire Princess,FIRE,4,Pyro,1300,1500,64752646,effect
5198,Lady Assailant of Flames,FIRE,4,Pyro,1500,1000,90147755,effect
5199,Fire Sorcerer,FIRE,4,Spellcaster,1000,1500,27132350,effect
5200,Spirit of the Breeze,WIND,3,Fairy,0,1800,53530069,effect
5201,Dancing Fairy,WIND,4,Fairy,1700,1000,90925163,effect
5202,Fairy Guardian,WIND,3,Fairy,1000,1000,22419772,effect
5203,Empress Mantis,WIND,6,Insect,2200,1400,58818411,normal
5204,Cure Mermaid,WATER,4,Fish,1500,800,85802526,effect
5205,Hysteric Fairy,LIGHT,4,Fairy,1800,500,21297224,effect
5206,Bio-Mage,LIGHT,3,Fairy,1150,1000,58696829,normal
5207,The Forgiving Maiden,LIGHT,4,Fairy,850,2000,84080939,effect
5209,Darklord Marie,DARK,5,Fiend,1700,1200,57579381,effect
5219,The Portrait's Secret,EARTH,4,Fiend,1200,1500,32541773,normal
5220,The Gross Ghost of Fled Dreams,DARK,4,Fiend,1300,1800,68049471,normal
5221,Headless Knight,EARTH,4,Fiend,1450,1700,5434080,normal
5222,Dark Necrofear,DARK,8,Fiend,2200,2800,31829185,effect
5226,Earthbound Spirit,EARTH,4,Fiend,500,2000,67105242,normal
5229,The Earl of Demise,DARK,5,Fiend,2000,700,66989694,normal
5230,Dark Sage,DARK,9,Spellcaster,2800,3200,92377303,effect
5238,Ancient Lamp,WIND,3,Spellcaster,900,1400,54912977,effect
5239,Cyber Harpie Lady,WIND,4,Winged Beast,1800,1300,80316585,effect
5242,Mystical Beast of Serket,EARTH,6,Fairy,2500,2000,89194033,effect
5243,Swift Gaia the Fierce Knight,DARK,7,Warrior,2300,2100,16589042,effect
5244,Obnoxious Celtic Guard,EARTH,4,Warrior,1400,1200,52077741,effect
5245,Zombyra the Dark,DARK,4,Warrior,2100,500,88472456,effect
5247,Jowgen the Spiritualist,LIGHT,3,Spellcaster,200,1300,41855169,effect
5248,Kycoo the Ghost Destroyer,DARK,4,Spellcaster,1800,700,88240808,effect
5249,Summoner of Illusions,LIGHT,3,Spellcaster,800,900,14644902,effect
5250,Bazoo the Soul-Eater,EARTH,4,Beast,1600,900,40133511,effect
5251,Soul of Purity and Light,LIGHT,6,Fairy,2000,1800,77527210,effect
5252,Spirit of Flames,FIRE,4,Pyro,1700,1000,13522325,effect
5253,Aqua Spirit,WATER,4,Aqua,1600,1200,40916023,effect
5254,The Rock Spirit,EARTH,4,Rock,1700,1000,76305638,effect
5255,Garuda the Wind Spirit,WIND,4,Winged Beast,1600,1200,12800777,effect
5256,Gilasaurus,EARTH,3,Dinosaur,1400,400,45894482,effect
5257,Tornado Bird,WIND,4,Winged Beast,1100,1000,71283180,effect
5258,Dreamsprite,LIGHT,2,Plant,300,200,8687195,effect
5259,Supply,EARTH,4,Warrior,1300,800,44072894,effect
5260,Maryokutai,WATER,3,Aqua,900,900,71466592,effect
5284,Amazoness Swords Woman,EARTH,4,Warrior,1500,1600,94004268,effect
5285,Makyura the Destructor,DARK,4,Warrior,1600,1200,21593977,effect
5289,Flying Elephant,WIND,4,Beast,1850,1300,66765023,effect
5291,Amazoness Chain Master,EARTH,4,Warrior,1500,1300,29654737,effect
5292,Viser Des,DARK,4,Fiend,500,1200,56043447,effect
5295,Amazoness Fighter,EARTH,4,Warrior,1500,1300,55821894,effect
5300,Byser Shock,DARK,5,Fiend,800,600,17597059,effect
5301,Dark Ruler Ha Des,DARK,6,Fiend,2450,1600,53982768,effect
5303,Lesser Fiend,DARK,5,Fiend,2100,1000,16475472,effect
5304,Possessed Dark Soul,DARK,3,Fiend,1200,800,52860176,effect
5305,Winged Minion,DARK,2,Fiend,700,700,89258225,effect
5306,Skull Knight #2,DARK,3,Fiend,1000,1200,15653824,effect
5307,Ryu-Kishin Clown,DARK,2,Fiend,800,500,42647539,effect
5308,Twin-Headed Wolf,DARK,4,Fiend,1500,1000,88132637,effect
5309,Opticlops,DARK,4,Fiend,1800,1700,14531242,normal
5316,Freed the Matchless General,EARTH,5,Warrior,2300,1700,49681811,effect
5317,Throwstone Unit,EARTH,4,Warrior,900,2000,76075810,effect
5318,Marauding Captain,EARTH,3,Warrior,1200,400,2460565,effect
5320,Warrior Dai Grepher,EARTH,4,Warrior,1700,1600,75953262,normal
5321,Mysterious Guard,EARTH,3,Spellcaster,800,1200,1347977,effect
5322,Frontier Wiseman,EARTH,3,Spellcaster,1600,800,38742075,effect
5323,Exiled Force,EARTH,4,Warrior,1000,1000,74131780,effect
5324,The Hunter with 7 Weapons,EARTH,3,Warrior,1000,600,1525329,effect
5325,Shadow Tamer,EARTH,3,Warrior,800,700,37620434,effect
5326,Dragon Manipulator,EARTH,3,Warrior,700,800,63018132,effect
5333,Tyrant Dragon,FIRE,8,Dragon,2900,2500,94568601,effect
5334,Spear Dragon,WIND,4,Dragon,1900,0,31553716,effect
5335,Spirit Ryu,WIND,4,Dragon,1000,1000,67957315,effect
5336,The Dragon Dwelling in the Cave,WIND,4,Dragon,1300,2000,93346024,normal
5337,Lizard Soldier,WIND,3,Dragon,1100,800,20831168,normal
5339,Cave Dragon,WIND,4,Dragon,2000,100,93220472,effect
5340,Gray Wing,WIND,3,Dragon,1300,700,29618570,effect
5341,Troop Dragon,WIND,2,Dragon,700,800,55013285,effect
5349,Luster Dragon #2,WIND,6,Dragon,2400,1400,17658803,normal
5351,Keldo,EARTH,4,Fairy,1200,1600,80441106,effect
5353,Kaiser Glider,LIGHT,6,Dragon,2400,2200,52824910,effect
5356,Mudora,EARTH,4,Fairy,1500,1800,82108372,effect
5359,Des Feral Imp,DARK,4,Reptile,1600,1800,81985784,effect
5361,Kelbek,EARTH,4,Fairy,1500,1800,54878498,effect
5363,Zolga,EARTH,4,Fairy,1700,1200,16268841,effect
5366,Agido,EARTH,4,Fairy,1500,1300,16135253,effect
5371,Fiber Jar,EARTH,3,Plant,500,500,78706415,effect
5372,Gradius' Option,LIGHT,1,Machine,-1,-1,14291024,effect
5373,Maharaghi,EARTH,4,Rock,1200,1700,40695128,effect
5374,Inaba White Rabbit,EARTH,3,Beast,700,500,77084837,effect
5375,Yata-Garasu,WIND,2,Fiend,200,100,3078576,effect
5376,Susa Soldier,EARTH,4,Thunder,2000,1600,40473581,effect
5377,Yamata Dragon,FIRE,7,Dragon,2600,3100,76862289,effect
5378,Great Long Nose,DARK,5,Beast-Warrior,1900,1700,2356994,effect
5379,Otohime,LIGHT,3,Spellcaster,0,100,39751094,effect
5380,Hino-Kagu-Tsuchi,FIRE,8,Pyro,2800,2900,75745607,effect
5381,Asura Priest,LIGHT,4,Fairy,1700,1200,2134346,effect
5382,Fushi No Tori,FIRE,4,Winged Beast,1200,0,38538445,effect
5408,Des Volstgalph,EARTH,6,Dragon,2200,1700,81059524,effect
5409,Kaiser Sea Horse,LIGHT,4,Sea Serpent,1700,1650,17444133,effect
5410,Vampire Lord,DARK,5,Zombie,2000,1500,53839837,effect
5411,Gora Turtle,WATER,3,Aqua,1100,1100,80233946,effect
5412,Sasuke Samurai,WIND,2,Warrior,500,800,16222645,effect
5413,Poison Mummy,EARTH,4,Zombie,1000,1800,43716289,effect
5414,Dark Dust Spirit,EARTH,6,Zombie,2200,1800,89111398,effect
5415,Royal Keeper,EARTH,4,Zombie,1600,1700,16509093,effect
5416,Wandering Mummy,EARTH,4,Zombie,1500,1500,42994702,effect
5417,Great Dezard,DARK,6,Spellcaster,1900,2300,88989706,effect
5418,Swarm of Scarabs,DARK,3,Insect,500,1000,15383415,effect
5419,Swarm of Locusts,DARK,3,Insect,1000,500,41872150,effect
5420,Giant Axe Mummy,EARTH,5,Zombie,1700,2000,78266168,effect
5421,8-Claws Scorpion,DARK,2,Insect,300,200,14261867,effect
5422,Guardian Sphinx,EARTH,5,Rock,1700,2400,40659562,effect
5423,Pyramid Turtle,EARTH,4,Zombie,1200,1400,77044671,effect
5424,Dice Jar,LIGHT,3,Rock,200,300,3549275,effect
5425,Dark Scorpion Burglars,DARK,4,Warrior,1000,1000,40933924,effect
5426,Don Zaloog,DARK,4,Warrior,1400,1500,76922029,effect
5427,Des Lacooda,EARTH,3,Zombie,500,600,2326738,effect
5428,Fushioh Richie,DARK,7,Zombie,2600,2900,39711336,effect
5429,Cobraman Sakuzy,EARTH,3,Reptile,800,1400,75109441,effect
5450,Toon Dark Magician Girl,DARK,6,Spellcaster,2000,1700,90960358,effect
5451,Gilford the Lightning,LIGHT,8,Warrior,2800,1400,36354007,effect
5452,Exarion Universe,DARK,4,Beast-Warrior,1800,1900,63749102,effect
5453,Legendary Fiend,DARK,6,Fiend,1500,1800,99747800,effect
5475,Toon Masked Sorcerer,DARK,4,Spellcaster,900,1400,16392422,effect
5476,Toon Gemini Elf,EARTH,4,Spellcaster,1900,900,42386471,effect
5477,Toon Cannon Soldier,DARK,4,Machine,1400,1300,79875176,effect
5478,Toon Goblin Attack Force,EARTH,4,Warrior,2300,0,15270885,effect
5482,Puppet Master,DARK,6,Fiend,0,0,41442341,effect
5483,Gernia,DARK,4,Zombie,1300,1200,77936940,effect
5484,Newdoria,DARK,4,Fiend,1200,800,4335645,effect
5485,Lord Poison,WATER,4,Plant,1500,1000,40320754,effect
5488,Blade Knight,LIGHT,4,Warrior,1600,1000,39507162,effect
5489,Helpoemer,DARK,5,Fiend,2000,1400,76052811,effect
5491,Gil Garth,DARK,4,Fiend,1800,1200,38445524,normal
5496,Lava Golem,FIRE,8,Fiend,3000,2500,102380,effect
5499,Dark Jeroid,DARK,4,Fiend,1200,1500,90980792,effect
5503,Queen's Knight,LIGHT,4,Warrior,1500,1600,25652259,normal
5504,X-Head Cannon,LIGHT,4,Machine,1800,1500,62651957,normal
5506,Master Kyonshee,EARTH,4,Zombie,1750,1000,24530661,normal
5507,Kabazauls,WATER,4,Dinosaur,1700,1500,51934376,normal
5508,Inpachi,EARTH,4,Machine,1600,1900,97923414,normal
5509,Gravekeeper's Spy,DARK,4,Spellcaster,1200,2000,24317029,effect
5510,Gravekeeper's Curse,DARK,3,Spellcaster,800,800,50712728,effect
5511,Gravekeeper's Guard,DARK,4,Spellcaster,1000,1900,37101832,effect
5512,Gravekeeper's Spear Soldier,DARK,4,Spellcaster,1500,1000,63695531,effect
5513,Gravekeeper's Vassal,DARK,3,Spellcaster,700,500,99690140,effect
5514,Gravekeeper's Watcher,DARK,4,Spellcaster,1000,1000,26084285,effect
5515,Gravekeeper's Chief,DARK,5,Spellcaster,1900,1200,62473983,effect
5516,Gravekeeper's Cannonholder,DARK,4,Spellcaster,1400,1200,99877698,effect
5517,Gravekeeper's Assailant,DARK,4,Spellcaster,1500,1500,25262697,effect
5518,A Man with Wdjat,DARK,4,Spellcaster,1600,1600,51351302,effect
5519,Mystical Knight of Jackal,LIGHT,7,Beast-Warrior,2700,1200,98745000,effect
5520,A Cat of Ill Omen,DARK,2,Beast,500,300,24140059,effect
5521,Yomi Ship,WATER,3,Aqua,800,1400,51534754,effect
5522,Winged Sage Falcos,WIND,4,Winged Beast,1700,1200,87523462,effect
5523,An Owl of Luck,WIND,2,Winged Beast,300,500,23927567,effect
5524,Charm of Shabti,EARTH,1,Rock,100,100,50412166,effect
5525,Cobra Jar,EARTH,2,Reptile,600,300,86801871,effect
5526,Spirit Reaper,DARK,3,Zombie,300,200,23205979,effect
5527,Nightmare Horse,DARK,2,Zombie,500,400,59290628,effect
5552,Y-Dragon Head,LIGHT,4,Machine,1500,1600,65622692,effect
5555,Z-Metal Tank,LIGHT,4,Machine,1500,1300,64500000,effect
5558,King's Knight,LIGHT,4,Warrior,1600,1400,64788463,effect
5559,Jack's Knight,LIGHT,5,Warrior,1900,1000,90876561,normal
5561,Goblin Zombie,DARK,4,Zombie,1100,1050,63665875,effect
5562,Drillago,DARK,4,Machine,1600,1100,99050989,effect
5564,Lekunga,WATER,4,Plant,1700,500,62543393,effect
5578,People Running About,FIRE,2,Pyro,600,600,12143771,normal
5579,Oppressed People,WATER,1,Aqua,400,2000,58538870,normal
5580,United Resistance,WIND,3,Thunder,1000,400,85936485,normal
5581,Dark Blade,DARK,4,Warrior,1800,1500,11321183,normal
5582,Pitch-Dark Dragon,DARK,3,Dragon,900,600,47415292,effect
5583,Kiryu,DARK,5,Dragon,2000,1500,84814897,effect
5584,Decayed Commander,EARTH,4,Zombie,1000,1500,10209545,effect
5585,Zombie Tiger,EARTH,3,Zombie,1400,1600,47693640,effect
5586,Giant Orc,DARK,4,Fiend,2200,0,73698349,effect
5587,Second Goblin,DARK,1,Fiend,100,100,19086954,effect
5588,Vampiric Orchis,EARTH,4,Plant,1700,1000,46571052,effect
5589,Des Dendle,EARTH,4,Plant,300,2000,12965761,effect
5590,Burning Beast,FIRE,4,Pyro,1500,1000,59364406,effect
5591,Freezing Beast,WATER,4,Aqua,1500,1000,85359414,effect
5592,Union Rider,WIND,2,Machine,1000,1000,11743119,effect
5593,D.D. Crazy Beast,EARTH,3,Beast,1400,1400,48148828,effect
5594,Spell Canceller,WIND,5,Machine,1800,1600,84636823,effect
5595,Neko Mane King,EARTH,1,Beast,0,0,11021521,effect
5596,Helping Robo for Combat,LIGHT,4,Machine,1600,0,47025270,effect
5597,Dimension Jar,DARK,2,Machine,200,200,73414375,effect
5598,Great Phantom Thief,EARTH,3,Spellcaster,1000,1000,10809984,effect
5599,Roulette Barrel,LIGHT,4,Machine,1000,2000,46303688,effect
5600,Paladin of White Dragon,LIGHT,4,Dragon,1900,1200,73398797,ritual
5636,Juragedo,DARK,4,Fiend,1700,1300,59546797,effect
5641,Great Angus,FIRE,4,Beast,1800,600,11813953,normal
5642,Aitsu,FIRE,5,Fairy,100,100,48202661,normal
5643,Sonic Duck,WIND,3,Winged Beast,1700,700,84696266,normal
5644,Luster Dragon,WIND,4,Dragon,1900,1600,11091375,normal
5645,Amazoness Paladin,EARTH,4,Warrior,1700,300,47480070,effect
5646,Amazoness Blowpiper,EARTH,3,Warrior,800,1500,73574678,effect
5647,Amazoness Tiger,EARTH,4,Beast,1100,1500,10979723,effect
5648,Skilled White Magician,LIGHT,4,Spellcaster,1700,1900,46363422,effect
5649,Skilled Dark Magician,DARK,4,Spellcaster,1900,1700,73752131,effect
5650,Apprentice Magician,DARK,2,Spellcaster,400,800,9156135,effect
5651,Old Vindictive Magician,DARK,2,Spellcaster,450,600,45141844,effect
5652,Chaos Command Magician,LIGHT,6,Spellcaster,2400,1900,72630549,effect
5653,Magical Marionette,DARK,5,Spellcaster,2000,1000,8034697,effect
5654,Pixie Knight,LIGHT,2,Spellcaster,1300,200,35429292,effect
5655,Breaker the Magical Warrior,DARK,4,Spellcaster,1600,1000,71413901,effect
5656,Magical Plant Mandragola,DARK,2,Spellcaster,500,200,7802006,effect
5657,Magical Scientist,DARK,1,Spellcaster,300,300,34206604,effect
5658,Royal Magical Library,LIGHT,4,Spellcaster,0,2000,70791313,effect
5659,Armor Exe,LIGHT,4,Rock,2400,1400,7180418,effect
5660,Tribe-Infecting Virus,WATER,4,Aqua,1600,1000,33184167,effect
5661,Des Koala,DARK,3,Beast,1100,1800,69579761,effect
5662,Dark Scorpion - Cliff the Trap Remover,DARK,3,Warrior,1200,1000,6967870,effect
5663,Magical Merchant,LIGHT,1,Insect,200,700,32362575,effect
5664,Koitsu,WATER,10,Fairy,200,100,69456283,effect
5665,Cat's Ear Tribe,EARTH,1,Beast-Warrior,200,100,95841282,effect
5666,Ultimate Obedient Fiend,FIRE,10,Fiend,3500,3000,32240937,effect
5667,Dark Cat with White Tail,EARTH,2,Beast,800,500,8634636,effect
5687,Bowganian,DARK,3,Machine,1300,1000,52090844,effect
5695,Granadora,WATER,4,Reptile,1900,700,13944422,effect
5696,Different Dimension Dragon,LIGHT,5,Dragon,1200,1500,50939127,effect
5697,"Shinato, King of a Higher Plane",LIGHT,8,Fairy,3300,3000,86327225,ritual
5699,Mirage Knight,LIGHT,8,Warrior,2800,2000,49217579,effect
5700,Berserk Dragon,DARK,8,Zombie,3500,0,85605684,effect
5701,Exodia Necross,DARK,4,Spellcaster,1800,0,12600382,effect
5702,Battle Footballer,FIRE,4,Machine,1000,2100,48094997,normal
5703,Arsenal Summoner,WIND,4,Spellcaster,1600,1600,85489096,effect
5704,Nin-Ken Dog,WIND,4,Beast-Warrior,1800,1000,11987744,normal
5705,Acrobat Monkey,EARTH,3,Machine,1000,1800,47372349,normal
5706,Guardian Elma,WIND,3,Fairy,1300,1200,74367458,effect
5707,Guardian Ceal,FIRE,4,Pyro,1700,1400,10755153,effect
5708,Guardian Grarl,EARTH,5,Dinosaur,2500,1000,47150851,effect
5709,Guardian Baou,DARK,4,Fiend,800,400,73544866,effect
5710,Guardian Kay'est,WATER,4,Sea Serpent,1000,1800,9633505,effect
5711,Guardian Tryce,LIGHT,5,Thunder,1900,1700,46037213,effect
5713,Gyaku-Gire Panda,EARTH,3,Beast,800,1600,9817927,effect
5714,Blindly Loyal Goblin,EARTH,4,Warrior,1800,1500,35215622,effect
5715,Despair from the Dark,DARK,8,Zombie,2800,3000,71200730,effect
5716,Maju Garzett,DARK,7,Fiend,-1,0,8794435,effect
5717,Fear from the Dark,DARK,4,Zombie,1700,1500,34193084,effect
5718,Dark Scorpion - Chick the Yellow,DARK,3,Warrior,1000,1000,61587183,effect
5719,D.D. Warrior Lady,LIGHT,4,Warrior,1500,1600,7572887,effect
5720,Thousand Needles,EARTH,4,Beast,1000,1800,33977496,effect
5756,Dark Magician Knight,DARK,7,Warrior,2500,2100,50725996,effect
5759,Gagagigo,WATER,4,Reptile,1850,1000,49003308,normal
5760,D.D. Trainer,DARK,1,Fiend,100,2000,86498013,normal
5761,Ojama Green,LIGHT,2,Beast,0,1000,12482652,normal
5762,Archfiend Soldier,DARK,4,Fiend,1900,1500,49881766,normal
5763,Pandemonium Watchbear,DARK,4,Beast,1300,1800,75375465,effect
5764,Sasuke Samurai #2,WIND,1,Warrior,200,300,11760174,effect
5765,Dark Scorpion - Gorg the Strong,DARK,5,Warrior,1800,1500,48768179,effect
5766,Dark Scorpion - Meanae the Thorn,DARK,4,Warrior,1000,1800,74153887,effect
5767,Outstanding Dog Marron,LIGHT,1,Beast,100,100,11548522,effect
5768,Great Maju Garzett,DARK,6,Fiend,0,0,47942531,effect
5769,Iron Blacksmith Kotetsu,FIRE,2,Beast-Warrior,500,500,73431236,effect
5770,Goblin of Greed,EARTH,4,Fiend,1000,1800,425934,effect
5771,Mefist the Infernal General,DARK,5,Fiend,1800,1700,46820049,effect
5772,Vilepawn Archfiend,EARTH,2,Fiend,1200,200,73219648,effect
5773,Shadowknight Archfiend,WIND,4,Fiend,2000,1600,9603356,effect
5774,Darkbishop Archfiend,WATER,3,Fiend,300,1400,35798491,effect
5775,Desrook Archfiend,LIGHT,3,Fiend,1100,1800,72192100,effect
5776,Infernalqueen Archfiend,FIRE,4,Fiend,900,1500,8581705,effect
5777,Terrorking Archfiend,DARK,4,Fiend,2000,1500,35975813,effect
5778,Skull Archfiend of Lightning,DARK,6,Fiend,2500,1200,61370518,effect
5779,Metallizing Parasite - Lunatite,WATER,7,Aqua,1000,500,7369217,effect
5780,Tsukuyomi,DARK,4,Spellcaster,1100,1400,34853266,effect
5781,Legendary Flame Lord,FIRE,7,Spellcaster,2400,2000,60258960,ritual
5782,Dark Master - Zorc,DARK,8,Fiend,2700,1500,97642679,ritual
5803,Nightmare Penguin,WATER,4,Aqua,900,1800,81306586,effect
5804,Perfect Machine King,EARTH,8,Machine,2700,1500,18891691,effect
5806,Giant Rex,EARTH,4,Dinosaur,2000,1200,80280944,effect
5807,Penguin Torpedo,WATER,3,Aqua,550,300,17679043,effect
5810,Chiron the Mage,EARTH,4,Beast-Warrior,1800,1000,16956455,effect
5811,Ojama Yellow,LIGHT,2,Beast,0,1000,42941100,normal
5812,Ojama Black,LIGHT,2,Beast,0,1000,79335209,normal
5813,Soul Tiger,EARTH,4,Beast,0,2100,15734813,normal
5814,Big Koala,EARTH,7,Beast,2700,2000,42129512,normal
5815,Des Kangaroo,DARK,4,Beast,1500,1700,78613627,effect
5816,Crimson Ninja,EARTH,1,Warrior,300,300,14618326,effect
5817,Strike Ninja,DARK,4,Warrior,1700,1200,41006930,effect
5818,Gale Lizard,WATER,4,Reptile,1400,700,77491079,effect
5819,Spirit of the Pot of Greed,LIGHT,1,Fairy,100,100,4896788,effect
5820,Chopman the Desperate Outlaw,DARK,3,Zombie,1100,500,40884383,effect
5821,Sasuke Samurai #3,LIGHT,3,Warrior,1000,1000,77379481,effect
5822,D.D. Scout Plane,DARK,2,Machine,800,1200,3773196,effect
5823,Berserk Gorilla,EARTH,4,Beast,2000,1000,39168895,effect
5824,Freed the Brave Wanderer,LIGHT,4,Warrior,1700,1200,16556849,effect
5825,Coach Goblin,EARTH,4,Fiend,1200,1500,42541548,effect
5826,Witch Doctor of Chaos,DARK,2,Spellcaster,500,500,75946257,effect
5827,Chaos Necromancer,DARK,1,Fiend,0,0,1434352,effect
5828,Chaosrider Gustaph,WIND,4,Warrior,1400,1500,47829960,effect
5829,Inferno,FIRE,4,Pyro,1100,1900,74823665,effect
5830,Fenrir,WATER,4,Beast,1400,1200,218704,effect
5831,Gigantes,EARTH,4,Rock,1900,1300,47606319,effect
5832,Silpheed,WIND,4,Fairy,1700,700,73001017,effect
5833,Chaos Sorcerer,DARK,6,Spellcaster,2300,2000,9596126,effect
5834,Gren Maju Da Eiza,FIRE,3,Fiend,-1,-1,36584821,effect
5835,Black Luster Soldier - Envoy of the Beginning,LIGHT,8,Warrior,3000,2500,72989439,effect
5860,Chaos Emperor Dragon - Envoy of the End,DARK,8,Dragon,3000,2500,82301904,effect
5868,Victory Dragon,DARK,8,Dragon,2400,3000,44910027,effect
5869,Magician's Valkyria,LIGHT,4,Spellcaster,1600,1800,80304126,effect
5871,Giga Gagagigo,WATER,5,Reptile,2450,1500,43793530,normal
5872,Mad Dog of Darkness,DARK,4,Beast,1900,1400,79182538,normal
5873,Neo Bug,EARTH,4,Insect,1800,1700,16587243,normal
5874,Sea Serpent Warrior of Darkness,WATER,4,Sea Serpent,1800,1500,42071342,normal
5875,Terrorking Salmon,WATER,5,Fish,2400,1000,78060096,normal
5876,Blazing Inpachi,FIRE,4,Pyro,1850,0,5464695,normal
5877,Burning Algae,FIRE,3,Pyro,500,1500,41859700,effect
5878,The Thing in the Crater,FIRE,4,Pyro,1000,1200,78243409,effect
5879,Molten Zombie,FIRE,4,Pyro,1600,400,4732017,effect
5880,Dark Magician of Chaos,DARK,8,Spellcaster,2800,2600,40737112,effect
5881,Manticore of Darkness,FIRE,6,Beast-Warrior,2300,1000,77121851,effect
5882,Stealth Bird,DARK,3,Winged Beast,700,1700,3510565,effect
5883,Sacred Crane,LIGHT,4,Winged Beast,1600,400,30914564,effect
5884,Enraged Battle Ox,EARTH,4,Beast-Warrior,1700,1000,76909279,effect
5885,Don Turtle,WATER,3,Reptile,1100,1200,3493978,effect
5886,Balloon Lizard,EARTH,4,Reptile,500,1900,39892082,effect
5887,Dark Driceratops,EARTH,6,Dinosaur,2400,1500,65287621,effect
5888,Hyper Hammerhead,EARTH,4,Dinosaur,1500,1200,2671330,effect
5889,Black Tyranno,EARTH,7,Dinosaur,2600,1800,38670435,effect
5890,Anti-Aircraft Flower,EARTH,3,Plant,0,1600,65064143,effect
5891,Prickle Fairy,EARTH,4,Plant,300,2000,91559748,effect
5892,Insect Princess,WIND,6,Insect,1900,1200,37957847,effect
5893,Amphibious Bugroth MK-3,WATER,4,Machine,1500,1300,64342551,effect
5894,Torpedo Fish,WATER,3,Fish,1000,1000,90337190,effect
5895,Levia-Dragon - Daedalus,WATER,7,Sea Serpent,2600,1500,37721209,effect
5896,Orca Mega-Fortress of Darkness,WATER,5,Sea Serpent,2100,1200,63120904,effect
5897,Cannonball Spear Shellfish,WATER,2,Aqua,1000,1000,95614612,effect
5898,Mataza the Zapper,DARK,3,Warrior,1300,800,22609617,effect
5899,Guardian Angel Joan,LIGHT,7,Fairy,2800,2000,68007326,effect
5900,Manju of the Ten Thousand Hands,LIGHT,4,Fairy,1400,1000,95492061,effect
5901,Getsu Fuhma,DARK,4,Warrior,1700,1200,21887179,effect
5902,Ryu Kokki,DARK,6,Zombie,2400,2000,57281778,effect
5922,Invader of Darkness,DARK,8,Fiend,2900,2500,56647086,effect
5923,Twinheaded Beast,FIRE,6,Beast,1700,1900,82035781,effect
5924,Winged Rhynos,WIND,4,Beast-Warrior,1800,500,18430390,effect
5925,Ulevo,EARTH,10,Winged Beast,3000,2500,501000000,effect
5926,Brain Crusher,DARK,7,Insect,2400,1500,81919143,effect
5927,Abyss Soldier,WATER,4,Aqua,1800,1300,18318842,effect
5928,Bitelon,WATER,6,Reptile,2400,1000,44702857,effect
5929,Meteo the Matchless,DARK,8,Beast-Warrior,2400,2000,501000001,effect
5930,Inferno Hammer,DARK,6,Fiend,2400,0,17185260,effect
5931,Emes the Infinity,LIGHT,7,Machine,2500,2000,43580269,effect
5932,D.D. Assailant,EARTH,4,Warrior,1700,1600,70074904,effect
5933,Teva,LIGHT,5,Warrior,2000,1500,16469012,effect
5934,Gora Turtle of Illusion,WATER,4,Aqua,1200,1400,42868711,effect
5943,Maximum Six,EARTH,6,Warrior,1900,1600,30707994,effect
5946,Gogiga Gagagigo,WATER,8,Reptile,2950,2800,39674352,normal
5947,Warrior of Zera,EARTH,4,Warrior,1600,1600,66073051,normal
5948,Sealmaster Meisei,DARK,3,Spellcaster,1100,900,2468169,normal
5949,Mystical Shine Ball,LIGHT,2,Fairy,500,500,39552864,normal
5950,Metal Armored Bug,EARTH,8,Insect,2800,1500,65957473,normal
5951,The Agent of Judgment - Saturn,LIGHT,6,Fairy,2400,0,91345518,effect
5952,The Agent of Wisdom - Mercury,LIGHT,4,Fairy,0,1700,38730226,effect
5953,The Agent of Creation - Venus,LIGHT,3,Fairy,1600,0,64734921,effect
5954,The Agent of Force - Mars,LIGHT,3,Fairy,0,0,91123920,effect
5955,The Unhappy Girl,LIGHT,2,Spellcaster,400,300,27618634,effect
5956,Soul-Absorbing Bone Tower,DARK,3,Zombie,400,1500,63012333,effect
5957,The Kick Man,DARK,3,Zombie,1300,300,90407382,effect
5958,Vampire Lady,DARK,4,Zombie,1550,1550,26495087,effect
5959,Rocket Jumper,EARTH,3,Rock,1000,800,53890795,effect
5960,Avatar of The Pot,EARTH,3,Rock,1200,1300,99284890,effect
5961,Legendary Jujitsu Master,EARTH,3,Rock,1300,1800,25773409,effect
5962,KA-2 Des Scissors,DARK,4,Machine,1000,1000,52768103,effect
5963,Needle Burrower,DARK,5,Machine,1700,1700,98162242,effect
5964,Blowback Dragon,DARK,6,Machine,2300,1200,25551951,effect
5965,Zaborg the Thunder Monarch,LIGHT,5,Thunder,2400,1000,51945556,effect
5966,Atomic Firefly,LIGHT,1,Insect,100,200,87340664,effect
5967,Mermaid Knight,WATER,4,Aqua,1500,700,24435369,effect
5968,Piranha Army,WATER,2,Fish,800,200,50823978,effect
5969,Two Thousand Needles,EARTH,5,Beast,2000,1800,83228073,effect
5970,Disc Fighter,EARTH,4,Warrior,1000,1000,19612721,effect
5971,Arcane Archer of the Forest,EARTH,3,Warrior,900,1400,55001420,effect
5972,Lady Ninja Yae,WIND,3,Warrior,1100,200,82005435,effect
5973,Goblin King,DARK,1,Fiend,0,0,18590133,effect
5974,Solar Flare Dragon,FIRE,4,Pyro,1500,1000,45985838,effect
5975,White Magician Pikeru,LIGHT,2,Spellcaster,1200,0,81383947,effect
5976,Archlord Zerato,LIGHT,8,Fairy,2800,2300,18378582,effect
5996,Mazera DeVille,DARK,8,Fiend,2800,2300,6133894,effect
6000,Marshmallon,LIGHT,3,Fairy,300,500,31305911,effect
6001,Doomcaliber Knight,DARK,4,Fiend,1900,1800,78700060,effect
6004,Gemini Imps,DARK,4,Fiend,1000,1000,67688478,effect
6005,Return Zombie,DARK,4,Zombie,1000,1600,3072077,effect
6018,Mokey Mokey,LIGHT,1,Fairy,300,100,27288416,normal
6019,Gigobyte,WATER,1,Reptile,350,300,53776525,normal
6020,Kozaky,DARK,1,Fiend,400,400,99171160,normal
6021,Fiend Scorpion,EARTH,2,Insect,900,200,26566878,normal
6022,Pharaoh's Servant,DARK,2,Zombie,900,0,52550973,normal
6023,Pharaonic Protector,EARTH,2,Zombie,900,0,89959682,normal
6024,Spirit of the Pharaoh,LIGHT,6,Zombie,2500,2000,25343280,effect
6025,Theban Nightmare,LIGHT,4,Fiend,1500,500,51838385,effect
6026,Aswan Apparition,DARK,3,Fiend,500,500,88236094,effect
6027,Protector of the Sanctuary,EARTH,4,Fiend,1100,1900,24221739,effect
6028,Nubian Guard,FIRE,2,Warrior,500,500,51616747,effect
6029,Legacy Hunter,EARTH,4,Warrior,1000,1500,87010442,effect
6030,Desertapir,EARTH,3,Beast,900,300,13409151,effect
6031,Sand Gambler,LIGHT,3,Spellcaster,300,1600,50593156,effect
6032,3-Hump Lacooda,EARTH,3,Beast,500,1500,86988864,effect
6033,Ghost Knight of Jackal,EARTH,5,Beast-Warrior,1700,1600,13386503,effect
6034,Absorbing Kid from the Sky,LIGHT,4,Fairy,1300,1000,49771608,effect
6035,Elephant Statue of Blessing,EARTH,3,Rock,1500,0,85166216,effect
6036,Elephant Statue of Disaster,EARTH,3,Rock,1500,0,12160911,effect
6037,Spirit Caller,LIGHT,3,Spellcaster,1000,1000,48659020,effect
6038,Emissary of the Afterlife,DARK,4,Fiend,1600,600,75043725,effect
6039,Grave Protector,DARK,4,Fiend,0,2000,11448373,effect
6040,Double Coston,DARK,4,Zombie,1700,1650,44436472,effect
6041,Regenerating Mummy,DARK,4,Zombie,1800,1500,70821187,effect
6042,Night Assailant,DARK,3,Fiend,200,500,16226786,effect
6043,Man-Thro' Tro',EARTH,4,Beast-Warrior,1000,1000,43714890,effect
6044,King of the Swamp,WATER,3,Aqua,500,1100,79109599,effect
6045,Emissary of the Oasis,LIGHT,3,Spellcaster,600,400,6103294,effect
6073,The End of Anubis,DARK,6,Fiend,2500,0,65403020,effect
6075,Necroface,DARK,4,Zombie,1200,1800,28297833,effect
6076,Gandora the Dragon of Destruction,DARK,8,Dragon,0,0,64681432,effect
6082,Blue-Eyes Shining Dragon,LIGHT,10,Dragon,3000,2500,53347303,effect
6083,Familiar Knight,DARK,3,Warrior,1200,1400,89731911,effect
6084,Rare Metal Dragon,DARK,4,Dragon,2400,1200,25236056,effect
6085,Peten the Dark Clown,DARK,3,Spellcaster,500,1200,52624755,effect
6086,Sorcerer of Dark Magic,DARK,9,Spellcaster,3200,2800,88619463,effect
6087,Andro Sphinx,LIGHT,10,Beast,3000,2500,15013468,effect
6088,Sphinx Teleia,LIGHT,10,Beast,2500,3000,51402177,effect
6089,Theinen the Great Sphinx,LIGHT,10,Beast,3500,3000,87997872,effect
6092,Watapon,LIGHT,1,Fairy,200,300,87774234,effect
6093,Charcoal Inpachi,FIRE,1,Pyro,100,2100,13179332,normal
6094,Neo Aqua Madoor,WATER,6,Spellcaster,1200,3000,49563947,normal
6095,Skull Dog Marron,EARTH,4,Beast,1350,2000,86652646,normal
6096,Goblin Calligrapher,DARK,1,Fiend,400,400,12057781,normal
6097,Ultimate Insect LV1,WIND,1,Insect,0,0,49441499,effect
6098,Horus the Black Flame Dragon LV4,FIRE,4,Dragon,1600,1000,75830094,effect
6099,Horus the Black Flame Dragon LV6,FIRE,6,Dragon,2300,1600,11224103,effect
6100,Horus the Black Flame Dragon LV8,FIRE,8,Dragon,3000,1800,48229808,effect
6101,Dark Mimic LV1,DARK,1,Fiend,100,1000,74713516,effect
6102,Dark Mimic LV3,DARK,3,Fiend,1000,1000,1102515,effect
6103,Mystic Swordsman LV2,EARTH,2,Warrior,900,0,47507260,effect
6104,Mystic Swordsman LV4,EARTH,4,Warrior,1900,1600,74591968,effect
6105,Armed Dragon LV3,WIND,3,Dragon,1200,900,980973,effect
6106,Armed Dragon LV5,WIND,5,Dragon,2400,1700,46384672,effect
6107,Armed Dragon LV7,WIND,7,Dragon,2800,1000,73879377,effect
6108,Horus' Servant,FIRE,1,Beast-Warrior,100,100,9264485,effect
6109,Black Dragon's Chick,DARK,1,Dragon,800,500,36262024,effect
6110,Malice Doll of Demise,DARK,4,Fiend,1600,1700,72657739,effect
6111,Ninja Grandmaster Sasuke,LIGHT,4,Warrior,1800,1000,4041838,effect
6112,Rafflesia Seduction,EARTH,2,Plant,300,900,31440542,effect
6113,Ultimate Baseball Kid,FIRE,3,Warrior,500,1000,67934141,effect
6114,Mobius the Frost Monarch,WATER,6,Aqua,2400,1000,4929256,effect
6115,Element Dragon,LIGHT,4,Dragon,1500,1200,30314994,effect
6116,Element Soldier,DARK,4,Fiend,1500,1200,66712593,effect
6117,Howling Insect,EARTH,3,Insect,1200,1300,93107608,effect
6118,Masked Dragon,FIRE,3,Dragon,1400,1100,39191307,effect
6119,Mind on Air,DARK,6,Spellcaster,1000,1600,66690411,effect
6120,Unshaven Angler,WATER,4,Fish,1500,1600,92084010,effect
6121,The Trojan Horse,EARTH,4,Beast,1600,1200,38479725,effect
6122,Nobleman-Eater Bug,EARTH,5,Insect,900,1200,65878864,effect
6123,Enraged Muka Muka,EARTH,5,Rock,1200,600,91862578,effect
6124,Hade-Hane,EARTH,5,Beast,900,1000,28357177,effect
6125,Penumbral Soldier Lady,DARK,6,Warrior,2100,1400,64751286,effect
6150,The Tricky,WIND,5,Spellcaster,2000,1200,14778250,effect
6151,Green Gadget,EARTH,4,Machine,1400,600,41172955,effect
6155,Red Gadget,EARTH,4,Machine,1300,1500,86445415,effect
6156,Yellow Gadget,EARTH,4,Machine,1200,1200,13839120,effect
6160,Blockman,EARTH,4,Rock,1000,1500,48115277,effect
6162,Silent Swordsman LV3,LIGHT,3,Warrior,1000,1000,1995985,effect
6164,Silent Swordsman LV5,LIGHT,5,Warrior,2300,1000,74388798,effect
6166,Silent Swordsman LV7,LIGHT,7,Warrior,2800,1000,37267041,effect
6167,Silent Magician LV4,LIGHT,4,Spellcaster,1000,1000,73665146,effect
6170,Silent Magician LV8,LIGHT,8,Spellcaster,3500,1000,72443568,effect
6172,Woodborg Inpachi,FIRE,5,Machine,500,2500,35322812,normal
6173,Mighty Guard,EARTH,4,Machine,500,1200,62327910,normal
6174,Bokoichi the Freightening Car,DARK,2,Machine,500,500,8715625,normal
6175,Harpie Girl,WIND,2,Winged Beast,500,500,34100324,normal
6176,The Creator,LIGHT,8,Thunder,2300,3000,61505339,effect
6177,The Creator Incarnate,LIGHT,4,Warrior,1600,1500,97093037,effect
6178,Ultimate Insect LV3,WIND,3,Insect,1400,900,34088136,effect
6179,Mystic Swordsman LV6,EARTH,6,Warrior,2300,1700,60482781,effect
6181,Heavy Mech Support Platform,DARK,3,Machine,500,500,23265594,effect
6182,Element Magician,LIGHT,4,Spellcaster,1500,1200,65260293,effect
6183,Element Saurus,DARK,4,Dinosaur,1500,1200,92755808,effect
6184,Roc from the Valley of Haze,WIND,6,Winged Beast,2400,1400,28143906,effect
6185,Sasuke Samurai #4,WIND,4,Warrior,1200,1200,64538655,effect
6186,Harpie Lady 1,WIND,4,Winged Beast,1300,1400,91932350,effect
6187,Harpie Lady 2,WIND,4,Winged Beast,1300,1400,27927359,effect
6188,Harpie Lady 3,WIND,4,Winged Beast,1300,1400,54415063,effect
6189,Raging Flame Sprite,FIRE,3,Pyro,100,200,90810762,effect
6190,Thestalos the Firestorm Monarch,FIRE,6,Pyro,2400,1000,26205777,effect
6191,Eagle Eye,WIND,3,Winged Beast,1300,1200,53693416,effect
6192,Tactical Espionage Expert,EARTH,3,Warrior,1300,1200,89698120,effect
6193,Invasion of Flames,FIRE,3,Pyro,1300,1200,26082229,effect
6194,Creeping Doom Manta,WATER,3,Fish,1300,1200,52571838,effect
6195,Pitch-Black Warwolf,DARK,4,Beast-Warrior,1600,600,88975532,effect
6196,Mirage Dragon,LIGHT,4,Dragon,1600,600,15960641,effect
6197,Gaia Soul the Combustible Collective,FIRE,4,Pyro,2000,0,51355346,effect
6198,Fox Fire,FIRE,2,Pyro,300,200,88753985,effect
6199,B.E.S. Big Core,DARK,6,Machine,2300,1100,14148099,effect
6200,"Fusilier Dragon, the Dual-Mode Beast",DARK,7,Machine,2800,2000,51632798,effect
6201,Dekoichi the Battlechanted Locomotive,DARK,4,Machine,1400,1000,87621407,effect
6202,A-Team: Trap Disposal Unit,FIRE,2,Machine,300,400,13026402,effect
6203,Homunculus the Alchemic Being,LIGHT,4,Plant,1800,1600,40410110,effect
6229,Castle Gate,EARTH,6,Rock,0,2400,36931229,effect
6232,Space Mambo,WATER,4,Fish,1700,1000,36119641,normal
6233,Divine Dragon Ragnarok,LIGHT,4,Dragon,1500,1000,62113340,normal
6234,Chu-Ske the Mouse Fighter,EARTH,3,Beast,1200,0,8508055,normal
6235,Insect Knight,EARTH,4,Insect,1900,1500,35052053,normal
6236,Sacred Phoenix of Nephthys,FIRE,8,Winged Beast,2400,1600,61441708,effect
6237,Hand of Nephthys,WIND,2,Spellcaster,600,600,98446407,effect
6238,Ultimate Insect LV5,WIND,5,Insect,2300,900,34830502,effect
6239,Granmarg the Rock Monarch,EARTH,6,Rock,2400,1000,60229110,effect
6240,Element Valkyrie,LIGHT,4,Fairy,1500,1200,97623219,effect
6241,Element Doom,DARK,4,Fiend,1500,1200,23118924,effect
6242,Maji-Gire Panda,EARTH,4,Beast,1000,800,60102563,effect
6243,Catnipped Kitty,EARTH,2,Beast,0,500,96501677,effect
6244,Behemoth the King of All Animals,EARTH,7,Beast,2700,1500,22996376,effect
6245,Big-Tusked Mammoth,EARTH,5,Beast,2000,1000,59380081,effect
6246,Kangaroo Champ,EARTH,4,Beast,800,700,95789089,effect
6247,Hyena,EARTH,3,Beast,1000,300,22873798,effect
6248,Blade Rabbit,EARTH,2,Beast,400,300,58268433,effect
6249,Mecha-Dog Marron,LIGHT,4,Machine,1000,1000,94667532,effect
6250,Blast Magician,FIRE,4,Spellcaster,1400,1700,21051146,effect
6251,Gearfried the Swordmaster,LIGHT,7,Warrior,2600,2200,57046845,effect
6252,Armed Samurai - Ben Kei,DARK,4,Warrior,500,800,84430950,effect
6253,Shadowslayer,DARK,4,Fiend,1400,200,20939559,effect
6254,Golem Sentry,EARTH,4,Rock,800,1800,52323207,effect
6255,Abare Ushioni,EARTH,4,Beast-Warrior,1200,1200,89718302,effect
6256,The Light - Hex-Sealed Fusion,LIGHT,3,Rock,1000,1600,15717011,effect
6257,The Dark - Hex-Sealed Fusion,DARK,3,Rock,1000,1600,52101615,effect
6258,The Earth - Hex-Sealed Fusion,EARTH,3,Rock,1000,1600,88696724,effect
6259,Whirlwind Prodigy,WIND,4,Fairy,1500,1600,15090429,effect
6260,Flame Ruler,FIRE,4,Pyro,1500,1600,41089128,effect
6261,Firebird,FIRE,4,Winged Beast,1000,800,87473172,effect
6262,Rescue Cat,EARTH,4,Beast,300,100,14878871,effect
6263,Brain Jacker,DARK,2,Fiend,200,900,40267580,effect
6287,Vampire's Curse,DARK,6,Zombie,2000,800,34294855,effect
6289,Blood Sucker,DARK,4,Zombie,1300,1500,97783659,effect
6292,Red-Eyes Darkness Dragon,DARK,9,Dragon,2400,2000,96561011,effect
6293,Vampire Genesis,DARK,8,Zombie,3000,2100,22056710,effect
6298,Kaibaman,LIGHT,3,Warrior,200,700,34627841,effect
6302,Machina Soldier,EARTH,4,Machine,1600,1500,60999392,effect
6303,Machina Defender,EARTH,4,Machine,1200,1800,96384007,effect
6304,Machina Sniper,EARTH,4,Machine,1800,800,23782705,effect
6307,Commander Covington,EARTH,4,Machine,1000,600,22666164,effect
6308,Machina Force,EARTH,10,Machine,4600,4100,58054262,effect
6310,Elemental HERO Avian,WIND,3,Warrior,1000,1000,21844576,normal
6311,Elemental HERO Burstinatrix,FIRE,3,Warrior,1200,800,58932615,normal
6312,Elemental HERO Clayman,EARTH,4,Warrior,800,2000,84327329,normal
6313,Elemental HERO Sparkman,LIGHT,4,Warrior,1600,1400,20721928,normal
6314,Winged Kuriboh,LIGHT,1,Fairy,300,200,57116033,effect
6315,Ancient Gear Golem,EARTH,8,Machine,3000,3000,83104731,effect
6316,Ancient Gear Beast,EARTH,6,Machine,2000,2000,10509340,effect
6317,Ancient Gear Soldier,EARTH,4,Machine,1300,1300,56094445,effect
6318,Millennium Scorpion,EARTH,5,Insect,2000,1800,82482194,effect
6319,Ultimate Insect LV7,WIND,7,Insect,2600,1200,19877898,effect
6320,Lost Guardian,EARTH,4,Rock,100,-1,45871897,effect
6321,Hieracosphinx,EARTH,6,Rock,2400,1200,82260502,effect
6322,Criosphinx,EARTH,6,Rock,1200,2400,18654201,effect
6323,Moai Interceptor Cannons,EARTH,4,Rock,1100,2000,45159319,effect
6324,Megarock Dragon,EARTH,7,Rock,-1,-1,71544954,effect
6325,Dummy Golem,EARTH,2,Rock,800,800,13532663,effect
6326,Grave Ohja,EARTH,4,Rock,1600,1500,40937767,effect
6327,Mine Golem,EARTH,3,Rock,1000,1900,76321376,effect
6328,Monk Fighter,EARTH,3,Rock,1300,1000,3810071,effect
6329,Master Monk,EARTH,5,Rock,1900,1000,49814180,effect
6330,Guardian Statue,EARTH,4,Rock,800,1400,75209824,effect
6331,Medusa Worm,EARTH,2,Rock,500,600,2694423,effect
6332,D.D. Survivor,DARK,4,Warrior,1800,200,48092532,effect
6333,Mid Shield Gardna,EARTH,4,Warrior,100,1800,75487237,effect
6334,White Ninja,LIGHT,4,Warrior,1500,800,1571945,effect
6335,Aussa the Earth Charmer,EARTH,3,Spellcaster,500,1500,37970940,effect
6336,Eria the Water Charmer,WATER,3,Spellcaster,500,1500,74364659,effect
6337,Hiita the Fire Charmer,FIRE,3,Spellcaster,500,1500,759393,effect
6338,Wynn the Wind Charmer,WIND,3,Spellcaster,500,1500,37744402,effect
6339,Batteryman AA,LIGHT,3,Thunder,0,0,63142001,effect
6340,Des Wombat,EARTH,3,Beast,1600,300,9637706,effect
6341,King of the Skull Servants,DARK,1,Zombie,-1,0,36021814,effect
6342,Reshef the Dark Being,LIGHT,8,Fiend,2500,1500,62420419,ritual
6343,Elemental Mistress Doriado,LIGHT,3,Spellcaster,1200,1400,99414168,ritual
6368,Infernal Flame Emperor,FIRE,9,Pyro,2700,1600,19847532,effect
6373,Mutant Mindmaster,DARK,6,Spellcaster,0,2500,11508758,effect
6374,Divine Knight Ishzark,LIGHT,6,Warrior,2300,1800,57902462,effect
6376,Ocean Dragon Lord - Neo-Daedalus,WATER,8,Sea Serpent,2900,1600,10485110,effect
6380,"Green Baboon, Defender of the Forest",EARTH,7,Beast,2600,1800,46668237,effect
6383,Cycroid,EARTH,3,Machine,800,1000,45945685,normal
6384,Patroid,EARTH,4,Machine,1200,1200,71930383,effect
6385,Gyroid,WIND,3,Machine,1000,1000,18325492,effect
6386,Steamroid,EARTH,4,Machine,1800,1800,44729197,effect
6387,Drillroid,EARTH,4,Machine,1600,1600,71218746,effect
6388,UFOroid,LIGHT,6,Machine,1200,1200,7602840,effect
6389,Jetroid,WIND,4,Machine,1200,1800,43697559,effect
6390,Cyber Dragon,LIGHT,5,Machine,2100,1600,70095154,effect
6391,Wroughtweiler,EARTH,3,Machine,800,1200,6480253,effect
6392,Dark Catapulter,EARTH,4,Machine,1000,1500,33875961,effect
6393,Elemental HERO Bubbleman,WATER,4,Warrior,800,1200,79979666,effect
6400,Summoner Monk,DARK,4,Spellcaster,800,1600,423585,effect
6405,The Wicked Dreadroot,DARK,10,Fiend,4000,4000,62180201,effect
6406,Winged Kuriboh LV10,LIGHT,10,Fairy,300,200,98585345,effect
6410,Van'Dalgyon the Dark Dragon Lord,DARK,8,Dragon,2800,2500,24857466,effect
6411,Soitsu,WIND,3,Fairy,0,0,60246171,normal
6412,Mad Lobster,WATER,3,Aqua,1700,1000,97240270,normal
6413,Jerry Beans Man,EARTH,3,Plant,1750,0,23635815,normal
6414,Cybernetic Magician,LIGHT,6,Spellcaster,2400,1000,59023523,effect
6415,Cybernetic Cyclopean,EARTH,4,Beast-Warrior,1400,200,96428622,effect
6416,Mechanical Hound,EARTH,7,Machine,2800,1500,22512237,effect
6417,Cyber Archfiend,DARK,4,Fiend,1000,2000,59907935,effect
6418,Goblin Elite Attack Force,EARTH,4,Fiend,2200,1500,85306040,effect
6419,B.E.S. Crystal Core,WATER,5,Machine,2100,1000,22790789,effect
6420,Giant Kozaky,DARK,4,Fiend,2500,2400,58185394,effect
6421,Indomitable Fighter Lei Lei,EARTH,4,Beast-Warrior,2300,0,84173492,effect
6422,Protective Soul Ailin,LIGHT,1,Fairy,0,0,11678191,effect
6423,Doitsu,EARTH,4,Fairy,100,200,57062206,effect
6424,Des Frog,WATER,5,Aqua,1900,0,84451804,effect
6425,T.A.D.P.O.L.E.,WATER,1,Aqua,0,0,10456559,effect
6426,Poison Draw Frog,WATER,2,Aqua,100,100,56840658,effect
6427,Tyranno Infinity,EARTH,4,Dinosaur,-1,0,83235263,effect
6428,Batteryman C,LIGHT,2,Thunder,0,0,19733961,effect
6429,Ebon Magician Curran,DARK,2,Spellcaster,1200,0,46128076,effect
6430,D.D.M. - Different Dimension Master,LIGHT,5,Spellcaster,1700,1500,82112775,effect
6456,Gilford the Legend,EARTH,8,Warrior,2600,2000,69933858,effect
6457,Warrior Lady of the Wasteland,EARTH,4,Warrior,1100,1200,5438492,effect
6461,Praying Mantis,WIND,4,Insect,1500,1200,31600513,effect
6465,Dreadscythe Harvester,WIND,8,Insect,2300,1600,66973070,effect
6471,V-Tiger Jet,LIGHT,4,Machine,1600,1800,51638941,normal
6472,Blade Skater,EARTH,4,Warrior,1400,1500,97023549,normal
6473,Reborn Zombie,DARK,4,Zombie,1000,1600,23421244,effect
6474,Chthonian Soldier,DARK,4,Warrior,1200,1400,50916353,effect
6475,W-Wing Catapult,LIGHT,4,Machine,1300,1500,96300057,effect
6476,Infernal Incinerator,FIRE,6,Fiend,2800,1800,23309606,effect
6477,Elemental HERO Bladedge,EARTH,7,Warrior,2600,1800,59793705,effect
6478,Elemental HERO Wildheart,EARTH,4,Warrior,1500,1600,86188410,effect
6479,Hydrogeddon,WATER,4,Dinosaur,1600,1000,22587018,effect
6480,Oxygeddon,WIND,4,Dinosaur,1800,800,58071123,effect
6481,Water Dragon,WATER,8,Sea Serpent,2800,2600,85066822,effect
6482,Etoile Cyber,EARTH,4,Warrior,1200,1600,11460577,effect
6497,"Zure, Knight of Dark World",DARK,4,Fiend,1800,1500,7459013,normal
6498,B.E.S. Tetran,WIND,6,Machine,1800,2300,44954628,effect
6499,Nanobreaker,EARTH,4,Machine,1600,1800,70948327,effect
6500,Rapid-Fire Magician,DARK,4,Spellcaster,1600,1200,6337436,effect
6501,"Beiige, Vanguard of Dark World",DARK,4,Fiend,1600,1300,33731070,effect
6502,"Broww, Huntsman of Dark World",DARK,3,Fiend,1400,800,79126789,effect
6503,"Brron, Mad King of Dark World",DARK,4,Fiend,1800,400,6214884,effect
6504,"Sillva, Warlord of Dark World",DARK,5,Fiend,2300,1400,32619583,effect
6505,"Goldd, Wu-Lord of Dark World",DARK,5,Fiend,2300,1400,78004197,effect
6506,"Scarr, Scout of Dark World",DARK,2,Fiend,500,500,5498296,effect
6507,Familiar-Possessed - Aussa,EARTH,4,Spellcaster,1850,1500,31887905,effect
6508,Familiar-Possessed - Eria,WATER,4,Spellcaster,1850,1500,68881649,effect
6509,Familiar-Possessed - Hiita,FIRE,4,Spellcaster,1850,1500,4376659,effect
6510,Familiar-Possessed - Wynn,WIND,4,Spellcaster,1850,1500,31764354,effect
6525,Tualatin,LIGHT,8,Fairy,2800,2500,27769400,effect
6526,Guard Mantis,WIND,4,Insect,1000,2400,53754104,effect
6527,Elemental HERO Necroshade,DARK,5,Warrior,1600,1800,89252153,effect
6530,Dark Eradicator Warlock,DARK,7,Spellcaster,2500,2100,29436665,effect
6531,Mythical Beast Cerberus,LIGHT,4,Spellcaster,1400,1400,55424270,effect
6533,King of Destruction - Xexex,DARK,10,Fiend,3000,2500,501000002,effect
6534,Queen of Fate - Eternia,LIGHT,8,Fairy,2400,2000,501000003,effect
6540,Armed Dragon LV10,WIND,10,Dragon,3000,2000,59464593,effect
6545,Lancer Dragonute,DARK,4,Dragon,1500,1800,11125718,effect
6547,Axe Dragonute,DARK,4,Dragon,2000,1200,84914462,effect
6550,White-Horned Dragon,DARK,6,Dragon,2200,1400,73891874,effect
6551,Tellus the Little Angel,LIGHT,3,Fairy,500,500,19280589,effect
6555,Dark Red Enchanter,DARK,6,Spellcaster,1700,2200,45462639,effect
6558,Gorz the Emissary of Darkness,DARK,7,Fiend,2700,2500,44330098,effect
6563,"Uria, Lord of Searing Flames",FIRE,10,Pyro,0,0,6007213,effect
6564,"Hamon, Lord of Striking Thunder",LIGHT,10,Thunder,4000,4000,32491822,effect
6565,"Raviel, Lord of Phantasms",DARK,10,Fiend,4000,4000,69890967,effect
6566,Elemental HERO Neo Bubbleman,WATER,4,Warrior,800,1200,5285665,effect
6567,Hero Kid,EARTH,2,Warrior,300,600,32679370,effect
6568,Cyber Barrier Dragon,LIGHT,6,Machine,800,2800,68774379,effect
6569,Cyber Laser Dragon,LIGHT,7,Machine,2400,1800,4162088,effect
6570,Ancient Gear,EARTH,2,Machine,100,800,31557782,effect
6587,Ancient Gear Cannon,EARTH,2,Machine,500,500,80045583,effect
6588,Proto-Cyber Dragon,LIGHT,3,Machine,1100,600,26439287,effect
6589,Adhesive Explosive,WIND,3,Machine,1000,1000,53828396,effect
6590,Machine King Prototype,EARTH,3,Machine,1600,1500,89222931,effect
6591,B.E.S. Covered Core,EARTH,7,Machine,2500,800,15317640,effect
6592,D.D. Guide,DARK,4,Warrior,1400,1000,52702748,effect
6593,Chain Thrasher,WIND,4,Warrior,1000,600,88190453,effect
6594,Disciple of the Forbidden Spell,LIGHT,4,Warrior,1700,800,15595052,effect
6595,Tenkabito Shien,FIRE,4,Pyro,1500,1000,41589166,effect
6596,Parasitic Ticky,EARTH,1,Insect,-1,-1,87978805,effect
6597,Gokipon,EARTH,2,Insect,800,800,14472500,effect
6598,Silent Insect,EARTH,2,Insect,200,300,40867519,effect
6599,Chainsaw Insect,EARTH,4,Insect,2400,0,77252217,effect
6600,Anteatereatingant,EARTH,5,Insect,2000,500,13250922,effect
6601,Saber Beetle,EARTH,6,Insect,2400,600,49645921,effect
6602,Doom Dozer,EARTH,8,Insect,2800,2600,76039636,effect
6603,Treeborn Frog,WATER,1,Aqua,100,100,12538374,effect
6604,Beelze Frog,WATER,3,Aqua,1200,800,49522489,effect
6605,Princess Pikeru,LIGHT,4,Spellcaster,2000,0,75917088,effect
6606,Princess Curran,DARK,4,Spellcaster,2000,0,2316186,effect
6607,Memory Crusher,DARK,3,Fiend,1000,600,48700891,effect
6608,Malice Ascendant,DARK,4,Zombie,700,1000,14255590,effect
6609,Grass Phantom,WATER,3,Plant,1000,1000,41249545,effect
6610,Sand Moth,EARTH,4,Rock,1000,2000,73648243,effect
6611,Divine Dragon - Excelion,LIGHT,5,Dragon,1500,900,10032958,effect
6612,"Ruin, Queen of Oblivion",LIGHT,8,Fairy,2300,2000,46427957,ritual
6613,"Demise, King of Armageddon",DARK,8,Fiend,2400,2000,72426662,ritual
6640,"Exxod, Master of The Guard",EARTH,8,Rock,0,4000,55737443,effect
6641,Great Spirit,EARTH,4,Rock,500,1500,92736188,effect
6645,Golden Homunculus,LIGHT,6,Warrior,1500,1500,27408609,effect
6646,Helios - The Primordial Sun,LIGHT,4,Pyro,-1,-1,54493213,effect
6647,Helios Duo Megistus,LIGHT,6,Pyro,-1,-1,80887952,effect
6648,Helios Trice Megistus,LIGHT,8,Pyro,-1,-1,17286057,effect
6653,Elemental HERO Neos,LIGHT,7,Warrior,2500,2000,89943723,normal
6654,Dandylion,EARTH,3,Plant,300,300,15341821,effect
6658,Destiny HERO - Doom Lord,DARK,3,Warrior,600,800,41613948,effect
6659,Destiny HERO - Captain Tenacious,DARK,3,Warrior,800,800,77608643,effect
6660,Destiny HERO - Diamond Dude,DARK,4,Warrior,1400,1600,13093792,effect
6661,Destiny HERO - Dreadmaster,DARK,8,Warrior,-1,-1,40591390,effect
6662,Cyber Kirin,LIGHT,3,Machine,300,800,76986005,effect
6663,Cyber Phoenix,FIRE,4,Machine,1200,1600,3370104,effect
6664,Cyber Tutu,EARTH,3,Warrior,1000,800,49375719,effect
6665,Cyber Gymnast,EARTH,4,Warrior,800,1800,76763417,effect
6666,Cyber Prima,LIGHT,6,Warrior,2300,1600,2158562,effect
6683,Searchlightman,LIGHT,3,Machine,1000,1000,67646312,effect
6684,Victory Viper XX03,LIGHT,4,Machine,1200,1000,93130021,effect
6685,Super-Electromagnetic Voltech Dragon,LIGHT,5,Thunder,2400,1000,20529766,effect
6686,Harpie's Pet Baby Dragon,WIND,4,Dragon,1200,600,6924874,effect
6687,Majestic Mech - Senku,LIGHT,4,Fairy,1000,500,32918479,effect
6688,Majestic Mech - Ohka,LIGHT,6,Fairy,2400,1400,69303178,effect
6689,Majestic Mech - Goryu,LIGHT,8,Fairy,2900,1800,95701283,effect
6690,Bountiful Artemis,LIGHT,4,Fairy,1600,1700,32296881,effect
6691,Royal Knight,LIGHT,3,Fairy,1300,800,68280530,effect
6692,Herald of Purple Light,LIGHT,2,Fairy,300,500,94689635,effect
6693,Herald of Green Light,LIGHT,2,Fairy,300,500,21074344,effect
6694,Layard the Liberator,LIGHT,4,Fairy,1400,1500,67468948,effect
6695,Banisher of the Radiance,LIGHT,3,Fairy,1600,0,94853057,effect
6696,Voltanis the Adjudicator,LIGHT,8,Fairy,2800,1400,20951752,effect
6697,Guard Dog,EARTH,3,Beast,1500,500,57346400,effect
6698,Whirlwind Weasel,WIND,3,Beast,500,1500,93730409,effect
6699,Avalanching Aussa,EARTH,4,Spellcaster,800,1500,29139104,effect
6700,Raging Eria,WATER,4,Spellcaster,800,1500,56524813,effect
6701,Blazing Hiita,FIRE,4,Spellcaster,800,1500,92518817,effect
6702,Storming Wynn,WIND,4,Spellcaster,800,1500,29013526,effect
6703,Batteryman D,LIGHT,1,Thunder,0,1900,55401221,effect
6704,Swift Birdman Joe,WIND,6,Winged Beast,2300,1400,81896370,effect
6713,Puppet Pawn,EARTH,3,Warrior,800,1200,89839552,effect
6717,Puppet Queen,EARTH,6,Warrior,2200,2500,15001619,effect
6719,Puppet Rook,EARTH,4,Warrior,1200,1800,77590412,effect
6720,"Simorgh, Bird of Divinity",WIND,7,Winged Beast,2700,1000,14989021,effect
6721,Sonic Shooter,WIND,4,Winged Beast,1300,600,40384720,effect
6723,Puppet King,EARTH,7,Warrior,2800,2600,3167573,effect
6727,Cyber Dinosaur,LIGHT,7,Machine,2500,1900,39439590,effect
6728,Elemental HERO Woodsman,EARTH,4,Warrior,1000,2000,75434695,effect
6733,Elemental HERO Ocean,WATER,4,Warrior,1500,1200,37195861,effect
6735,Expressroid,EARTH,4,Machine,400,1600,984114,effect
6736,Ambulanceroid,EARTH,3,Machine,300,1200,36378213,effect
6738,Submarineroid,WATER,4,Machine,800,1800,99861526,effect
6741,Stealthroid,DARK,4,Machine,1200,0,98049038,effect
6742,Decoyroid,WIND,2,Machine,300,500,25034083,effect
6743,Truckroid,EARTH,4,Machine,1000,2000,61538782,effect
6745,Rescueroid,FIRE,6,Machine,1600,1800,24311595,effect
6752,Destiny HERO - Blade Master,DARK,3,Warrior,300,600,55461064,effect
6753,Destiny HERO - Dasher,DARK,6,Warrior,2100,1000,81866673,effect
6754,Destiny HERO - Double Dude,DARK,6,Warrior,1000,1000,28355718,effect
6755,Destiny HERO - Defender,DARK,4,Warrior,100,2700,54749427,effect
6756,Destiny HERO - Fear Monger,DARK,4,Warrior,1000,1000,80744121,effect
6757,Destiny HERO - Dogma,DARK,8,Warrior,3400,2400,17132130,effect
6764,Chrysalis Dolphin,WATER,2,Fish,400,600,42682609,effect
6768,Neo-Spacian Aqua Dolphin,WATER,3,Warrior,600,800,17955766,effect
6769,Neo-Spacian Air Hummingbird,WIND,3,Winged Beast,800,600,54959865,effect
6770,Neo-Spacian Grand Mole,EARTH,3,Rock,900,300,80344569,effect
6771,Neo-Spacian Glow Moss,LIGHT,3,Plant,300,900,17732278,effect
6772,Neo-Spacian Dark Panther,DARK,3,Beast,1000,500,43237273,effect
6773,Neo-Spacian Flare Scarab,FIRE,3,Insect,500,500,89621922,effect
6776,Black Stego,EARTH,4,Dinosaur,1200,2000,79409334,effect
6777,Ultimate Tyranno,EARTH,8,Dinosaur,3000,2200,15894048,effect
6778,Rallis the Star Bird,WIND,3,Winged Beast,800,800,41382147,effect
6784,Elemental HERO Stratos,WIND,4,Warrior,1800,300,40044918,effect
6788,"Armed Dragon, the Armored Dragon",WIND,4,Dragon,1900,1400,75220074,effect
6790,Dragonic Knight,FIRE,7,Dragon,2800,2300,38109772,effect
6791,Toy Soldier,LIGHT,4,Warrior,1500,1000,65504487,effect
6794,Zeta Reticulant,DARK,7,Fairy,2400,2100,64382839,effect
6796,Sabersaurus,EARTH,4,Dinosaur,1900,500,37265642,normal
6797,Miracle Jurassic Egg,EARTH,4,Dinosaur,0,2000,63259351,effect
6798,Black Ptera,WIND,3,Dinosaur,1000,500,90654356,effect
6799,Babycerasaurus,EARTH,2,Dinosaur,500,500,36042004,effect
6800,Alien Grey,LIGHT,2,Reptile,300,800,62437709,effect
6801,Alien Mars,FIRE,3,Reptile,1000,1000,99532708,effect
6802,Alien Skull,WIND,4,Reptile,1600,1800,25920413,effect
6803,Alien Hunter,WATER,4,Reptile,1600,800,62315111,effect
6804,Alien Warrior,EARTH,4,Reptile,1800,1000,98719226,effect
6805,Alien Mother,DARK,6,Reptile,2300,1500,24104865,effect
6806,Cosmic Horror Gangi'el,LIGHT,7,Reptile,2600,2000,51192573,effect
6807,Flying Saucer Muusik'i,LIGHT,5,Machine,1000,2000,97697678,effect
6815,Toy Magician,LIGHT,4,Spellcaster,1600,1500,58132856,effect
6816,Super Conductor Tyranno,LIGHT,8,Dinosaur,3300,1400,85520851,effect
6821,Light and Darkness Dragon,LIGHT,8,Dragon,2800,2400,47297616,effect
6830,Cyberdark Horn,DARK,4,Machine,800,800,41230939,effect
6831,Cyberdark Edge,DARK,4,Machine,800,800,77625948,effect
6832,Cyberdark Keel,DARK,4,Machine,800,800,3019642,effect
6836,Dyna Base,EARTH,4,Machine,0,2100,39396763,effect
6841,Ancient Gear Engineer,EARTH,5,Machine,1500,1500,1953925,effect
6845,Cyber Angel Benten,LIGHT,6,Fairy,1800,1500,77235086,ritual
6846,Cyber Angel Idaten,LIGHT,6,Fairy,1600,2000,3629090,ritual
6847,Cyber Angel Dakini,LIGHT,8,Fairy,2700,2400,39618799,ritual
6848,Cyber Petit Angel,LIGHT,2,Fairy,300,200,76103404,effect
6854,Cyber Ogre,EARTH,5,Machine,1900,1200,64268668,effect
6855,Cyber Esper,FIRE,4,Machine,1200,1800,91663373,effect
6861,Ice Knight,WATER,4,Aqua,1300,1200,99328137,effect
6863,Elemental HERO Knospe,EARTH,3,Plant,600,1000,62107981,effect
6866,Elemental HERO Poison Rose,EARTH,6,Plant,1900,2000,51085303,effect
6869,Greed Quasar,DARK,7,Fiend,-1,-1,50263751,effect
6870,Allure Queen LV3,DARK,3,Spellcaster,500,500,87257460,effect
6871,Allure Queen LV5,DARK,5,Spellcaster,1000,1000,23756165,effect
6872,Allure Queen LV7,DARK,7,Spellcaster,1500,1500,50140163,effect
6876,Dark Lucius LV4,EARTH,4,Fiend,1000,300,85313220,effect
6877,Dark Lucius LV6,EARTH,6,Fiend,1700,600,12817939,effect
6878,Dark Lucius LV8,EARTH,8,Fiend,2800,900,58206034,effect
6879,Snipe Hunter,DARK,4,Fiend,1500,600,84290642,effect
6880,Blast Asmodian,FIRE,3,Fiend,1000,300,11685347,effect
6881,Vanity's Fiend,DARK,6,Fiend,2400,1200,47084486,effect
6882,Barrier Statue of the Abyss,DARK,4,Fiend,1000,1000,84478195,effect
6883,Barrier Statue of the Torrent,WATER,4,Aqua,1000,1000,10963799,effect
6884,Barrier Statue of the Inferno,FIRE,4,Pyro,1000,1000,47961808,effect
6885,Barrier Statue of the Stormwinds,WIND,4,Winged Beast,1000,1000,73356503,effect
6886,Barrier Statue of the Drought,EARTH,4,Rock,1000,1000,19740112,effect
6887,Barrier Statue of the Heavens,LIGHT,4,Fairy,1000,1000,46145256,effect
6888,Vanity's Ruler,LIGHT,8,Fairy,2500,1600,72634965,effect
6889,"Iris, the Earth Mother",LIGHT,6,Fairy,2400,1200,9628664,effect
6890,Lightning Punisher,DARK,7,Thunder,2600,1600,45023678,effect
6891,Queen's Bodyguard,EARTH,4,Warrior,1700,1200,71411377,effect
6892,Combo Fighter,WIND,4,Warrior,1600,800,8806072,effect
6893,Combo Master,WIND,5,Warrior,2200,1500,44800181,effect
6894,Man Beast of Ares,EARTH,3,Beast-Warrior,500,500,71395725,effect
6895,Rampaging Rhynos,EARTH,3,Beast-Warrior,1500,1500,3784434,effect
6896,Storm Shooter,WIND,7,Winged Beast,2300,500,39188539,effect
6897,Alien Infiltrator,EARTH,2,Reptile,800,500,76573247,effect
6920,"Goka, the Pyre of Malice",FIRE,6,Zombie,2200,1900,23116808,effect
6927,Elemental HERO Heat,FIRE,4,Pyro,1600,1200,98266377,effect
6928,Cold Enchanter,WATER,4,Aqua,1600,1200,24661486,effect
6932,Ancient Gear Gadjiltron Dragon,EARTH,8,Machine,3000,2000,50933533,effect
6933,Ancient Gear Gadjiltron Chimera,EARTH,6,Machine,2300,1300,86321248,effect
6934,Boot-Up Soldier - Dread Dynamo,EARTH,4,Machine,0,2000,13316346,effect
6936,Stray Asmodian,FIRE,3,Fiend,1300,1700,86209650,effect
6937,Abaki,FIRE,4,Fiend,1700,1100,12694768,effect
6938,Flame Ogre,FIRE,7,Fiend,2400,1700,58098303,effect
6939,Card Trooper,EARTH,3,Machine,400,400,85087012,effect
6944,Infernal Dragon,DARK,4,Dragon,2000,0,47754278,effect
6949,Destiny HERO - Malicious,DARK,6,Warrior,800,800,9411399,effect
6954,Phantom Beast Cross-Wing,LIGHT,4,Beast-Warrior,1300,1300,71181155,effect
6955,Phantom Beast Wild-Horn,EARTH,4,Beast-Warrior,1700,0,7576264,effect
6956,Phantom Beast Thunder-Pegasus,LIGHT,4,Beast-Warrior,700,2000,34961968,effect
6957,Phantom Beast Rock-Lizard,DARK,7,Beast-Warrior,2200,2000,70969517,effect
6958,Testament of the Arcane Lords,LIGHT,10,Spellcaster,3000,3000,501000004,effect
6960,Gene-Warped Warwolf,EARTH,4,Beast-Warrior,2000,100,69247929,normal
6961,Frostosaurus,WATER,6,Dinosaur,2600,1700,6631034,normal
6962,Spiral Serpent,WATER,8,Sea Serpent,2900,2900,32626733,normal
6963,The Six Samurai - Yariza,EARTH,3,Warrior,1000,500,69025477,effect
6964,The Six Samurai - Zanji,LIGHT,4,Warrior,1800,1300,95519486,effect
6965,The Six Samurai - Nisashi,WIND,4,Warrior,1400,700,31904181,effect
6966,The Six Samurai - Yaichi,WATER,3,Warrior,1300,800,64398890,effect
6967,The Six Samurai - Kamon,FIRE,3,Warrior,1500,1000,90397998,effect
6968,The Six Samurai - Irou,DARK,4,Warrior,1700,1200,27782503,effect
6969,Great Shogun Shien,FIRE,7,Warrior,2500,2400,63176202,effect
6970,Shien's Footsoldier,EARTH,2,Warrior,700,300,99675356,effect
6971,Sage of Silence,LIGHT,4,Spellcaster,1400,1000,26669055,effect
6972,Sage of Stillness,LIGHT,4,Spellcaster,1400,1000,62054060,effect
6973,"Reign-Beaux, Overlord of Dark World",DARK,7,Fiend,2500,1800,99458769,effect
6974,"Kahkki, Guerilla of Dark World",DARK,2,Fiend,300,500,25847467,effect
6975,"Gren, Tactician of Dark World",DARK,2,Fiend,300,500,51232472,effect
6976,Fusion Devourer,DARK,4,Fiend,1400,1200,98336111,effect
6977,Electric Virus,LIGHT,3,Thunder,1000,1000,24725825,effect
6978,Puppet Plant,EARTH,3,Plant,1000,1000,51119924,effect
6979,Marionette Mite,DARK,3,Insect,1000,1000,87514539,effect
6980,D.D. Crow,DARK,1,Winged Beast,100,100,24508238,effect
6981,Raging Earth,EARTH,7,Reptile,2000,1500,50957346,effect
6982,Silent Abyss,WATER,7,Reptile,2000,1500,86442081,effect
6983,Firestorm Prominence,FIRE,7,Reptile,2000,1500,13846680,effect
6984,Destruction Cyclone,WIND,7,Reptile,2000,1500,59235795,effect
6985,Umbral Soul,DARK,7,Reptile,2000,1500,86229493,effect
6986,Radiant Spirit,LIGHT,7,Reptile,2000,1500,12624008,effect
6987,Alien Psychic,DARK,1,Reptile,200,100,58012107,effect
6991,Lycanthrope,EARTH,6,Beast-Warrior,2400,1800,84385264,ritual
6992,Cú Chulainn the Awakened,LIGHT,4,Warrior,500,1000,10789972,ritual
7017,Blizzard Dragon,WATER,4,Dragon,1800,1000,61802346,effect
7018,Metal Shooter,LIGHT,5,Machine,800,800,7200041,effect
7019,Des Mosquito,DARK,3,Insect,500,500,33695750,effect
7024,Elemental HERO Lady Heat,FIRE,4,Pyro,1300,1000,95362816,effect
7025,Ice Master,WATER,8,Spellcaster,2500,2000,32750510,effect
7035,Angel O7,LIGHT,7,Fairy,2500,1500,56784842,effect
7038,Hunter Owl,WIND,4,Winged Beast,1000,900,51962254,effect
7039,Masked Chopper,EARTH,1,Fiend,100,100,87350908,effect
7046,"Neo-Parshath, the Sky Paladin",LIGHT,7,Fairy,2300,2000,12510878,effect
7047,"Meltiel, Sage of the Sky",LIGHT,4,Fairy,1600,1200,49905576,effect
7048,Harvest Angel of Wisdom,LIGHT,4,Fairy,1800,1000,85399281,effect
7049,"Freya, Spirit of Victory",LIGHT,1,Fairy,100,100,12398280,effect
7050,Nova Summoner,LIGHT,4,Fairy,1400,800,48783998,effect
7051,Radiant Jeral,LIGHT,4,Fairy,1000,2000,84177693,effect
7052,Gellenduo,LIGHT,4,Fairy,1700,0,11662742,effect
7056,Carrierroid,WATER,4,Machine,1000,800,46848859,effect
7057,Armoroid,EARTH,8,Machine,2700,2000,73333463,effect
7058,Elemental HERO Voltic,LIGHT,4,Thunder,1000,1500,9327502,effect
7064,Mosaic Manticore,EARTH,8,Beast,2800,2500,8483333,effect
7068,Belial - Marquis of Darkness,DARK,8,Fiend,2800,2400,33655493,effect
7071,Crystal Beast Amethyst Cat,EARTH,3,Beast,1200,400,32933942,effect
7072,Crystal Beast Amber Mammoth,EARTH,4,Beast,1700,1600,69937550,effect
7074,Crystal Beast Ruby Carbuncle,LIGHT,3,Fairy,300,300,32710364,effect
7075,Crystal Beast Emerald Tortoise,WATER,3,Aqua,600,2000,68215963,effect
7076,Crystal Beast Topaz Tiger,EARTH,4,Beast,1600,1000,95600067,effect
7077,Crystal Beast Cobalt Eagle,WIND,4,Winged Beast,1400,800,21698716,effect
7078,Crystal Beast Sapphire Pegasus,WIND,4,Beast,1800,1200,7093411,effect
7082,Volcanic Shell,FIRE,1,Pyro,100,0,33365932,effect
7083,Volcanic Scattershot,FIRE,2,Pyro,500,0,69750546,effect
7085,Volcanic Doomfire,FIRE,8,Pyro,3000,1800,32543380,effect
7091,The Wicked Avatar,DARK,10,Fiend,-1,-1,21208154,effect
7092,The Wicked Eraser,DARK,10,Fiend,-1,-1,57793869,effect
7093,Spell Striker,EARTH,3,Warrior,600,200,93187568,effect
7094,Exploder Dragon,EARTH,3,Dragon,1000,0,20586572,effect
7095,Destiny HERO - Disk Commander,DARK,1,Warrior,300,300,56570271,effect
7096,Destiny HERO - Plasma,DARK,8,Warrior,1900,600,83965310,effect
7099,Angel O1,LIGHT,1,Fairy,200,300,82243738,effect
7102,Volcanic Blaster,FIRE,3,Pyro,1200,600,81020140,effect
7103,Volcanic Slicer,FIRE,4,Pyro,1800,1200,17415895,effect
7104,Volcanic Hammerer,FIRE,5,Pyro,2400,1500,54514594,effect
7105,Elemental HERO Captain Gold,LIGHT,4,Warrior,2100,800,80908502,effect
7106,Gravekeeper's Commandant,EARTH,4,Spellcaster,1600,1500,17393207,effect
7107,Warrior of Atlantis,WATER,4,Aqua,1900,1200,43797906,effect
7108,Destroyersaurus,EARTH,4,Dinosaur,1800,1100,80186010,effect
7109,"Zeradias, Herald of Heaven",LIGHT,4,Fairy,2100,800,12171659,effect
7110,Archfiend General,DARK,4,Fiend,2100,800,48675364,effect
7111,Harpie Queen,WIND,4,Winged Beast,1900,1200,75064463,effect
7112,Sky Scourge Enrise,LIGHT,8,Fairy,2400,1500,11458071,effect
7113,Sky Scourge Norleras,DARK,8,Fiend,2400,1500,48453776,effect
7114,Sky Scourge Invicil,EARTH,6,Fairy,2200,1600,74841885,effect
7115,Goe Goe the Gallant Ninja,WIND,4,Warrior,1500,1000,10236520,effect
7116,"Mei-Kou, Master of Barriers",LIGHT,4,Spellcaster,1700,600,47731128,effect
7117,Raiza the Storm Monarch,WIND,6,Winged Beast,2400,1000,73125233,effect
7118,Seismic Crasher,EARTH,3,Rock,1400,300,114932,effect
7119,Dweller in the Depths,EARTH,3,Dragon,1500,700,46508640,effect
7120,Magna-Slash Dragon,LIGHT,6,Dragon,2400,1200,72903645,effect
7121,Gravi-Crush Dragon,DARK,6,Dragon,2400,1200,9391354,effect
7142,Voltic Kong,LIGHT,4,Beast,1800,1000,93151201,effect
7143,Botanical Lion,EARTH,4,Plant,1600,2000,20546916,effect
7144,Gravity Behemoth,DARK,6,Beast,2300,2000,56931015,effect
7145,Grandmaster of the Six Samurai,EARTH,5,Warrior,2100,800,83039729,effect
7146,"Diabolos, King of the Abyss",DARK,7,Dragon,2800,1000,29424328,effect
7147,"Lich Lord, King of the Underworld",DARK,6,Zombie,2400,1200,55818463,effect
7148,"Prometheus, King of the Shadows",DARK,4,Fiend,1200,800,82213171,effect
7149,Mist Archfiend,DARK,5,Fiend,2400,0,28601770,effect
7150,Plague Wolf,DARK,3,Zombie,1000,1000,55696885,effect
7155,Chrysalis Chicky,WIND,2,Winged Beast,600,400,17363041,effect
7156,Chrysalis Pantail,DARK,2,Beast,800,300,43751755,effect
7157,Chrysalis Pinny,LIGHT,2,Plant,100,700,29246354,effect
7171,Rainbow Dragon,LIGHT,10,Dragon,4000,0,79856792,effect
7172,Chrysalis Larva,FIRE,2,Insect,300,300,16241441,effect
7173,Chrysalis Mole,EARTH,2,Rock,700,100,42239546,effect
7178,Necro Gardna,DARK,3,Warrior,600,1300,4906301,effect
7180,Venom Snake,EARTH,3,Reptile,1200,600,73899015,effect
7181,Venom Boa,EARTH,5,Reptile,1600,1200,9284723,effect
7182,Venom Serpent,DARK,4,Reptile,1000,800,36278828,effect
7183,Vennominon the King of Poisonous Snakes,DARK,8,Reptile,0,0,72677437,effect
7184,Vennominaga the Deity of Poisonous Snakes,DARK,10,Reptile,0,0,8062132,effect
7188,Ritual Raven,DARK,1,Fiend,300,300,34334692,effect
7190,Alien Shocktrooper,EARTH,4,Reptile,1900,800,97127906,normal
7191,Volcanic Rat,FIRE,1,Pyro,500,500,33112041,normal
7192,"Renge, Gatekeeper of Dark World",DARK,4,Fiend,100,2100,60606759,normal
7193,Hunter Dragon,DARK,3,Dragon,1700,100,96005454,normal
7194,Venom Cobra,EARTH,4,Reptile,100,2000,22499463,normal
7195,Elemental HERO Neos Alius,LIGHT,4,Warrior,1900,1300,69884162,effect
7196,Chthonian Emperor Dragon,FIRE,6,Dragon,2400,1500,95888876,effect
7197,Aquarian Alessa,WATER,4,Aqua,1500,500,22377815,effect
7198,Lucky Pied Piper,WIND,4,Fairy,1500,500,68762510,effect
7199,Grasschopper,EARTH,5,Insect,2350,1000,95166228,effect
7200,Goggle Golem,EARTH,4,Rock,1500,500,21155323,effect
7201,Dawnbreak Gardna,LIGHT,3,Warrior,1500,500,57549932,effect
7202,Doom Shaman,DARK,6,Spellcaster,2400,2000,94944637,effect
7203,King Pyron,FIRE,5,Pyro,1500,500,20438745,effect
7204,Shadow Delver,DARK,4,Fiend,1500,500,57827484,effect
7205,Flint Lock,LIGHT,4,Machine,1500,800,83812099,effect
7206,Gravitic Orb,DARK,3,Fiend,1100,700,29216198,effect
7207,Phantom Cricket,EARTH,2,Insect,300,1000,56605802,effect
7208,Crystal Seer,WATER,1,Spellcaster,100,100,82099401,effect
7209,Neo Space Pathfinder,LIGHT,4,Warrior,1800,800,19594506,effect
7210,Frost and Flame Dragon,WATER,6,Dragon,2300,2000,55589254,effect
7211,Desert Twister,WIND,6,Fiend,2300,2000,81977953,effect
7212,Razor Lizard,EARTH,3,Reptile,1500,300,18372968,effect
7213,Light Effigy,LIGHT,4,Fairy,1500,0,54766667,effect
7214,Dark Effigy,DARK,4,Fiend,1500,0,81755371,effect
7215,Zombie Master,DARK,4,Zombie,1800,0,17259470,effect
7237,Motor Shell,DARK,4,Machine,1300,1800,78394032,effect
7240,Motor Frenzy,DARK,6,Machine,2100,1200,77672444,effect
7243,Volcanic Rocket,FIRE,4,Pyro,1900,1400,76459806,effect
7244,Felgrand Dragon,LIGHT,8,Dragon,2800,2800,3954901,effect
7245,Darkblaze Dragon,FIRE,7,Dragon,1200,1000,39343610,effect
7246,Herald of Creation,LIGHT,4,Spellcaster,1800,600,66337215,effect
7247,Decoy Dragon,FIRE,2,Dragon,300,200,2732323,effect
7249,Motor Kaiser,DARK,5,Machine,2000,1400,65515667,effect
7251,The Big Saturn,DARK,8,Machine,2800,2200,34004470,effect
7258,Evil HERO Malicious Edge,EARTH,7,Fiend,2600,1800,58554959,effect
7259,Evil HERO Infernal Gainer,EARTH,4,Fiend,1600,0,95943058,effect
7264,Cloudian - Eye of the Typhoon,WIND,8,Aqua,3000,1000,57610714,effect
7265,Cloudian - Ghost Fog,WATER,1,Fiend,0,0,83604828,effect
7266,Cloudian - Nimbusman,WATER,5,Fairy,1000,1000,20003527,effect
7267,Cloudian - Sheep Cloud,WATER,1,Fairy,0,0,56597272,effect
7268,Cloudian - Poison Cloud,WATER,3,Fiend,0,1000,83982270,effect
7276,Chamberlain of the Six Samurai,EARTH,3,Warrior,200,2000,44430454,normal
7277,Cloudian - Smoke Ball,WATER,1,Fairy,200,600,80825553,normal
7278,Cloudian - Acid Cloud,WATER,4,Fairy,500,0,17810268,effect
7279,Cloudian - Cirrostratus,WATER,4,Fairy,900,0,43318266,effect
7280,Cloudian - Altus,WATER,4,Fairy,1300,0,79703905,effect
7281,Cloudian - Turbulence,WATER,4,Fairy,800,0,16197610,effect
7282,Gladiator Beast Alexander,LIGHT,6,Beast,2400,600,42592719,effect
7283,Gladiator Beast Spartacus,EARTH,5,Dinosaur,2200,1600,79580323,effect
7284,Gladiator Beast Murmillo,WATER,3,Fish,800,400,5975022,effect
7285,Gladiator Beast Bestiari,WIND,4,Winged Beast,1500,800,41470137,effect
7286,Gladiator Beast Laquari,FIRE,4,Beast-Warrior,1800,400,78868776,effect
7287,Gladiator Beast Hoplomus,EARTH,4,Rock,700,2100,4253484,effect
7288,Gladiator Beast Dimacari,EARTH,4,Beast,1600,1200,31247589,effect
7289,Gladiator Beast Secutor,WIND,4,Reptile,400,300,77642288,effect
7290,Test Ape,EARTH,2,Beast,700,300,3030892,effect
7291,Witch Doctor of Sparta,EARTH,4,Spellcaster,400,2000,30525991,effect
7292,Infinity Dark,DARK,4,Fiend,1500,1200,76520646,effect
7293,Magical Reflect Slime,WATER,3,Aqua,700,1200,3918345,effect
7294,Ancient Gear Knight,EARTH,4,Machine,1800,500,39303359,effect
7295,Goblin Black Ops,DARK,4,Beast-Warrior,1300,0,66707058,effect
7296,Gambler of Legend,DARK,4,Spellcaster,500,1400,2196767,effect
7297,"Enishi, Shien's Chancellor",LIGHT,6,Warrior,2200,1200,38280762,effect
7298,Spirit of the Six Samurai,EARTH,3,Warrior,500,500,65685470,effect
7299,Alien Telepath,FIRE,4,Reptile,1600,1000,91070115,effect
7300,Alien Hypno,WATER,4,Reptile,1600,700,38468214,effect
7331,Fiendish Engine Ω,DARK,8,Machine,2800,2000,82556058,effect
7332,Gemini Summoner,WATER,4,Spellcaster,1500,0,19041767,effect
7333,Ocean's Keeper,WATER,3,Fish,1500,1200,45045866,effect
7334,Thousand-Eyes Jellyfish,WATER,5,Fish,300,2100,81434470,effect
7335,Cranium Fish,WATER,6,Fish,2400,1000,18828179,effect
7336,Abyssal Kingshark,WATER,4,Fish,1700,600,44223284,effect
7337,Mormolith,EARTH,4,Rock,1000,900,71717923,effect
7338,Fossil Tusker,EARTH,4,Rock,1800,0,17706537,effect
7339,Phantom Dragonray Bronto,WATER,4,Fish,1500,1000,43191636,effect
7340,Il Blud,DARK,6,Zombie,2100,800,70595331,effect
7341,Blazewing Butterfly,FIRE,4,Insect,1500,1500,16984449,effect
7343,White Night Dragon,WATER,8,Dragon,3000,2500,79473793,effect
7344,Arcana Force EX - The Light Ruler,LIGHT,10,Fairy,4000,4000,5861892,effect
7345,Card Blocker,EARTH,3,Warrior,400,400,42256406,effect
7346,Beast King Barbaros,EARTH,8,Beast-Warrior,3000,1200,78651105,effect
7347,Splendid Venus,LIGHT,8,Fairy,2800,2400,5645210,effect
7348,Mad Reloader,DARK,1,Fiend,0,0,31034919,effect
7351,Phantom of Chaos,DARK,4,Fiend,0,0,30312361,effect
7352,Darklord Nurse Reficule,DARK,4,Fairy,1400,600,67316075,effect
7358,Shutendoji,EARTH,4,Zombie,1500,800,65422840,effect
7359,Mezuki,EARTH,4,Zombie,1700,800,92826944,effect
7363,Nine-Tailed Fox,FIRE,6,Zombie,2200,2000,27198001,effect
7364,Wish Dragon,LIGHT,2,Dragon,700,100,64583600,effect
7365,Gladiator Beast Andal,EARTH,4,Beast-Warrior,1900,1500,90582719,normal
7366,Atlantean Pikeman,WATER,2,Sea Serpent,1400,0,26976414,normal
7367,Earth Effigy,EARTH,4,Rock,100,2000,53461122,effect
7368,Wind Effigy,WIND,4,Winged Beast,1800,200,99865167,effect
7369,Gemini Lancer,WATER,4,Sea Serpent,1800,1400,26254876,effect
7370,Imprisoned Queen Archfiend,DARK,8,Fiend,2600,1700,52248570,effect
7374,"Chimaera, the Master of Beasts",LIGHT,9,Beast,3000,3000,501000006,effect
7375,Emperor of Lightning,LIGHT,8,Thunder,2600,2600,501000007,effect
7376,Evil HERO Infernal Prodigy,DARK,2,Fiend,300,600,50304345,effect
7377,Armor Breaker,EARTH,3,Warrior,800,800,87798440,effect
7384,Phantom Skyblaster,DARK,4,Fiend,1100,800,12958919,effect
7385,Grave Squirmer,DARK,1,Fiend,0,0,48343627,effect
7386,Grinder Golem,DARK,8,Fiend,3000,300,75732622,effect
7392,Exodius the Ultimate Forbidden Lord,DARK,10,Spellcaster,-1,0,13893596,effect
7397,Thunder King Rai-Oh,LIGHT,4,Thunder,1900,800,71564252,effect
7398,Deep Diver,WATER,3,Aqua,1000,1100,17559367,effect
7401,Vortex Trooper,WIND,3,Aqua,0,600,7736719,effect
7404,Fog King,WATER,7,Spellcaster,0,0,6614221,effect
7405,Fossil Dyna Pachycephalo,EARTH,4,Rock,1200,1300,42009836,effect
7406,Rainbow Dark Dragon,DARK,10,Dragon,4000,0,79407975,effect
7407,Samsara Lotus,DARK,1,Plant,0,0,5592689,effect
7408,Regenerating Rose,DARK,7,Plant,0,1500,31986288,effect
7409,Yubel,DARK,10,Fiend,0,0,78371393,effect
7410,Yubel - Terror Incarnate,DARK,11,Fiend,0,0,4779091,effect
7411,Yubel - The Ultimate Nightmare,DARK,12,Fiend,0,0,31764700,effect
7412,Armored Cybern,WIND,4,Machine,0,2000,67159705,effect
7413,Cyber Valley,LIGHT,1,Machine,0,0,3657444,effect
7414,Cyber Ouroboros,DARK,2,Machine,100,600,30042158,effect
7415,Volcanic Counter,FIRE,3,Pyro,300,1300,66436257,effect
7416,Destiny HERO - Dunker,DARK,4,Warrior,1200,1700,93431862,effect
7417,Destiny HERO - Departed,DARK,2,Warrior,1000,0,39829561,effect
7418,Dark Horus,DARK,8,Dragon,3000,1800,66214679,effect
7419,The Dark Creator,DARK,8,Thunder,2300,3000,92719314,effect
7420,Dark Nephthys,DARK,8,Winged Beast,2400,1600,38107923,effect
7421,Dark Armed Dragon,DARK,7,Dragon,2800,1000,65192027,effect
7422,Dark Crusader,DARK,4,Warrior,1600,200,91596726,effect
7423,Armageddon Knight,DARK,4,Warrior,1400,1200,28985331,effect
7424,Doomsday Horror,DARK,4,Fiend,-1,-1,64379430,effect
7425,Obsidian Dragon,DARK,4,Rock,800,2100,90464188,effect
7426,Shadowpriestess of Ohm,DARK,4,Spellcaster,1700,1600,27869883,effect
7427,Gigaplant,EARTH,6,Plant,2400,1200,53257892,effect
7428,Future Samurai,LIGHT,4,Warrior,1600,1200,90642597,effect
7429,Vengeful Shinobi,DARK,2,Warrior,400,800,26046205,effect
7430,The Immortal Bushi,DARK,3,Warrior,1200,600,52035300,effect
7431,Field-Commander Rahz,EARTH,4,Warrior,1600,1200,89529919,effect
7432,Gladiator Beast Darius,EARTH,4,Beast-Warrior,1700,300,25924653,effect
7433,Black Veloci,EARTH,4,Dinosaur,1800,300,52319752,effect
7434,Superancient Deepsea King Coelacanth,WATER,7,Fish,2800,2200,88307361,effect
7435,Cannon Soldier MK-2,EARTH,5,Machine,1900,1200,14702066,effect
7436,The Calculator,LIGHT,2,Thunder,-1,0,51196174,effect
7437,Sea Koala,EARTH,2,Beast,100,1600,87685879,effect
7438,Blue Thunder T-45,LIGHT,4,Machine,1700,1000,14089428,effect
7439,Magnetic Mosquito,LIGHT,3,Insect,300,1000,50074522,effect
7440,Black Mamba,DARK,3,Reptile,1300,1000,86469231,effect
7480,Gladiator Beast Octavius,LIGHT,7,Winged Beast,2500,1200,29590752,effect
7481,Gladiator Beast Torax,WATER,3,Fish,1400,400,65984457,effect
7482,Test Tiger,EARTH,3,Beast,600,300,92373006,effect
7484,Dragon Ice,WATER,5,Dragon,1800,2200,64262809,effect
7485,Tongue Twister,DARK,6,Fiend,400,300,91250514,effect
7486,Skreech,WATER,4,Reptile,1500,400,27655513,effect
7487,Royal Firestorm Guards,FIRE,4,Pyro,1700,1200,54040221,effect
7490,Fire Trooper,FIRE,3,Warrior,1000,1000,53927679,effect
7491,Elemental HERO Prisma,LIGHT,4,Warrior,1700,1100,89312388,effect
7492,Card Ejector,EARTH,3,Spellcaster,400,400,26701483,effect
7498,Ice Queen,WATER,8,Spellcaster,2900,2100,14462257,effect
7504,Cassimolar,DARK,3,Fiend,1000,1200,12527118,effect
7505,Leraje the God of Archery,DARK,4,Fiend,1800,1600,49922726,effect
7506,Votis,DARK,4,Fiend,1700,1900,75311421,effect
7511,"Urubonus, the Avatar of Malice",DARK,5,Reptile,2000,800,47077697,effect
7514,Gaap the Divine Soldier,DARK,6,Fiend,2200,2000,37955049,effect
7516,Caius the Shadow Monarch,DARK,6,Fiend,2400,1000,9748752,effect
7517,Dimensional Alchemist,LIGHT,4,Fairy,1300,200,36733451,effect
7518,Samsara Kaiser,EARTH,2,Warrior,200,100,72237166,effect
7522,Evil Dragon Ananta,DARK,8,Reptile,-1,-1,8400623,effect
7526,Winged Kuriboh LV9,LIGHT,9,Fairy,-1,-1,33776734,effect
7527,"Blizzed, Defender of the Ice Barrier",WATER,1,Aqua,300,500,60161788,effect
7528,Blizzard Warrior,WATER,3,Warrior,1400,400,96565487,effect
7529,Cryomancer of the Ice Barrier,WATER,2,Aqua,1300,0,23950192,effect
7530,Mist Valley Thunderbird,WIND,3,Thunder,1100,700,69448290,effect
7531,Mist Valley Shaman,WIND,3,Winged Beast,1200,1200,95443805,effect
7532,Mist Valley Soldier,WIND,4,Winged Beast,1700,300,22837504,effect
7533,Flamvell Dragnov,FIRE,2,Dragon,1100,200,68226653,effect
7534,Flamvell Magician,FIRE,4,Spellcaster,1400,200,95621257,effect
7535,Flamvell Guard,FIRE,1,Dragon,100,2000,21615956,normal
7536,X-Saber Axel,EARTH,1,Beast-Warrior,400,100,53100061,effect
7537,X-Saber Airbellum,EARTH,3,Beast,1600,200,90508760,effect
7538,X-Saber Uruz,EARTH,4,Beast-Warrior,1600,1000,26993374,effect
7539,"Commander Gottoms, Swordmaster",EARTH,6,Beast-Warrior,2100,1600,53388413,effect
7540,Ally of Justice Clausolas,DARK,6,Machine,2300,1200,89386122,normal
7541,Ally of Justice Garadholg,DARK,4,Machine,1600,400,25771826,effect
7542,Ally of Justice Rudra,DARK,5,Machine,1900,1200,52265835,effect
7543,Worm Apocalypse,LIGHT,1,Reptile,300,200,88650530,effect
7544,Worm Barses,LIGHT,3,Reptile,1400,1500,15658249,effect
7545,Worm Cartaros,LIGHT,4,Reptile,1200,500,51043243,effect
7546,Worm Dimikles,LIGHT,4,Reptile,1700,1400,88438982,effect
7547,Worm Erokin,LIGHT,6,Reptile,2400,1200,14936691,effect
7557,Red-Eyes Darkness Metal Dragon,DARK,10,Dragon,2800,2400,88264978,effect
7558,Gaia Plate the Earth Giant,EARTH,8,Rock,2800,1000,14258627,effect
7559,Sauropod Brachion,EARTH,8,Dinosaur,1500,3000,41753322,effect
7560,"Tethys, Goddess of Light",LIGHT,5,Fairy,2400,1800,87148330,effect
7561,Dark Grepher,DARK,4,Warrior,1700,1600,14536035,effect
7562,Darklord Zerato,DARK,8,Fairy,2800,2300,40921744,effect
7563,Darknight Parshath,DARK,5,Fairy,1900,1400,76925842,effect
7564,Deepsea Macrotrema,WATER,1,Fish,600,100,13314457,effect
7565,Metabo Globster,DARK,3,Fiend,800,300,49808196,effect
7566,Golden Flying Fish,LIGHT,4,Fish,1700,1000,76203291,effect
7567,Prime Material Dragon,LIGHT,6,Dragon,2400,2000,12298909,effect
7568,Lonefire Blossom,FIRE,3,Plant,500,1400,48686504,effect
7569,"Aztekipede, the Worm Warrior",EARTH,4,Insect,1900,400,75081613,effect
7571,Athena,LIGHT,7,Fairy,2600,800,48964966,effect
7572,Hecatrice,LIGHT,4,Fairy,1500,1100,74968065,effect
7574,Honest,LIGHT,4,Fairy,1100,1900,37742478,effect
7575,Cross Porter,DARK,2,Warrior,400,400,73146473,effect
7576,Miracle Flipper,LIGHT,2,Spellcaster,300,500,131182,effect
7577,Destiny HERO - Dread Servant,DARK,3,Warrior,400,700,36625827,effect
7578,Volcanic Queen,FIRE,6,Pyro,2500,1200,63014935,effect
7579,Jinzo - Returner,DARK,3,Machine,600,1400,9418534,effect
7580,Jinzo - Lord,DARK,8,Machine,2600,1600,35803249,effect
7581,Arcana Force 0 - The Fool,LIGHT,1,Fairy,0,0,62892347,effect
7582,Arcana Force I - The Magician,LIGHT,4,Fairy,1100,1100,8396952,effect
7583,Arcana Force III - The Empress,LIGHT,4,Fairy,1300,1300,35781051,effect
7584,Arcana Force IV - The Emperor,LIGHT,4,Fairy,1400,1400,61175706,effect
7585,Arcana Force VI - The Lovers,LIGHT,4,Fairy,1600,1600,97574404,effect
7586,Arcana Force VII - The Chariot,LIGHT,4,Fairy,1700,1700,34568403,effect
7587,Arcana Force XIV - Temperance,LIGHT,6,Fairy,2400,2400,60953118,effect
7588,Arcana Force XVIII - The Moon,LIGHT,7,Fairy,2800,2800,97452817,effect
7589,Arcana Force XXI - The World,LIGHT,8,Fairy,3100,3100,23846921,effect
7590,Arcana Force EX - The Dark Ruler,LIGHT,10,Fairy,4000,4000,69831560,effect
7591,"Jain, Lightsworn Paladin",LIGHT,4,Warrior,1800,1200,96235275,effect
7592,"Lyla, Lightsworn Sorceress",LIGHT,4,Spellcaster,1700,200,22624373,effect
7593,"Garoth, Lightsworn Warrior",LIGHT,4,Warrior,1850,1300,59019082,effect
7594,"Lumina, Lightsworn Summoner",LIGHT,3,Spellcaster,1000,1000,95503687,effect
7595,"Ryko, Lightsworn Hunter",LIGHT,2,Beast,200,100,21502796,effect
7596,"Wulf, Lightsworn Beast",LIGHT,4,Beast-Warrior,2100,300,58996430,effect
7597,"Celestia, Lightsworn Angel",LIGHT,5,Fairy,2300,200,94381039,effect
7598,"Gragonith, Lightsworn Dragon",LIGHT,6,Dragon,2000,1600,21785144,effect
7599,Judgment Dragon,LIGHT,8,Dragon,3000,2600,57774843,effect
7600,Dark Valkyria,DARK,4,Fairy,1800,1050,83269557,effect
7601,Substitoad,WATER,1,Aqua,100,2000,20663556,effect
7602,Unifrog,WATER,2,Aqua,400,400,56052205,effect
7603,Batteryman Charger,LIGHT,5,Thunder,1800,1200,83446909,effect
7604,Batteryman Industrial Strength,LIGHT,8,Thunder,2600,0,19441018,effect
7605,Batteryman Micro-Cell,LIGHT,1,Thunder,100,100,56839613,effect
7606,Goblin Recon Squad,WIND,4,Warrior,1700,0,82324312,effect
7607,"Interplanetary Invader ""A""",LIGHT,1,Reptile,0,500,14729426,effect
7608,Diskblade Rider,WIND,4,Fiend,1700,1500,41113025,effect
7609,Golden Ladybug,LIGHT,1,Insect,0,0,87102774,effect
7610,DUCKER Mobile Cannon,LIGHT,3,Machine,500,500,14506878,effect
7611,The Lady in Wight,DARK,3,Zombie,0,2200,40991587,effect
7612,"Simorgh, Bird of Ancestry",WIND,8,Winged Beast,2900,2000,86489182,effect
7613,Cloudian - Storm Dragon,WATER,4,Fairy,1000,0,13474291,effect
7614,Phantom Dragon,LIGHT,8,Dragon,2300,2200,49879995,effect
7654,Onmoraki,EARTH,4,Zombie,1200,1000,95990456,effect
7658,Emperor Sem,LIGHT,4,Fiend,1300,2200,21672573,effect
7659,Kuraz the Light Monarch,LIGHT,6,Warrior,2400,1000,57666212,effect
7660,Maiden of Macabre,DARK,4,Spellcaster,1700,0,84055227,effect
7661,Hanewata,LIGHT,1,Fairy,200,300,20450925,effect
7662,Nimble Musasabi,EARTH,2,Beast,800,100,57844634,effect
7663,Oyster Meister,WATER,3,Fish,1600,200,83239739,effect
7664,Dharc the Dark Charmer,DARK,3,Spellcaster,500,1500,19327348,effect
7666,Gigantic Cephalotus,EARTH,4,Plant,1850,700,82116191,effect
7667,Nettles,EARTH,2,Plant,1200,400,19505896,effect
7669,Horseytail,WIND,2,Plant,400,500,82994509,effect
7670,Cursed Fig,WATER,1,Plant,200,200,18489208,effect
7673,Herald of Orange Light,LIGHT,2,Fairy,300,500,17266660,effect
7674,Herald of Perfection,LIGHT,6,Fairy,1800,2800,44665365,ritual
7675,Twin-Barrel Dragon,DARK,4,Machine,1700,200,70050374,effect
7676,Izanagi,WIND,6,Fairy,2200,1000,6544078,effect
7677,Izanami,WATER,4,Fairy,1100,1800,43543777,effect
7678,B.E.S. Big Core MK-2,FIRE,6,Machine,2400,1100,75937826,effect
7684,Tune Warrior,EARTH,3,Warrior,1600,200,74093656,normal
7685,Water Spirit,WATER,1,Aqua,400,1200,487395,normal
7686,Sonic Chick,EARTH,1,Winged Beast,300,300,36472900,effect
7687,Junk Synchron,DARK,3,Warrior,1300,500,63977008,effect
7688,Speed Warrior,WIND,2,Warrior,900,400,9365703,effect
7689,Magna Drago,FIRE,2,Dragon,1400,600,36750412,effect
7690,Frequency Magician,LIGHT,2,Spellcaster,800,400,62154416,effect
7699,Turbo Booster,EARTH,1,Machine,0,0,60187739,effect
7700,Nitro Synchron,FIRE,2,Machine,300,100,96182448,effect
7701,Quillbolt Hedgehog,EARTH,2,Machine,800,800,23571046,effect
7702,Ghost Gardna,DARK,4,Warrior,0,1900,59965151,effect
7703,Shield Warrior,EARTH,3,Warrior,800,1600,95360850,effect
7704,Small Piece Golem,EARTH,3,Rock,1100,0,22754505,effect
7705,Medium Piece Golem,EARTH,4,Rock,1600,0,58843503,effect
7706,Big Piece Golem,EARTH,5,Rock,2100,0,25247218,effect
7707,Sinister Sprocket,DARK,1,Fiend,400,0,61632317,effect
7708,Dark Resonator,DARK,3,Fiend,1300,300,97021916,effect
7709,Twin-Shield Defender,EARTH,4,Warrior,700,1600,24025620,effect
7710,Jutte Fighter,EARTH,2,Warrior,700,900,60410769,effect
7711,Handcuffs Dragon,WIND,5,Dragon,1800,1800,97904474,effect
7712,Montage Dragon,EARTH,8,Dragon,-1,0,23303072,effect
7713,Gonogo,EARTH,3,Rock,1350,1600,59797187,effect
7714,Mind Master,LIGHT,1,Psychic,100,200,96782886,effect
7715,Doctor Cranium,EARTH,1,Psychic,100,100,22171591,effect
7716,Krebons,DARK,2,Psychic,1200,400,59575539,effect
7717,Mind Protector,LIGHT,3,Psychic,0,2200,85060248,effect
7718,Psychic Commander,EARTH,3,Psychic,1400,800,21454943,effect
7719,Psychic Snail,EARTH,4,Psychic,1900,1200,58453942,effect
7720,Telekinetic Shocker,EARTH,4,Psychic,1700,700,84847656,effect
7721,Destructotron,EARTH,4,Psychic,1600,400,11232355,effect
7722,Gladiator Beast Equeste,WIND,4,Winged Beast,1600,1200,57731460,effect
7723,"Jenis, Lightsworn Mender",LIGHT,4,Spellcaster,300,2100,83725008,effect
7724,Mecha Bunny,EARTH,2,Machine,800,100,10110717,effect
7725,Kunoichi,WIND,4,Warrior,1800,1000,56514812,effect
7726,Beast of the Pharaoh,EARTH,3,Zombie,400,600,83903521,effect
7727,Dark Hunter,DARK,4,Fiend,1600,400,19357125,effect
7728,Kinka-byo,DARK,1,Beast,400,200,45452224,effect
7729,Yamato-no-Kami,DARK,6,Warrior,2200,1200,82841979,effect
7730,Silent Strider,EARTH,2,Insect,300,700,18235577,effect
7731,Noisy Gnat,EARTH,2,Insect,700,300,45620686,effect
7760,Machine Lord Ür,EARTH,4,Machine,1600,1500,96938777,effect
7770,Dark Simorgh,DARK,7,Winged Beast,2700,1000,11366199,effect
7782,"Alector, Sovereign of Birds",WIND,6,Winged Beast,2400,2000,17573739,effect
7788,Dupe Frog,WATER,2,Aqua,100,2000,46239604,effect
7790,Beast Machine King Barbaros Ür,EARTH,8,Beast-Warrior,3800,1200,19028307,effect
7795,Guardian of Order,LIGHT,8,Warrior,2500,1200,71799173,effect
7796,"Aurkus, Lightsworn Druid",LIGHT,3,Beast-Warrior,1200,1800,7183277,effect
7797,"Ehren, Lightsworn Monk",LIGHT,4,Warrior,1600,1000,44178886,effect
7798,Dark General Freed,DARK,5,Warrior,2300,1700,70676581,effect
7799,Magical Exemplar,EARTH,4,Spellcaster,1700,1400,6061630,effect
7800,Maniacal Servant,DARK,3,Spellcaster,600,1000,33455338,effect
7801,Flame Spirit Ignis,FIRE,4,Pyro,1500,1200,79444933,effect
7802,Super-Ancient Dinobeast,EARTH,8,Dinosaur,2700,1400,6849042,effect
7804,Red Ogre,EARTH,7,Zombie,2800,2100,68722455,effect
7805,Neos Wiseman,LIGHT,10,Spellcaster,3000,3000,5126490,effect
7807,Genex Controller,DARK,3,Machine,1400,1200,68505803,normal
7808,Genex Undine,WATER,3,Aqua,1200,600,4904812,effect
7809,Genex Power Planner,LIGHT,1,Spellcaster,300,200,30399511,effect
7810,Genex Searcher,EARTH,4,Machine,1600,400,67483216,effect
7811,Genex Worker,WIND,3,Machine,1200,1200,93882364,effect
7812,Reese the Ice Mistress,WATER,2,Sea Serpent,800,800,30276969,effect
7813,Royal Knight of the Ice Barrier,WATER,5,Warrior,2000,2000,66661678,effect
7814,Numbing Grub in the Ice Barrier,WATER,4,Insect,1300,1800,92065772,effect
7815,Mist Valley Watcher,WIND,4,Spellcaster,1500,1900,29054481,normal
7816,Mist Condor,WIND,4,Winged Beast,1400,400,65549080,effect
7817,Mist Valley Windmaster,WIND,2,Winged Beast,400,800,92933195,effect
7818,Flamvell Poun,FIRE,1,Pyro,200,200,28332833,effect
7819,Flamvell Archer,FIRE,3,Pyro,1000,200,54326448,effect
7820,Flamvell Fiend,FIRE,5,Fiend,2100,1200,91711547,effect
7821,X-Saber Anu Piranha,EARTH,4,Warrior,1800,1100,23115241,normal
7822,X-Saber Galahad,EARTH,4,Warrior,1800,800,50604950,effect
7823,X-Saber Palomuro,EARTH,1,Reptile,200,300,96099959,effect
7824,X-Saber Pashuul,EARTH,2,Warrior,100,0,23093604,effect
7825,Ally Salvo,DARK,2,Machine,400,300,59482302,effect
7826,Ally of Justice Thousand Arms,DARK,4,Machine,1700,0,85876417,effect
7827,Ally of Justice Unknown Crusher,DARK,3,Machine,1200,800,22371016,effect
7828,Worm Falco,LIGHT,2,Reptile,500,800,58760121,effect
7829,Worm Gulse,LIGHT,4,Reptile,1500,300,85754829,effect
7830,Worm Hope,LIGHT,1,Reptile,800,1500,11159464,effect
7831,Worm Illidan,LIGHT,5,Reptile,2000,1800,57543573,effect
7832,Worm Jetelikpse,LIGHT,3,Reptile,1200,0,84932271,effect
7833,Worm King,LIGHT,8,Reptile,2700,1100,10026986,effect
7837,Chaos-End Master,LIGHT,3,Warrior,1500,1000,46609443,effect
7838,Sphere of Chaos,DARK,5,Machine,1600,0,82693042,effect
7839,Genex Neutron,LIGHT,4,Machine,1800,1200,19182751,effect
7840,Ally of Justice Cyclone Creator,DARK,3,Machine,1400,1200,45586855,effect
7841,Road Synchron,LIGHT,4,Machine,1600,800,71971554,effect
7842,Goblin Decoy Squad,DARK,4,Warrior,1000,0,18960169,effect
7843,Jade Knight,LIGHT,4,Machine,1000,1800,44364207,effect
7844,Tree Otter,WATER,2,Beast,1200,100,71759912,effect
7846,Zombie Mammoth,EARTH,4,Zombie,1900,0,43642620,effect
7849,Plaguespreader Zombie,DARK,2,Zombie,400,200,33420078,effect
7850,The White Stone of Legend,LIGHT,1,Dragon,300,250,79814787,effect
7852,Cyber Shark,WATER,5,Fish,2100,2000,32393580,effect
7853,Hand of the Six Samurai,FIRE,3,Warrior,1600,1000,78792195,effect
7854,Red-Eyes Zombie Dragon,DARK,7,Zombie,2400,2000,5186893,effect
7855,Malevolent Mech - Goku En,LIGHT,6,Zombie,2400,1400,31571902,effect
7856,Paladin of the Cursed Dragon,LIGHT,4,Zombie,1900,1200,68670547,effect
7865,Counselor Lily,EARTH,3,Fairy,400,1500,5519829,effect
7866,Grapple Blocker,EARTH,4,Psychic,1200,2000,32907538,effect
7869,Healing Wave Generator,LIGHT,4,Machine,800,1600,31281980,effect
7870,Turbo Synchron,WIND,1,Machine,100,500,67270095,effect
7871,Mad Archfiend,DARK,4,Fiend,1800,0,94664694,effect
7872,Wall of Ivy,EARTH,2,Plant,300,1200,30069398,effect
7873,Copy Plant,WIND,1,Plant,0,0,66457407,effect
7874,Morphtronic Celfon,EARTH,1,Machine,100,100,93542102,effect
7875,Morphtronic Magnen,EARTH,3,Thunder,800,800,29947751,effect
7876,Morphtronic Datatron,FIRE,3,Pyro,1200,600,66331855,effect
7877,Morphtronic Boomboxen,EARTH,4,Machine,1200,400,92720564,effect
7878,Morphtronic Cameran,LIGHT,2,Machine,800,600,28124263,effect
7879,Morphtronic Radion,LIGHT,4,Thunder,1000,900,55119278,effect
7880,Morphtronic Clocken,EARTH,2,Machine,600,1100,91607976,effect
7881,Gadget Hauler,EARTH,6,Machine,1300,0,28002611,effect
7882,Gadget Driver,EARTH,1,Machine,200,200,54497620,effect
7883,Search Striker,WIND,4,Warrior,1600,1200,80885324,effect
7884,Pursuit Chaser,EARTH,3,Machine,1400,600,27870033,effect
7885,Iron Chain Repairman,EARTH,4,Warrior,1600,1200,53274132,effect
7886,Iron Chain Snake,EARTH,3,Reptile,800,1200,80769747,effect
7887,Iron Chain Blaster,EARTH,2,Warrior,1100,0,26157485,effect
7888,Iron Chain Coil,EARTH,3,Machine,1100,1600,53152590,effect
7889,Power Injector,EARTH,4,Psychic,1300,1400,89547299,effect
7890,Storm Caller,WIND,6,Psychic,2300,2000,15935204,effect
7891,Psychic Jumper,EARTH,2,Psychic,100,1500,52430902,effect
7892,Botanical Girl,WATER,3,Plant,1300,1100,84824601,effect
7893,"Tytannial, Princess of Camellias",WIND,8,Plant,2800,2600,11819616,effect
7894,Fabled Raven,LIGHT,2,Fiend,1300,1000,47217354,effect
7895,Comrade Swordsman of Landstar,EARTH,3,Warrior,500,1200,83602069,effect
7896,Tiger Dragon,EARTH,6,Dragon,2400,1800,10097168,effect
7937,Kasha,EARTH,8,Zombie,-1,1000,52512994,effect
7943,Flip Flop Frog,WATER,2,Aqua,500,200,81278754,effect
7944,Naturia Beetle,EARTH,4,Insect,400,1800,27762803,effect
7945,Naturia Rock,EARTH,3,Rock,1200,1200,54161401,effect
7946,Naturia Guardian,EARTH,4,Plant,1600,400,80555116,effect
7947,Naturia Vein,EARTH,1,Plant,200,300,16940215,effect
7948,Genex Furnace,FIRE,5,Pyro,2000,1300,53944920,effect
7949,Genex Gaia,EARTH,3,Rock,1000,1900,89333528,effect
7950,Genex Spare,DARK,3,Machine,800,1200,16828633,effect
7951,Genex Turbine,EARTH,4,Machine,1400,1300,52222372,effect
7952,Genex Doctor,DARK,3,Spellcaster,1500,1000,89211486,effect
7953,Genex Solar,LIGHT,7,Machine,2500,1500,15605085,effect
7954,Dai-sojo of the Ice Barrier,WATER,6,Spellcaster,1600,2200,41090784,effect
7955,Medium of the Ice Barrier,WATER,7,Spellcaster,2200,1600,88494899,effect
7956,Mist Valley Baby Roc,WIND,2,Winged Beast,400,600,14983497,effect
7957,Mist Valley Executor,WIND,5,Thunder,2100,1600,41978142,effect
7958,Flamvell Grunika,FIRE,4,Dragon,1700,200,77372241,effect
7959,Flamvell Baby,FIRE,1,Pyro,800,200,13761956,effect
7960,Ally Mind,DARK,5,Machine,1800,1400,40155554,normal
7961,Ally of Justice Nullfier,DARK,4,Machine,1600,1200,76650663,effect
7962,Ally of Justice Searcher,DARK,3,Machine,1400,100,3648368,effect
7963,Ally of Justice Enemy Catcher,DARK,6,Machine,1800,1800,45033006,effect
7964,Ally of Justice Thunder Armor,DARK,8,Machine,2700,2200,71438011,effect
7965,Ally of Justice Cosmic Gateway,DARK,8,Machine,2400,1200,8822710,effect
7966,Worm Linx,LIGHT,2,Reptile,300,1000,44811425,effect
7967,Worm Millidith,LIGHT,4,Reptile,400,1600,71315423,effect
7968,Worm Noble,LIGHT,6,Reptile,1500,2400,7700132,effect
7978,Genesis Dragon,LIGHT,6,Dragon,2200,1800,31038159,effect
7981,Gallis the Star Beast,EARTH,3,Beast,800,800,30915572,effect
7982,Red-Eyes Wyvern,WIND,4,Dragon,1800,1600,67300516,effect
7983,Darkness Destroyer,DARK,7,Fiend,2300,1800,93709215,effect
7984,White Night Queen,LIGHT,7,Fairy,2100,800,20193924,effect
7985,Fortress Warrior,EARTH,2,Warrior,600,1200,66288028,effect
7986,Tuningware,LIGHT,1,Machine,100,300,92676637,effect
7990,Shield Wing,WIND,2,Winged Beast,0,900,28859794,effect
7991,Vice Dragon,DARK,5,Dragon,2000,2400,54343893,effect
7998,Summon Reactor ・SK,DARK,5,Machine,2000,1400,89493368,effect
7999,Flying Fortress SKY FIRE,WIND,8,Machine,3000,2500,16898077,effect
8000,Trap Reactor ・Y FI,DARK,4,Machine,800,1800,52286175,effect
8001,Black Salvo,DARK,3,Machine,100,1100,88671720,effect
8002,Spell Reactor ・RE,DARK,3,Machine,1200,900,15175429,effect
8003,Rose Tentacles,EARTH,6,Plant,2200,1200,41160533,effect
8004,Turret Warrior,EARTH,5,Warrior,1200,2000,88559132,effect
8005,Debris Dragon,WIND,4,Dragon,1000,2000,14943837,effect
8006,Hyper Synchron,LIGHT,4,Machine,1600,800,40348946,effect
8007,Red Dragon Archfiend/Assault Mode,DARK,10,Dragon,3500,2500,77336644,effect
8008,Trap Eater,DARK,4,Fiend,1900,1600,13821299,effect
8009,Twin-Sword Marauder,DARK,4,Warrior,1600,1000,40225398,effect
8010,Dark Tinker,DARK,2,Fiend,1000,1300,76614003,effect
8011,Blackwing - Gale the Whirlwind,DARK,3,Winged Beast,1300,400,2009101,effect
8012,Blackwing - Bora the Spear,DARK,4,Winged Beast,1700,800,49003716,effect
8013,Blackwing - Sirocco the Dawn,DARK,5,Winged Beast,2000,900,75498415,effect
8014,Twilight Rose Knight,DARK,3,Warrior,1000,1000,2986553,effect
8015,Morphtronic Boarden,EARTH,3,Machine,500,1800,48381268,effect
8016,Morphtronic Slingen,WIND,4,Machine,1200,800,75775867,effect
8017,Doomkaiser Dragon/Assault Mode,FIRE,8,Zombie,2900,2000,1764972,effect
8018,Hyper Psychic Blaster/Assault Mode,EARTH,11,Psychic,3500,3000,37169670,effect
8019,Arcanite Magician/Assault Mode,LIGHT,9,Spellcaster,900,2300,14553285,effect
8020,Arcane Apprentice,FIRE,2,Spellcaster,1000,400,40048324,effect
8021,Assault Mercenary,EARTH,4,Warrior,1800,300,77036039,effect
8022,Assault Beast,EARTH,4,Beast-Warrior,1900,1200,3431737,effect
8023,Night Wing Sorceress,WIND,3,Spellcaster,1300,1200,49826746,effect
8024,Lifeforce Harmonizer,WIND,2,Psychic,800,400,76214441,effect
8025,Gladiator Beast Samnite,EARTH,3,Beast,1600,1200,2619149,effect
8026,Inmato,DARK,3,Plant,1400,800,39703254,effect
8027,Scanner,LIGHT,1,Machine,-1,-1,75198893,effect
8028,Dimension Fortress Weapon,DARK,4,Machine,1700,200,1596508,effect
8029,Desert Protector,EARTH,4,Insect,800,1000,38981606,effect
8030,Cross-Sword Beetle,WIND,4,Insect,1800,1200,74976215,effect
8031,Bee List Soldier,WIND,1,Insect,500,400,1474910,effect
8032,Hydra Viper,WATER,4,Reptile,1800,400,37869028,effect
8033,Alien Overlord,DARK,6,Reptile,2200,1600,63253763,effect
8034,Alien Ammonite,LIGHT,1,Reptile,500,200,652362,effect
8076,Victoria,LIGHT,4,Fairy,1800,1500,75162696,effect
8077,"Rose, Warrior of Revenge",FIRE,4,Warrior,1600,600,1557341,effect
8078,Seed of Flame,FIRE,3,Plant,1600,1200,38041940,effect
8079,Cactus Fighter,EARTH,4,Plant,1900,400,74440055,effect
8080,Overdrive Teleporter,LIGHT,6,Psychic,2100,1200,1834753,effect
8081,Rai-Jin,LIGHT,4,Thunder,-1,1000,37829468,effect
8082,Rai-Mei,LIGHT,3,Thunder,1400,1200,63223467,effect
8083,Gladiator Beast Retiari,WATER,3,Aqua,1200,800,612115,effect
8084,Night's End Sorcerer,DARK,2,Spellcaster,1300,400,36107810,effect
8087,Ido the Supreme Magical Force,DARK,6,Fiend,2200,800,35984222,effect
8088,Violet Witch,DARK,4,Spellcaster,1100,1200,62379337,effect
8089,Tragoedia,DARK,10,Fiend,-1,-1,98777036,effect
8091,Stardust Dragon/Assault Mode,WIND,10,Dragon,3000,2500,61257789,effect
8092,Fabled Lurrie,LIGHT,1,Fiend,200,400,97651498,effect
8093,Fabled Grimro,LIGHT,4,Fiend,1700,1000,24040093,effect
8094,Fabled Gallabas,LIGHT,4,Fiend,1500,800,60434101,effect
8095,Fabled Kushano,LIGHT,3,Fiend,1100,800,97439806,effect
8096,Jurrac Protops,FIRE,4,Dinosaur,1700,1200,23927545,effect
8097,Jurrac Velo,FIRE,4,Dinosaur,1700,1000,59312550,effect
8098,Jurrac Monoloph,FIRE,3,Dinosaur,1500,1200,36717258,effect
8099,Jurrac Tyrannus,FIRE,7,Dinosaur,2500,1400,62701967,effect
8100,Naturia Antjaw,EARTH,2,Insect,400,200,99150062,effect
8101,Naturia Spiderfang,EARTH,4,Insect,2100,400,25654671,effect
8102,Naturia Rosewhip,EARTH,3,Plant,400,1700,61049315,effect
8103,Naturia Cosmobeet,EARTH,2,Plant,1000,700,98437424,effect
8104,Genex Blastfan,WIND,4,Spellcaster,1600,1300,24432029,effect
8105,Genex Recycled,DARK,1,Machine,200,400,51827737,effect
8106,Genex Army,EARTH,6,Machine,2300,1300,93211836,effect
8107,Pilgrim of the Ice Barrier,WATER,4,Warrior,1500,1000,20700531,effect
8108,Geomancer of the Ice Barrier,WATER,3,Spellcaster,800,1200,56704140,effect
8109,Mist Valley Falcon,WIND,4,Winged Beast,2000,1200,82199284,effect
8110,Mist Valley Apex Avian,WIND,7,Winged Beast,2700,2000,29587993,effect
8111,Ally of Justice Reverse Break,DARK,4,Machine,1200,1200,55982698,effect
8112,Ally of Justice Unlimiter,DARK,2,Machine,600,200,82377606,effect
8113,Worm Opera,LIGHT,2,Reptile,400,800,28465301,effect
8114,Worm Prince,LIGHT,6,Reptile,2200,400,54860010,effect
8115,Worm Queen,LIGHT,8,Reptile,2700,1100,81254059,effect
8116,Worm Rakuyeh,LIGHT,4,Reptile,2100,1200,17649753,effect
8126,Elemental HERO Ice Edge,WATER,3,Warrior,800,900,41077745,effect
8132,"Endymion, the Master Magician",DARK,7,Spellcaster,2700,1700,40732515,effect
8133,Disenchanter,LIGHT,5,Spellcaster,2000,2300,76137614,effect
8134,"Defender, the Magical Knight",LIGHT,4,Spellcaster,1600,2000,2525268,effect
8138,Colossal Fighter/Assault Mode,DARK,10,Warrior,3300,1500,38898779,effect
8139,Dark Voltanis,DARK,8,Fairy,2800,1400,65282484,effect
8140,Prime Material Falcon,WIND,5,Winged Beast,2200,800,1287123,effect
8141,Bone Crusher,EARTH,4,Zombie,1600,200,37675138,effect
8142,Alien Kid,LIGHT,4,Reptile,1600,700,64160836,effect
8143,Totem Dragon,EARTH,2,Dragon,400,200,564541,effect
8144,Royal Swamp Eel,WATER,4,Fish,1700,1200,37953640,effect
8145,Submarine Frog,WATER,2,Aqua,1200,600,63948258,effect
8154,Rockstone Warrior,EARTH,4,Rock,1800,1600,51987571,effect
8155,Level Warrior,LIGHT,3,Warrior,300,600,97385276,effect
8156,Strong Wind Dragon,WIND,6,Dragon,2400,1000,23770284,effect
8157,Dark Verger,EARTH,2,Plant,0,1000,50164989,effect
8158,Phoenixian Seed,FIRE,2,Plant,800,0,96553688,effect
8159,Phoenixian Cluster Amaryllis,FIRE,8,Plant,2200,0,23558733,effect
8160,Hedge Guard,EARTH,3,Plant,0,2100,59042331,effect
8161,Evil Thorn,DARK,1,Plant,100,300,85431040,effect
8162,Blackwing - Blizzard the Far North,DARK,2,Winged Beast,1300,0,22835145,effect
8163,Blackwing - Shura the Blue Flame,DARK,4,Winged Beast,1800,1200,58820853,effect
8164,Blackwing - Kalut the Moon Shadow,DARK,3,Winged Beast,1400,1000,85215458,effect
8165,Blackwing - Elphin the Raven,DARK,6,Winged Beast,2200,1200,11613567,effect
8166,Morphtronic Remoten,EARTH,3,Machine,300,1200,57108202,effect
8167,Morphtronic Videon,LIGHT,4,Machine,1000,1000,84592800,effect
8168,Morphtronic Scopen,LIGHT,3,Machine,800,1400,10591919,effect
8169,Gadget Arms,WATER,2,Machine,200,400,47985614,effect
8170,Torapart,DARK,2,Warrior,600,600,83370323,effect
8171,Earthbound Immortal Aslla piscu,DARK,10,Winged Beast,2500,2500,10875327,effect
8172,Earthbound Immortal Ccapac Apu,DARK,10,Fiend,3000,2500,46263076,effect
8173,Koa'ki Meiru Valafar,FIRE,8,Fiend,3000,2100,72258771,effect
8174,Koa'ki Meiru Powerhand,EARTH,4,Machine,2100,1600,19642889,effect
8175,Koa'ki Meiru Guardian,EARTH,4,Rock,1900,1200,45041488,effect
8176,Koa'ki Meiru Drago,WIND,4,Dragon,1900,1600,12435193,effect
8177,Koa'ki Meiru Ice,WATER,4,Aqua,1900,1200,54520292,effect
8178,Koa'ki Meiru Doom,WIND,3,Fiend,1700,800,80925836,effect
8179,Brain Golem,DARK,6,Fiend,2500,1800,17313545,effect
8180,Minoan Centaur,EARTH,6,Beast-Warrior,1800,1000,43708640,effect
8181,Reinforced Human Psychic Borg,EARTH,4,Psychic,1500,800,80102359,effect
8182,Master Gig,EARTH,8,Psychic,2600,1400,16191953,effect
8183,Emissary from Pandemonium,EARTH,7,Fiend,2600,1800,42685062,effect
8184,Gigastone Omega,EARTH,5,Rock,1000,2300,79080761,effect
8185,Alien Dog,LIGHT,3,Reptile,1500,1000,15475415,effect
8186,Spined Gillman,WATER,3,Sea Serpent,1300,0,42463414,effect
8187,Deep Sea Diva,WATER,2,Sea Serpent,200,400,78868119,effect
8188,Mermaid Archer,WATER,3,Sea Serpent,1200,200,4252828,effect
8189,Lava Dragon,FIRE,4,Dragon,1600,1200,41741922,effect
8190,Vanguard of the Dragon,EARTH,4,Dragon,1700,1300,77135531,effect
8191,G.B. Hunter,EARTH,4,Warrior,1200,2000,4130270,effect
8233,Fabled Urustos,LIGHT,4,Fiend,1500,200,73040500,effect
8234,Fabled Krus,LIGHT,2,Fiend,1000,800,19439119,effect
8235,Fabled Topi,LIGHT,1,Fiend,500,200,46833854,effect
8236,Fabled Soulkius,LIGHT,6,Fiend,2200,2100,72328962,effect
8237,Fabled Miztoji,LIGHT,2,Fiend,400,200,8316661,effect
8238,Jurrac Ptera,FIRE,3,Dinosaur,800,1500,45711266,effect
8239,Jurrac Iguanon,FIRE,4,Dinosaur,1700,700,71106375,effect
8240,Jurrac Brachis,FIRE,3,Dinosaur,1000,1000,8594079,effect
8241,Jurrac Spinos,FIRE,7,Dinosaur,2600,1700,44689688,effect
8242,Naturia Dragonfly,EARTH,4,Insect,1200,400,70083723,effect
8243,Naturia Sunflower,EARTH,2,Plant,500,0,7478431,effect
8244,Naturia Cliff,EARTH,4,Rock,1500,1000,33866130,effect
8245,Naturia Tulip,EARTH,2,Plant,600,1500,70261145,effect
8246,R-Genex Turbo,WIND,4,Machine,1500,1300,6256844,effect
8247,R-Genex Overseer,DARK,2,Spellcaster,200,100,32744558,effect
8248,R-Genex Crusher,EARTH,2,Machine,800,800,65149697,effect
8249,R-Genex Magma,FIRE,3,Pyro,1000,200,1533292,effect
8250,Shock Troops of the Ice Barrier,WATER,3,Spellcaster,1500,800,38528901,effect
8251,Samurai of the Ice Barrier,WATER,4,Warrior,1800,1500,64926005,effect
8252,Dewdark of the Ice Barrier,WATER,2,Aqua,1200,800,90311614,effect
8253,Caravan of the Ice Barrier,WATER,1,Sea Serpent,500,200,37806313,effect
8254,Worm Solid,LIGHT,4,Reptile,1000,1600,3204467,effect
8255,Worm Tentacles,LIGHT,4,Reptile,1700,700,30299166,effect
8256,Worm Ugly,LIGHT,1,Reptile,100,100,76683171,effect
8257,Worm Victory,LIGHT,7,Reptile,0,2500,2088870,effect
8263,Snowman Eater,WATER,3,Aqua,0,1900,91133740,effect
8264,Ojama Red,LIGHT,2,Beast,0,1000,37132349,effect
8265,Ojama Blue,LIGHT,2,Beast,0,1000,64627453,effect
8267,Shiba-Warrior Taro,EARTH,2,Beast-Warrior,800,600,27416701,effect
8268,Supersonic Skull Flame,WIND,10,Zombie,2600,2000,63804806,effect
8269,Skull Flame,FIRE,8,Zombie,2600,2000,99899504,effect
8270,Burning Skull Head,FIRE,3,Zombie,1000,800,26293219,effect
8271,Skull Conductor,DARK,4,Zombie,2000,0,62782218,effect
8272,Infernity Archfiend,DARK,4,Fiend,1800,1200,99177923,effect
8273,Infernity Dwarf,DARK,2,Warrior,800,500,25171661,effect
8274,Infernity Guardian,DARK,4,Fiend,1200,1700,51566770,effect
8275,Infernity Destroyer,DARK,6,Fiend,2300,1000,98954375,effect
8280,Powered Tuner,WATER,4,Dragon,1400,1000,50621530,effect
8283,Archlord Kristya,LIGHT,8,Fairy,2800,2300,59509952,effect
8287,Darklord Asmodeus,DARK,8,Fairy,3000,2500,85771019,effect
8288,Darklord Superbia,DARK,8,Fairy,2900,2400,11260714,effect
8289,Darklord Edeh Arae,DARK,5,Fairy,2300,2000,47664723,effect
8292,Kuribon,LIGHT,1,Fairy,300,200,47432275,effect
8293,Sunny Pixie,LIGHT,1,Spellcaster,300,400,73837870,effect
8294,Sunlight Unicorn,LIGHT,4,Beast,1800,1000,10321588,effect
8295,Blackwing - Mistral the Silver Shield,DARK,2,Winged Beast,100,1800,46710683,effect
8296,Blackwing - Vayu the Emblem of Honor,DARK,1,Winged Beast,800,0,72714392,effect
8297,Blackwing - Fane the Steel Chain,DARK,2,Winged Beast,500,800,9109991,effect
8298,Morphtronic Magnen Bar,EARTH,1,Thunder,100,100,45593005,effect
8299,Jester Lord,DARK,1,Spellcaster,0,0,72992744,effect
8300,Jester Confit,DARK,1,Spellcaster,0,0,8487449,effect
8301,Fortune Lady Light,LIGHT,1,Spellcaster,-1,-1,34471458,effect
8302,Fortune Lady Fire,FIRE,2,Spellcaster,-1,-1,71870152,effect
8303,Infernity Beast,DARK,3,Beast,1600,1200,7264861,effect
8304,Darksea Rescue,DARK,1,Machine,0,0,34659866,effect
8305,Darksea Float,DARK,1,Machine,0,300,70054514,effect
8306,Turbo Rocket,WIND,2,Machine,0,0,6142213,effect
8307,Earthbound Immortal Cusillu,DARK,10,Beast,2800,2400,33537328,effect
8308,Earthbound Immortal Chacu Challhua,DARK,10,Fish,2900,2400,69931927,effect
8309,Koa'ki Meiru Boulder,EARTH,4,Rock,1200,1000,6320631,effect
8310,Koa'ki Meiru Crusader,EARTH,4,Beast-Warrior,1900,1300,32314730,effect
8311,Koa'ki Meiru Speeder,WIND,3,Machine,1200,2200,68809475,effect
8312,Koa'ki Meiru Tornado,WIND,4,Winged Beast,1500,1200,95204084,effect
8313,Koa'ki Meiru Hydro Barrier,WATER,3,Aqua,1000,1900,31692182,effect
8314,Scary Moth,WIND,6,Insect,1800,2300,68087897,effect
8315,"Shiny Black ""C""",EARTH,1,Insect,200,500,94081496,effect
8316,Armed Sea Hunter,WATER,4,Sea Serpent,1800,400,20470500,effect
8317,Divine Dragon Aquabizarre,WATER,5,Sea Serpent,2100,1500,67964209,effect
8318,Fishborg Blaster,WATER,1,Fish,100,200,93369354,effect
8319,Shark Cruiser,WATER,5,Fish,1800,2200,20358953,effect
8320,Armored Axon Kicker,EARTH,6,Psychic,2200,1800,62742651,effect
8321,Genetic Woman,WIND,4,Psychic,1700,1200,98147766,effect
8322,Magicat,LIGHT,2,Spellcaster,600,500,25531465,effect
8323,Cyborg Doctor,EARTH,4,Spellcaster,1500,1700,51020079,effect
8324,White Potan,LIGHT,1,Fairy,100,200,98024118,effect
8325,Minefieldriller,EARTH,4,Machine,1500,1500,24419823,effect
8326,XX-Saber Faultroll,EARTH,6,Warrior,2400,1800,51808422,effect
8327,XX-Saber Ragigura,EARTH,1,Beast-Warrior,200,1000,87292536,effect
8328,Flamvell Firedog,FIRE,4,Beast,1900,200,23297235,effect
8329,Ancient Crimson Ape,LIGHT,7,Beast,2600,1800,50781944,effect
8330,Falchionβ,LIGHT,4,Machine,1200,800,86170989,effect
8371,Battlestorm,DARK,4,Winged Beast,1700,1000,69695704,effect
8372,Koa'ki Meiru War Arms,EARTH,4,Warrior,1400,1200,95090813,effect
8373,Immortal Ruler,EARTH,4,Zombie,1800,200,32485518,effect
8374,Hardened Armed Dragon,EARTH,4,Dragon,1500,800,68473226,effect
8375,Moja,EARTH,1,Beast,100,100,94878265,effect
8376,Beast Striker,EARTH,4,Beast,1850,400,21362970,effect
8377,King of the Beasts,EARTH,7,Beast,2500,800,67757079,effect
8384,Darklord Ukoback,DARK,3,Fairy,700,1000,92807548,effect
8386,Darklord Desire,DARK,10,Fairy,3000,2800,55690251,effect
8388,Dragunity Dux,WIND,4,Winged Beast,1500,1000,28183605,effect
8389,Dragunity Legionnaire,WIND,3,Winged Beast,1200,800,54578613,effect
8390,Dragunity Tribus,WIND,1,Winged Beast,500,300,81962318,effect
8391,Dragunity Darkspear,WIND,3,Dragon,1000,1000,13361027,effect
8392,Dragunity Phalanx,WIND,2,Dragon,500,1100,59755122,effect
8393,Fabled Dyf,LIGHT,3,Fiend,1400,1700,86840720,effect
8394,Fabled Ashenveil,LIGHT,4,Fiend,1600,1200,12235475,effect
8395,Fabled Oltro,LIGHT,2,Fiend,800,500,49633574,effect
8396,Jurrac Titano,FIRE,9,Dinosaur,3000,2800,85028288,effect
8397,Jurrac Guaiba,FIRE,4,Dinosaur,1700,400,11012887,effect
8398,Jurrac Stauriko,FIRE,2,Dinosaur,500,400,48411996,effect
8399,Naturia Horneedle,EARTH,4,Insect,1800,100,84905691,effect
8400,Naturia Fruitfly,EARTH,3,Insect,800,1500,11390349,effect
8401,Naturia Hydrangea,EARTH,5,Plant,1900,2000,47795344,effect
8402,R-Genex Accelerator,WIND,4,Machine,1500,1900,73783043,effect
8403,R-Genex Oracle,DARK,1,Spellcaster,300,300,10178757,effect
8404,R-Genex Ultimum,EARTH,4,Machine,1800,1400,46572756,effect
8405,Spellbreaker of the Ice Barrier,WATER,4,Spellcaster,1200,2000,73061465,effect
8406,General Grunard of the Ice Barrier,WATER,8,Warrior,2800,1000,9056100,effect
8407,Ally of Justice Omni-Weapon,DARK,5,Machine,2200,800,45450218,effect
8408,Ally of Justice Quarantine,DARK,4,Machine,1700,1200,72845813,effect
8409,Ally of Justice Cycle Reader,DARK,3,Machine,1000,1000,8233522,effect
8410,Worm Warlord,LIGHT,6,Reptile,2350,1800,35638627,effect
8411,Worm Xex,LIGHT,4,Reptile,1800,1000,11722335,effect
8412,Worm Yagan,LIGHT,4,Reptile,1000,1800,47111934,effect
8418,Lancer Lindwurm,WIND,4,Dragon,1800,1200,46272804,effect
8420,Golem Dragon,EARTH,4,Dragon,200,2000,9666558,effect
8421,Cyber Larva,LIGHT,1,Machine,400,600,35050257,effect
8430,Cyber Eltanin,LIGHT,10,Machine,-1,-1,33093439,effect
8431,Phoenix Gearfried,FIRE,8,Warrior,2800,2200,69488544,effect
8432,Evocator Chevalier,FIRE,4,Warrior,1900,900,96872283,effect
8433,Featherizer,WIND,2,Spellcaster,700,1100,32271987,effect
8434,Gemini Soldier,WIND,2,Warrior,500,300,68366996,effect
8436,Majestic Dragon,LIGHT,1,Dragon,0,0,21159309,effect
8437,Stardust Xiaolong,LIGHT,1,Dragon,100,100,68543408,effect
8438,Max Warrior,WIND,4,Warrior,1800,800,94538053,effect
8439,Quickdraw Synchron,WIND,5,Machine,700,1400,20932152,effect
8440,Level Eater,DARK,1,Insect,600,0,57421866,effect
8441,Zero Gardna,EARTH,4,Warrior,0,0,93816465,effect
8442,Regulus,LIGHT,4,Beast,1700,1000,20210570,effect
8443,Infernity Necromancer,DARK,3,Fiend,0,2000,56209279,effect
8444,Fortune Lady Wind,WIND,3,Spellcaster,-1,-1,82693917,effect
8445,Fortune Lady Water,WATER,4,Spellcaster,-1,-1,29088922,effect
8446,Fortune Lady Dark,DARK,5,Spellcaster,-1,-1,55586621,effect
8447,Fortune Lady Earth,EARTH,6,Spellcaster,-1,-1,82971335,effect
8448,Solitaire Magician,LIGHT,4,Spellcaster,1600,1300,28966434,effect
8449,Catoblepas and the Witch of Fate,EARTH,4,Spellcaster,1800,0,54360049,effect
8450,Dark Spider,DARK,1,Insect,0,0,81759748,effect
8451,Ground Spider,EARTH,4,Insect,0,1500,17243896,effect
8452,Relinquished Spider,EARTH,2,Insect,300,500,54248491,effect
8453,Spyder Spider,EARTH,4,Insect,1500,1000,80637190,effect
8454,Mother Spider,DARK,6,Insect,2300,1200,17021204,effect
8455,Reptilianne Gorgon,DARK,3,Reptile,1400,1400,43426903,effect
8456,Reptilianne Medusa,DARK,6,Reptile,2200,800,89810518,effect
8457,Reptilianne Scylla,DARK,4,Reptile,1800,1200,16909657,effect
8458,Reptilianne Viper,DARK,2,Reptile,0,0,42303365,effect
8459,Earthbound Immortal Ccarayhua,DARK,10,Reptile,2800,1800,79798060,effect
8460,Earthbound Immortal Uru,DARK,10,Insect,3000,3000,15187079,effect
8461,Earthbound Immortal Wiraqocha Rasca,DARK,10,Winged Beast,100,100,41181774,effect
8462,Koa'ki Meiru Sea Panther,WATER,4,Sea Serpent,1900,1200,74576482,effect
8463,Koa'ki Meiru Rooklord,EARTH,7,Warrior,2800,2200,10060427,effect
8464,Tuned Magician,WIND,4,Spellcaster,1800,1600,47459126,effect
8465,Crusader of Endymion,LIGHT,4,Spellcaster,1900,1200,73853830,effect
8466,Woodland Archer,EARTH,3,Beast-Warrior,1400,1300,9848939,effect
8467,Knight of the Red Lotus,FIRE,6,Warrior,2100,1800,46237548,effect
8468,Energy Bravery,LIGHT,4,Warrior,1700,1200,72631243,effect
8469,Swap Frog,WATER,2,Aqua,1000,500,9126351,effect
8470,Lord British Space Fighter,LIGHT,4,Machine,1200,800,35514096,effect
8471,Oshaleon,WATER,3,Reptile,1400,800,71519605,effect
8472,Djinn Releaser of Rituals,DARK,3,Fiend,1200,2000,8903700,effect
8473,Djinn Presider of Rituals,DARK,4,Fiend,1800,1400,34358408,effect
8474,Divine Grace - Northwemko,LIGHT,7,Spellcaster,2700,1200,61757117,ritual
8516,Koa'ki Meiru Bergzak,EARTH,4,Warrior,2000,200,80367387,effect
8517,Warm Worm,FIRE,3,Insect,600,1400,16751086,effect
8520,Shield Worm,EARTH,4,Insect,800,2000,15939448,effect
8521,XX-Saber Gardestrike,EARTH,5,Beast-Warrior,2100,1400,42024143,effect
8522,XX-Saber Fulhelmknight,EARTH,3,Warrior,1300,1000,78422252,effect
8523,Koa'ki Meiru Ghoulungulate,EARTH,5,Zombie,2500,1700,5817857,effect
8524,Koa'ki Meiru Gravirose,FIRE,4,Plant,1900,1300,41201555,effect
8525,Psychic Emperor,LIGHT,6,Psychic,2400,1000,77600660,effect
8526,Card Guard,DARK,4,Fiend,1600,500,4694209,effect
8527,Flamvell Commando,FIRE,6,Pyro,2200,200,40189917,effect
8535,Orichalcos Shunoros,DARK,10,Machine,-1,0,7634581,effect
8536,Guardian Eatos,WIND,8,Fairy,2500,2000,34022290,effect
8537,Darkness Neosphere,DARK,10,Fiend,4000,4000,60417395,effect
8538,Clear Vice Dragon,DARK,8,Dragon,-1,0,97811903,effect
8543,Elemental HERO Flash,LIGHT,4,Warrior,1100,1600,69572169,effect
8546,Genex Ally Duradark,DARK,4,Machine,1800,200,68450517,effect
8547,The Fabled Rubyruda,LIGHT,4,Beast,1100,800,94845226,effect
8549,Genex Ally Remote,DARK,3,Machine,500,1800,57238939,effect
8550,Genex Ally Powercell,DARK,4,Machine,1700,0,94622638,effect
8551,Genex Ally Changer,DARK,3,Machine,1200,1800,20127343,effect
8552,Genex Ally Volcannon,DARK,4,Machine,1700,600,56511382,effect
8553,Genex Ally Solid,DARK,2,Machine,500,1200,83500096,effect
8554,The Fabled Chawa,LIGHT,1,Beast,200,100,29905795,effect
8555,The Fabled Catsith,LIGHT,1,Beast,800,600,56399890,effect
8556,The Fabled Cerburrel,LIGHT,2,Beast,1000,400,82888408,effect
8557,The Fabled Ganashia,LIGHT,3,Beast,1600,1000,18282103,effect
8558,The Fabled Nozoochee,LIGHT,2,Beast,1200,800,55277252,effect
8559,Dragunity Militum,WIND,4,Winged Beast,1700,1200,81661951,effect
8560,Dragunity Primus Pilus,WIND,5,Winged Beast,2200,1600,18060565,effect
8561,Dragunity Brandistock,WIND,1,Dragon,600,400,54455664,effect
8562,Dragunity Javelin,WIND,2,Dragon,1200,800,80549379,effect
8563,Jurrac Dino,FIRE,3,Dinosaur,1700,800,17948378,effect
8564,Jurrac Gallim,FIRE,2,Dinosaur,1200,0,43332022,effect
8565,Jurrac Aeolo,FIRE,1,Dinosaur,200,200,80727721,effect
8566,Jurrac Herra,FIRE,6,Dinosaur,2300,1500,16111820,effect
8567,Naturia Butterfly,EARTH,3,Insect,500,1200,42110434,effect
8568,Naturia Ladybug,EARTH,1,Insect,100,100,19605133,effect
8569,Naturia Strawberry,EARTH,4,Plant,1600,1200,55099248,effect
8570,Defender of the Ice Barrier,WATER,3,Aqua,200,1600,82498947,effect
8571,Warlock of the Ice Barrier,WATER,3,Spellcaster,400,1000,18482591,effect
8572,Sacred Spirit of the Ice Barrier,WATER,4,Zombie,1600,1200,44877690,effect
8573,General Raiho of the Ice Barrier,WATER,6,Warrior,2100,2300,81275309,effect
8579,Gauntlet Warrior,EARTH,3,Warrior,400,1600,79337169,effect
8580,Eccentric Boy,WIND,3,Spellcaster,800,200,16825874,effect
8584,Ape Fighter,DARK,4,Beast,1900,1200,41098335,effect
8587,Ape Magician,DARK,3,Beast,800,1200,31975743,effect
8593,Koa'ki Meiru Beetle,EARTH,4,Insect,1900,1500,39037517,effect
8594,Koa'ki Meiru Maximus,WIND,8,Dragon,3000,2500,65026212,effect
8595,"Shire, Lightsworn Spirit",LIGHT,3,Fairy,400,1400,2420921,effect
8596,"Rinyan, Lightsworn Rogue",LIGHT,2,Beast,100,100,38815069,effect
8597,"Yellow Baboon, Archer of the Forest",EARTH,7,Beast,2600,1800,65303664,effect
8598,Gemini Scorpion,EARTH,4,Warrior,1600,400,91798373,effect
8599,Metabo-Shark,WATER,4,Fish,1800,500,37792478,effect
8606,Junk Collector,LIGHT,5,Warrior,1000,2200,58242947,effect
8607,Backup Warrior,EARTH,5,Warrior,2100,0,95637655,effect
8612,Unicycular,EARTH,1,Machine,100,100,57308711,normal
8613,Bicular,EARTH,2,Machine,200,200,83392426,effect
8614,Tricular,EARTH,3,Machine,300,300,20797524,effect
8615,Drill Synchron,EARTH,3,Machine,800,300,56286179,effect
8616,Ogre of the Scarlet Sorrow,DARK,4,Fiend,0,0,82670878,effect
8617,Battle Fader,DARK,1,Fiend,0,0,19665973,effect
8618,Power Supplier,EARTH,2,Spellcaster,400,400,55063681,effect
8619,Magic Hole Golem,DARK,3,Rock,0,2000,82458280,effect
8620,Power Invader,DARK,5,Fiend,2200,0,18842395,effect
8621,Dark Bug,DARK,1,Insect,100,100,44341034,effect
8622,Sword Master,EARTH,3,Warrior,1200,0,81336148,effect
8623,Witch of the Black Rose,DARK,4,Spellcaster,1700,1200,17720747,effect
8624,Rose Fairy,WIND,3,Plant,600,1200,44125452,effect
8625,Dragon Queen of Tragic Endings,DARK,6,Dragon,1900,2600,80513550,effect
8626,Reptilianne Servant,DARK,1,Reptile,100,100,16008155,effect
8627,Reptilianne Gardna,WATER,4,Reptile,0,2000,43002864,effect
8628,Reptilianne Naga,DARK,1,Reptile,0,0,79491903,effect
8629,Reptilianne Vaskii,DARK,8,Reptile,2600,0,16886617,effect
8630,Oracle of the Sun,LIGHT,5,Spellcaster,1000,2000,42280216,effect
8631,Fire Ant Ascator,EARTH,3,Insect,700,1300,78275321,effect
8632,Weeping Idol,DARK,2,Rock,0,500,5763020,effect
8633,Apocatequil,LIGHT,4,Thunder,1800,1200,41158734,effect
8634,Supay,EARTH,1,Fiend,300,100,78552773,effect
8635,Informer Spider,EARTH,4,Insect,500,1800,4941482,effect
8636,Koa'ki Meiru Urnight,EARTH,4,Beast-Warrior,2000,1500,30936186,effect
8637,XX-Saber Garsem,EARTH,4,Beast,1400,400,77330185,effect
8638,Gravekeeper's Visionary,DARK,8,Spellcaster,2000,1800,3825890,effect
8639,Gravekeeper's Descendant,DARK,4,Spellcaster,1500,1200,30213599,effect
8640,Black Potan,DARK,1,Fiend,200,100,76218643,effect
8641,Shreddder,EARTH,4,Machine,1600,1000,3603242,effect
8642,Pandaborg,WATER,4,Psychic,1700,1400,39091951,effect
8643,Codarus,WATER,4,Sea Serpent,1400,1200,65496056,effect
8644,Consecrated Light,LIGHT,1,Fairy,0,0,2980764,effect
8645,Gundari,FIRE,4,Pyro,1000,200,38975369,effect
8646,Cyber Dragon Zwei,LIGHT,4,Machine,1500,1000,5373478,effect
8647,Oilman,EARTH,2,Machine,400,400,31768112,effect
8648,Djinn Cursenchanter of Rituals,DARK,4,Fiend,1700,1000,77153811,effect
8649,Djinn Prognosticator of Rituals,DARK,3,Fiend,400,300,4141820,effect
8650,"Garlandolf, King of Destruction",DARK,7,Fiend,2500,1400,30646525,ritual
8692,Machina Fortress,EARTH,7,Machine,2500,1600,5556499,effect
8693,Machina Gearframe,EARTH,4,Machine,1800,0,42940404,effect
8694,Machina Peacekeeper,EARTH,2,Machine,500,400,78349103,effect
8695,Scrap Recycler,EARTH,3,Machine,900,1200,4334811,effect
8698,Lion Alligator,WATER,4,Reptile,1900,200,4611269,effect
8700,Transforming Sphere,WIND,3,Winged Beast,100,100,66094973,effect
8702,Spawn Alligator,WATER,5,Reptile,2200,1000,39984786,effect
8703,Neo Flamvell Origin,FIRE,2,Pyro,500,200,66378485,effect
8704,Neo Flamvell Hedgehog,FIRE,3,Pyro,800,200,2377034,effect
8705,Neo Flamvell Shaman,FIRE,3,Pyro,1700,200,39761138,effect
8706,Neo Flamvell Garuda,FIRE,3,Pyro,1200,1800,65156847,effect
8707,Neo Flamvell Sabre,FIRE,4,Pyro,1500,200,91554542,effect
8708,Genex Ally Chemistrer,DARK,2,Machine,200,500,38049541,effect
8709,Genex Ally Birdman,DARK,3,Machine,1400,400,64034255,effect
8710,Genex Ally Bellflame,DARK,4,Machine,1700,1000,91438994,effect
8711,Genex Ally Crusher,DARK,4,Machine,1000,2000,27827903,effect
8712,Genex Ally Reliever,DARK,5,Machine,2200,1000,63211608,effect
8713,The Fabled Peggulsus,LIGHT,1,Beast,100,1600,90616316,effect
8714,The Fabled Kokkator,LIGHT,4,Beast,1700,1500,26704411,effect
8715,Fabled Dianaira,LIGHT,8,Fiend,2800,100,53199020,effect
8716,Dragunity Corsesca,WIND,1,Dragon,800,700,99594764,effect
8717,Dragunity Partisan,WIND,2,Dragon,1200,800,25988873,effect
8718,Dragunity Pilum,WIND,3,Dragon,1400,1000,52977572,effect
8719,Dragunity Angusticlavii,WIND,5,Winged Beast,2100,1000,88361177,effect
8720,Naturia Stinkbug,EARTH,3,Insect,200,500,25866285,effect
8721,Naturia Mantis,EARTH,4,Insect,1700,1500,51254980,effect
8722,Naturia Ragweed,EARTH,3,Plant,1200,2000,87649699,effect
8723,Naturia White Oak,EARTH,4,Plant,1800,1400,24644634,effect
8724,Strategist of the Ice Barrier,WATER,4,Spellcaster,1600,1600,50032342,effect
8725,Secret Guards of the Ice Barrier,WATER,2,Aqua,100,1600,27527047,effect
8726,General Gantala of the Ice Barrier,WATER,7,Warrior,2700,2000,53921056,effect
8733,The Tyrant Neptune,WATER,10,Reptile,0,0,88071625,effect
8734,The Atmosphere,WIND,8,Winged Beast,1000,800,14466224,effect
8735,Junk Blader,EARTH,4,Warrior,1800,1000,51855378,effect
8737,Samurai Sword Baron,EARTH,4,Warrior,1600,1200,14344682,effect
8738,Stygian Security,DARK,1,Fiend,100,600,50732780,effect
8740,Stygian Street Patrol,DARK,4,Fiend,1600,1200,13521194,effect
8742,Armored Bee,WIND,4,Insect,1600,1200,86915847,effect
8745,Great Poseidon Beetle,EARTH,7,Insect,2500,2300,75292259,effect
8746,Quick-Span Knight,EARTH,3,Machine,1000,800,11287364,effect
8753,XX-Saber Emmersblade,EARTH,3,Insect,1300,800,42737833,effect
8754,Alchemist of Black Spells,WIND,4,Spellcaster,1200,1800,78121572,effect
8755,Super-Nimble Mega Hamster,EARTH,4,Beast,1100,1800,5220687,effect
8756,Cactus Bouncer,EARTH,4,Plant,1800,300,31615285,effect
8757,Dragonic Guard,FIRE,4,Dragon,1500,1800,78009994,effect
8758,The Dragon Dwelling in the Deep,WATER,4,Sea Serpent,1700,1400,4404099,effect
8759,Djinn Disserere of Rituals,DARK,1,Fiend,200,200,30492798,effect
8760,Earthbound Linewalker,DARK,4,Fiend,1200,1900,67987302,effect
8761,Gravekeeper's Priestess,DARK,3,Spellcaster,1000,1500,3381441,effect
8764,Crystal Girl,WATER,1,Spellcaster,200,100,93169863,effect
8772,"Ghost Lancer, the Underworld Spearman",DARK,5,Zombie,2000,0,64104037,effect
8776,"Ghost Sleeper, the Underworld Princess",DARK,3,Zombie,1300,0,99370594,effect
8777,Blackwing - Ghibli the Searing Wind,DARK,3,Winged Beast,0,1600,26775203,effect
8778,Blackwing - Gust the Backblast,DARK,2,Winged Beast,900,1400,52869807,effect
8779,Blackwing - Breeze the Zephyr,DARK,3,Winged Beast,1100,300,89258906,effect
8780,Changer Synchron,DARK,1,Machine,0,0,25652655,effect
8781,Card Breaker,LIGHT,2,Warrior,100,900,51047350,effect
8782,Second Booster,FIRE,3,Machine,1000,500,88032368,effect
8783,Archfiend Interceptor,DARK,4,Fiend,1400,1600,14430063,effect
8784,Dread Dragon,FIRE,2,Dragon,1100,400,51925772,effect
8785,Trust Guardian,LIGHT,3,Fairy,0,800,87319876,effect
8786,Flare Resonator,FIRE,3,Fiend,300,1300,13708425,effect
8787,Synchro Magnet,EARTH,3,Machine,1000,600,50702124,effect
8788,Infernity Mirage,DARK,1,Fiend,0,0,86197239,effect
8789,Infernity Randomizer,DARK,1,Warrior,900,0,13582837,effect
8790,Infernity Beetle,DARK,2,Insect,1200,0,49080532,effect
8791,Infernity Avenger,DARK,1,Fiend,0,0,85475641,effect
8792,Revival Rose,DARK,4,Plant,1300,1300,12469386,effect
8793,Morphtronic Vacuumen,WIND,1,Machine,0,0,48868994,effect
8794,Bird of Roses,WIND,4,Plant,1800,1500,75252099,effect
8795,Spore,WIND,1,Plant,400,800,11747708,effect
8796,Fairy Archer,LIGHT,3,Fairy,1400,600,48742406,effect
8797,Biofalcon,LIGHT,4,Machine,1700,1200,74130411,effect
8798,Cherry Inmato,DARK,2,Plant,700,400,525110,effect
8799,Magidog,LIGHT,4,Spellcaster,1700,1000,47929865,effect
8800,Lyna the Light Charmer,LIGHT,3,Spellcaster,500,1500,73318863,effect
8801,Wattgiraffe,LIGHT,4,Thunder,1200,100,402568,effect
8802,Wattfox,LIGHT,2,Thunder,800,100,46897277,effect
8803,Wattwoodpecker,LIGHT,3,Thunder,1000,100,12296376,effect
8804,Koa'ki Meiru Sandman,EARTH,4,Rock,1900,1200,49680980,effect
8805,Memory Crush King,DARK,5,Fiend,2000,0,75675029,effect
8806,Delta Tri,LIGHT,4,Machine,1200,1000,12079734,effect
8807,Trigon,FIRE,3,Dragon,500,1700,48568432,effect
8808,Testudo erat Numen,WATER,1,Aqua,0,1800,74952447,effect
8809,Ronintoadin,WATER,2,Aqua,100,2000,1357146,effect
8810,Batteryman AAA,LIGHT,4,Thunder,0,0,47346845,effect
8811,Batteryman Fuel Cell,LIGHT,6,Thunder,2100,0,74730899,effect
8812,Key Mouse,EARTH,1,Beast,100,100,135598,effect
8813,Ally of Justice Core Destroyer,DARK,3,Machine,1200,200,36629203,effect
8814,Hunter of Black Feathers,LIGHT,4,Beast-Warrior,1700,1000,73018302,effect
8856,Danipon,EARTH,2,Insect,600,600,48588176,effect
8857,Sweet Corn,EARTH,2,Plant,0,0,74983881,effect
8858,Vampiric Koala,EARTH,4,Beast,1800,1500,1371589,effect
8861,Rapid Warrior,WIND,4,Warrior,1200,200,255998,effect
8862,Synchron Explorer,EARTH,2,Machine,0,700,36643046,effect
8864,Malefic Blue-Eyes White Dragon,DARK,8,Dragon,3000,2500,9433350,effect
8865,Malefic Stardust Dragon,DARK,8,Dragon,2500,2000,36521459,effect
8869,"Ghost Wyvern, the Underworld Dragon",DARK,4,Zombie,1700,0,61103515,effect
8872,Righty Driver,EARTH,1,Machine,100,300,60071928,effect
8873,Ice Doll,WATER,2,Spellcaster,800,1000,97476032,effect
8878,Daidara-Bocchi,EARTH,10,Zombie,2900,2500,69133798,effect
8881,Rose Papillon,WIND,3,Insect,1400,800,8910240,effect
8891,Blizzard Princess,WATER,8,Spellcaster,2800,2100,28348537,effect
8892,Malefic Red-Eyes Black Dragon,DARK,7,Dragon,2400,2000,55343236,effect
8893,Gem-Knight Garnet,EARTH,4,Pyro,1900,0,91731841,normal
8894,Gem-Knight Sapphire,EARTH,4,Aqua,0,2100,27126980,normal
8895,Gem-Knight Tourmaline,EARTH,4,Thunder,1600,1800,54620698,normal
8896,Gem-Knight Alexandrite,EARTH,4,Rock,1800,1200,90019393,effect
8897,Gem-Armadillo,EARTH,4,Rock,1700,500,27004302,effect
8898,Gem-Merchant,EARTH,3,Spellcaster,1000,1000,53408006,effect
8899,Laval Miller,FIRE,3,Pyro,300,400,89893715,effect
8900,Soaring Eagle Above the Searing Land,FIRE,1,Winged Beast,100,0,26381750,effect
8901,Laval Warrior,FIRE,4,Warrior,1800,500,52786469,effect
8902,"Prominence, Molten Swordsman",FIRE,4,Beast-Warrior,1800,600,89770167,effect
8903,Laval Forest Sprite,FIRE,2,Pyro,300,200,15169262,effect
8904,"Kayenn, the Master Magma Blacksmith",FIRE,3,Rock,1200,200,51554871,effect
8905,Laval Burner,FIRE,5,Pyro,2100,1000,88958576,effect
8906,Laval Judgment Lord,FIRE,7,Warrior,2700,1800,14047624,effect
8907,Vylon Cube,LIGHT,3,Machine,800,800,41431329,effect
8908,Vylon Vanguard,LIGHT,4,Fairy,1400,1000,87836938,effect
8909,Vylon Charger,LIGHT,4,Fairy,1000,1000,13220032,effect
8910,Vylon Soldier,LIGHT,4,Fairy,1700,1000,40619741,effect
8927,Electro Blaster,FIRE,4,Machine,1800,1400,9107531,effect
8930,Burning Dragon,FIRE,8,Dragon,2500,2100,8085950,effect
8931,Dark Alligator,DARK,8,Reptile,2500,2300,34479658,effect
8932,Earthquake Giant,EARTH,5,Rock,1600,2100,61864793,effect
8933,Effect Veiler,LIGHT,1,Spellcaster,0,0,97268402,effect
8934,Dash Warrior,WIND,3,Warrior,600,1200,34257001,effect
8935,Damage Eater,DARK,2,Fiend,100,800,60741115,effect
8936,A/D Changer,LIGHT,1,Warrior,100,100,96146814,effect
8937,Stronghold Guardian,EARTH,4,Warrior,0,1500,23535429,effect
8938,Playful Possum,EARTH,2,Beast,800,600,69529567,effect
8939,Egotistical Ape,EARTH,5,Beast,1200,1200,96914272,effect
8940,Uni-Horned Familiar,LIGHT,2,Beast,0,1000,22318971,effect
8941,Monoceros,LIGHT,3,Beast,1000,1000,58807980,effect
8942,D.D. Unicorn Knight,LIGHT,4,Warrior,1800,900,95291684,effect
8943,Unibird,WIND,2,Winged Beast,100,600,21296383,effect
8944,Bicorn Re'em,DARK,4,Beast,800,1600,58685438,effect
8945,Mine Mole,EARTH,3,Beast,1000,1200,94079037,effect
8946,Trident Warrior,LIGHT,4,Warrior,1800,1200,20474741,effect
8947,Delta Flyer,WIND,3,Dragon,1500,900,57568840,effect
8948,Rhinotaurus,FIRE,4,Beast-Warrior,1800,600,83957459,effect
8949,Hypnocorn,DARK,4,Beast,1400,600,20351153,effect
8950,Scrap Chimera,EARTH,4,Beast,1700,500,56746202,effect
8951,Scrap Goblin,EARTH,3,Beast-Warrior,0,500,83135907,effect
8952,Scrap Beast,EARTH,4,Beast,1600,1300,19139516,effect
8953,Scrap Hunter,EARTH,3,Machine,1600,400,55624610,effect
8954,Scrap Golem,EARTH,5,Rock,2300,1400,82012319,effect
8955,Wattbetta,LIGHT,2,Thunder,100,0,18407024,effect
8956,Wattlemur,LIGHT,2,Thunder,800,100,45801022,effect
8957,Wattpheasant,LIGHT,4,Thunder,1000,800,81896771,effect
8958,Naturia Mosquito,EARTH,1,Insect,200,300,17285476,effect
8959,Naturia Beans,EARTH,2,Plant,100,1200,44789585,effect
8960,Naturia Bamboo Shoot,EARTH,5,Plant,2000,2000,20174189,effect
8961,Amazoness Sage,EARTH,4,Warrior,1400,700,53162898,effect
8962,Amazoness Trainee,EARTH,4,Warrior,1500,1300,89567993,effect
8963,Amazoness Queen,EARTH,6,Warrior,2400,1800,15951532,effect
8964,Lock Cat,EARTH,3,Beast,1200,1000,52346240,effect
8965,Elephun,EARTH,2,Beast,500,300,88845345,effect
8966,Synchro Fusionist,DARK,2,Spellcaster,800,600,15839054,effect
8967,Ambitious Gofer,DARK,6,Fiend,2400,100,41224658,effect
8968,Final Psychic Ogre,EARTH,5,Psychic,2200,1700,87622767,effect
9012,Gash the Dust Lord,DARK,4,Fiend,1000,1200,19012345,effect
9013,Junk Forward,EARTH,3,Warrior,900,1500,56410040,effect
9015,"Red Lotus King, Flame Crime",FIRE,3,Fiend,1700,300,19299793,effect
9017,Reptia Egg,EARTH,1,Reptile,0,0,81782101,effect
9022,Sergeant Electro,FIRE,4,Machine,1600,1300,43359262,effect
9030,XX-Saber Boggart Knight,EARTH,4,Beast-Warrior,1900,1000,5998840,effect
9031,XX-Saber Darksoul,EARTH,3,Beast,100,100,31383545,effect
9033,Koa'ki Meiru Prototype,EARTH,4,Rock,1800,1800,176392,effect
9037,Snyffus,EARTH,1,Beast,100,100,35448319,effect
9038,Nimble Sunfish,WATER,2,Fish,1000,100,2843014,effect
9039,"Akz, the Pumer",EARTH,6,Beast-Warrior,1500,1000,38837163,effect
9041,Malefic Cyber End Dragon,DARK,10,Machine,4000,2800,1710476,effect
9042,Malefic Truth Dragon,DARK,12,Dragon,5000,5000,37115575,effect
9043,Malefic Parallel Gear,DARK,2,Machine,0,0,74509280,effect
9044,Malefic Rainbow Dragon,DARK,10,Dragon,4000,0,598988,effect
9046,Dragunity Arma Leyvaten,WIND,8,Dragon,2600,1200,63487632,effect
9047,Dragunity Arma Mystletainn,WIND,6,Dragon,2100,1500,876330,effect
9048,Dragunity Aklys,WIND,2,Dragon,1000,800,36870345,effect
9051,Magical King Moonstar,DARK,3,Fiend,900,600,35058857,effect
9055,Vision HERO Minimum Ray,DARK,3,Warrior,1200,700,61320914,effect
9057,Phantom Magician,DARK,3,Spellcaster,600,700,24103628,effect
9059,Vision HERO Multiply Guy,DARK,3,Warrior,800,700,96693371,effect
9060,Rose Witch,EARTH,4,Plant,1600,1000,23087070,effect
9062,Queen Angel of Roses,EARTH,7,Plant,2400,1300,96470883,effect
9063,Vision HERO Increase,DARK,3,Warrior,900,1100,22865492,effect
9071,Vision HERO Poisoner,DARK,3,Warrior,900,700,83414006,effect
9074,Vision HERO Witch Raider,DARK,8,Warrior,2700,1900,82697428,effect
9078,Swift Scarecrow,EARTH,1,Machine,0,0,18964575,effect
9079,Mirror Ladybug,LIGHT,1,Insect,100,100,45358284,effect
9080,Reed Butterfly,WIND,1,Insect,300,600,71353388,effect
9081,Needle Soldier,EARTH,1,Machine,100,100,17841097,effect
9082,Necro Linker,DARK,2,Fiend,600,0,44236692,effect
9083,Rescue Warrior,EARTH,4,Warrior,1600,1700,70630741,effect
9084,Power Giant,EARTH,6,Rock,2200,0,7025445,effect
9085,Vice Berserker,DARK,4,Fiend,1000,1000,43014054,effect
9086,Lancer Archfiend,DARK,4,Fiend,1600,1400,79418153,effect
9087,Power Breaker,EARTH,4,Warrior,1900,0,6903857,effect
9088,Extra Veiler,LIGHT,2,Spellcaster,600,200,32391566,effect
9089,Synchro Soldier,EARTH,1,Machine,0,0,79796561,effect
9090,Creation Resonator,WIND,3,Fiend,800,600,5780210,effect
9091,Attack Gainer,EARTH,1,Warrior,0,0,31175914,effect
9092,Blackwing - Etesian of Two Swords,DARK,3,Winged Beast,400,1600,78564023,effect
9093,Blackwing - Aurora the Northern Lights,LIGHT,10,Winged Beast,-1,0,4068622,effect
9094,Blackwing - Abrolhos the Megaquake,DARK,7,Winged Beast,2600,1800,31053337,effect
9095,Glow-Up Bulb,EARTH,1,Plant,100,100,67441435,effect
9096,"Karakuri Soldier mdl 236 ""Nisamu""",EARTH,4,Machine,1400,200,3846170,effect
9097,"Karakuri Merchant mdl 177 ""Inashichi""",EARTH,2,Machine,500,1500,30230789,effect
9098,"Karakuri Strategist mdl 248 ""Nishipachi""",EARTH,3,Machine,500,1600,66625883,effect
9099,"Karakuri Ninja mdl 339 ""Sazank""",EARTH,3,Machine,1200,1200,93724592,effect
9100,"Karakuri Bushi mdl 6318 ""Muzanichiha""",EARTH,4,Machine,1800,600,39118197,effect
9101,Scrap Soldier,EARTH,5,Warrior,2100,700,65503206,effect
9102,Scrap Searcher,EARTH,1,Winged Beast,100,300,92901944,effect
9103,Wattkiwi,LIGHT,3,Thunder,600,100,24996659,effect
9104,Watthopper,LIGHT,1,Thunder,0,0,61380658,effect
9105,Wattdragonfly,LIGHT,2,Thunder,900,100,97885363,effect
9106,Wattsquirrel,LIGHT,3,Thunder,700,100,23274061,effect
9107,Naturia Cherries,EARTH,1,Plant,200,200,60668166,effect
9108,Naturia Pumpkin,EARTH,4,Plant,1400,800,96653775,effect
9109,Naturia Stag Beetle,EARTH,6,Insect,2200,1500,23051413,effect
9110,Dance Princess of the Ice Barrier,WATER,4,Spellcaster,1700,900,59546528,effect
9111,Chain Dog,EARTH,4,Beast,1600,1100,96930127,effect
9112,Wightmare,DARK,1,Zombie,300,200,22339232,effect
9113,Anarchist Monk Ranshin,EARTH,4,Spellcaster,1800,100,58324930,effect
9114,Delg the Dark Monarch,DARK,6,Spellcaster,2400,1000,85718645,effect
9158,Gishki Abyss,WATER,2,Fish,800,500,67111213,effect
9159,Gishki Vanity,WATER,2,Aqua,1000,800,93506862,effect
9160,Gishki Marker,WATER,4,Aqua,1600,1200,39905966,effect
9161,Gishki Chain,WATER,4,Sea Serpent,1800,1000,66399675,effect
9162,Gishki Ariel,WATER,4,Spellcaster,1000,1800,92784374,effect
9163,Gishki Shadow,WATER,4,Sea Serpent,1200,1000,29888389,effect
9164,Gusto Gulldo,WIND,3,Winged Beast,500,500,65277087,effect
9165,Gusto Egul,WIND,1,Winged Beast,200,400,91662792,effect
9166,Gusto Thunbolt,WIND,4,Thunder,1500,1200,28066831,effect
9167,"Winda, Priestess of Gusto",WIND,2,Psychic,1000,400,54455435,effect
9168,"Caam, Serenity of Gusto",WIND,4,Psychic,1700,1100,91449144,effect
9169,"Windaar, Sage of Gusto",WIND,6,Psychic,2000,1000,27944249,effect
9170,Steelswarm Cell,DARK,1,Fiend,0,0,54338958,effect
9171,Steelswarm Scout,DARK,1,Fiend,200,0,90727556,effect
9172,Steelswarm Gatekeeper,DARK,4,Fiend,1500,1900,26722601,effect
9173,Steelswarm Caller,DARK,4,Fiend,1700,0,53116300,effect
9174,Steelswarm Mantis,DARK,5,Fiend,2200,0,85505315,effect
9175,Steelswarm Moth,DARK,6,Fiend,2400,0,22009013,effect
9176,Steelswarm Girastag,DARK,7,Fiend,2600,0,58494728,effect
9177,Steelswarm Caucastag,DARK,8,Fiend,2800,0,84488827,effect
9178,Evigishki Mind Augus,WATER,6,Aqua,2500,2000,11877465,ritual
9179,Evigishki Soul Ogre,WATER,8,Aqua,2800,2800,57272170,ritual
9190,Vision HERO Faris,DARK,5,Warrior,1600,1800,18094166,effect
9197,Troposphere,WIND,6,Winged Beast,2400,2000,72144675,effect
9198,Fleur Synchron,LIGHT,2,Machine,400,200,19642774,effect
9201,Noble Knight Joan,LIGHT,4,Warrior,1900,1300,18426196,effect
9203,Amazoness Scouts,EARTH,2,Warrior,500,1100,71209500,effect
9204,Naturia Pineapple,EARTH,2,Plant,100,100,7304544,effect
9205,D.D. Destroyer,EARTH,4,Warrior,1000,1000,44792253,effect
9206,Dark Desertapir,EARTH,2,Beast,1100,300,70187958,effect
9212,Gem-Knight Emerald,EARTH,4,Rock,1800,800,69243722,effect
9213,Vylon Ohm,LIGHT,4,Fairy,1500,200,5237827,effect
9215,Junk Defender,EARTH,3,Warrior,500,1800,68120130,effect
9229,Vision HERO Vyon,DARK,4,Warrior,1000,1200,27780618,effect
9230,Vision HERO Gravito,DARK,4,Warrior,500,2000,54185227,effect
9234,Boost Warrior,FIRE,1,Warrior,300,200,80457744,effect
9235,Justice Bringer,EARTH,4,Warrior,1700,1000,26842483,effect
9236,Bri Synchron,EARTH,4,Machine,1500,1100,52840598,effect
9237,Big One Warrior,LIGHT,1,Warrior,100,600,89235196,effect
9242,Blackwing - Kochi the Daybreak,DARK,4,Winged Beast,700,1500,41902352,effect
9243,Blackwing - Jetstream the Blue Sky,DARK,1,Winged Beast,100,800,87390067,effect
9244,Blackwing - Zephyros the Elite,DARK,4,Winged Beast,1600,1000,14785765,effect
9251,Lefty Driver,EARTH,2,Machine,300,100,44935634,effect
9264,Meklord Emperor Wisel,DARK,1,Machine,2500,2500,68140974,effect
9265,Meklord Emperor Granel,EARTH,1,Machine,0,0,4545683,effect
9266,Meklord Emperor Skiel,WIND,1,Machine,2200,2200,31930787,effect
9274,The Despair Uranus,LIGHT,8,Rock,2900,2300,32588805,effect
9277,Archfiend Empress,DARK,8,Fiend,2900,2100,31766317,effect
9278,Skull Meister,DARK,4,Fiend,1700,400,67750322,effect
9279,Droll & Lock Bird,WIND,1,Spellcaster,0,0,94145021,effect
9280,Spellstone Sorcerer Karood,LIGHT,3,Spellcaster,800,1900,20630765,effect
9281,Scrap Mind Reader,EARTH,1,Machine,0,0,67038874,effect
9282,Gravekeeper's Recruiter,DARK,3,Spellcaster,1200,1500,93023479,effect
9283,Psi-Blocker,WIND,4,Psychic,1200,300,29417188,effect
9284,Koa'ki Meiru Wall,EARTH,4,Rock,1900,1200,66816282,effect
9285,"Karakuri Barrel mdl 96 ""Shinkuro""",EARTH,2,Machine,400,400,92300891,effect
9287,Master Hyperion,LIGHT,8,Fairy,2700,2100,55794644,effect
9288,The Agent of Mystery - Earth,LIGHT,2,Fairy,1000,800,91188343,effect
9289,The Agent of Miracles - Jupiter,LIGHT,4,Fairy,1800,1000,28573958,effect
9292,Cosmic Compass,EARTH,1,Machine,100,300,27450400,effect
9293,Doppelwarrior,DARK,2,Warrior,800,800,53855409,effect
9294,Stardust Phantom,LIGHT,1,Spellcaster,0,0,80244114,effect
9295,D.D. Sprite,LIGHT,1,Fairy,0,100,16638212,effect
9296,Top Runner,WIND,4,Machine,1100,800,53623827,effect
9297,Barrier Resonator,LIGHT,1,Fiend,300,800,89127526,effect
9298,Blackwing - Boreas the Sharp,DARK,5,Winged Beast,1300,900,16516630,effect
9299,Blackwing - Brisote the Tailwind,DARK,5,Winged Beast,1200,1800,52900379,effect
9300,Blackwing - Calima the Haze,DARK,4,Winged Beast,600,1800,88305978,effect
9301,Tanngrisnir of the Nordic Beasts,EARTH,3,Beast,1200,800,15394083,effect
9302,Guldfaxe of the Nordic Beasts,LIGHT,4,Beast,1600,1000,41788781,effect
9303,Garmr of the Nordic Beasts,DARK,4,Beast,800,1900,88283496,effect
9304,Tanngnjostr of the Nordic Beasts,EARTH,3,Beast,800,1100,14677495,effect
9305,Ljosalf of the Nordic Alfar,LIGHT,4,Spellcaster,1400,1200,40666140,effect
9306,Svartalf of the Nordic Alfar,DARK,5,Spellcaster,1400,1600,77060848,effect
9307,Dverg of the Nordic Alfar,EARTH,1,Warrior,100,1000,13455953,effect
9308,Valkyrie of the Nordic Ascendant,LIGHT,2,Fairy,400,800,40844552,effect
9309,Mimir of the Nordic Ascendant,DARK,2,Fairy,600,0,76348260,effect
9310,Tyr of the Nordic Champions,LIGHT,4,Warrior,2000,2000,2333365,effect
9311,Legendary Six Samurai - Kizan,EARTH,4,Warrior,1800,500,49721904,effect
9312,Legendary Six Samurai - Enishi,LIGHT,4,Warrior,1700,700,75116619,effect
9313,Legendary Six Samurai - Kageki,WIND,3,Warrior,200,2000,2511717,effect
9314,Legendary Six Samurai - Shinai,WATER,3,Warrior,1500,1500,48505422,effect
9315,Legendary Six Samurai - Mizuho,FIRE,3,Warrior,1600,1000,74094021,effect
9316,Kagemusha of the Six Samurai,EARTH,2,Warrior,400,1800,1498130,effect
9317,Shien's Squire,EARTH,1,Warrior,300,700,33883834,effect
9318,"Karakuri Watchdog mdl 313 ""Saizan""",EARTH,4,Machine,600,1800,70271583,effect
9319,"Karakuri Ninja mdl 919 ""Kuick""",EARTH,4,Machine,1700,1500,6276588,effect
9320,Scrap Worm,EARTH,2,Insect,500,100,32761286,effect
9321,Scrap Shark,EARTH,4,Fish,2100,0,69155991,effect
9322,Wattberyx,LIGHT,3,Thunder,300,0,5554990,effect
9323,Wattmole,LIGHT,3,Thunder,0,100,32548609,effect
9324,Symphonic Warrior Basses,WIND,1,Machine,600,400,68933343,effect
9325,Symphonic Warrior Drumss,WIND,2,Machine,700,700,94331452,effect
9326,Symphonic Warrior Piaano,WIND,3,Machine,900,1300,31826057,effect
9327,Majioshaleon,WATER,5,Reptile,2000,800,67211766,effect
9328,Yaksha,WATER,4,Fairy,1900,1500,94215860,effect
9372,Gem-Knight Crystal,EARTH,7,Rock,2450,1950,76908448,normal
9373,Laval Volcano Handmaiden,FIRE,1,Pyro,100,200,2407147,effect
9374,Laval Cannon,FIRE,4,Warrior,1600,900,38492752,effect
9375,Vylon Sphere,LIGHT,1,Machine,400,400,75886890,effect
9376,Vylon Tetra,LIGHT,2,Machine,900,900,1281505,effect
9377,Vylon Stella,LIGHT,3,Fairy,1400,200,38679204,effect
9378,Vylon Prism,LIGHT,4,Thunder,1500,1500,74064212,effect
9379,Vylon Hept,LIGHT,4,Fairy,1800,800,168917,effect
9380,Gishki Reliever,WATER,2,Aqua,500,800,37557626,effect
9381,Gishki Noellia,WATER,4,Spellcaster,1700,1000,63942761,effect
9382,Gusto Squirro,WIND,2,Thunder,0,1800,336369,effect
9383,"Reeze, Whirlwind of Gusto",WIND,5,Psychic,1900,1400,36331074,effect
9384,Steelswarm Genome,DARK,2,Fiend,1000,0,62729173,effect
9385,Steelswarm Sentinel,DARK,3,Fiend,1100,0,99214782,effect
9386,Steelswarm Sting,DARK,4,Fiend,1850,0,35618486,effect
9387,Steelswarm Longhorn,DARK,9,Fiend,3000,0,62007535,effect
9388,Steelswarm Hercules,DARK,10,Fiend,3200,0,94092230,effect
9389,Evigishki Tetrogre,WATER,6,Aqua,2600,2100,21496848,ritual
9409,Rose Lover,EARTH,1,Plant,800,800,89252157,effect
9416,Queen Butterfly Danaus,WIND,8,Insect,2800,1900,13302026,effect
9420,Fallen Angel of Roses,EARTH,7,Plant,2400,1300,49674183,effect
9430,The Tripper Mercury,WATER,8,Aqua,2000,2000,3912064,effect
9434,Machina Cannon,EARTH,8,Machine,0,2200,39284521,effect
9435,Snapdragon,EARTH,2,Plant,300,100,75673220,effect
9436,Gladiator Beast Lanista,WIND,4,Winged Beast,1800,1200,2067935,effect
9437,Blackwing - Jin the Rain Shadow,DARK,1,Winged Beast,600,500,38562933,effect
9438,Scrap Orthros,EARTH,4,Beast,1700,1100,64550682,effect
9440,Naturia Eggplant,EARTH,2,Plant,1000,700,37349495,effect
9441,Gem-Turtle,EARTH,4,Rock,0,2000,64734090,effect
9442,Laval Lancelord,FIRE,6,Warrior,2100,200,123709,effect
9443,Gishki Beast,WATER,4,Beast,1500,1300,36227804,effect
9445,Necro Fleur,DARK,1,Plant,0,0,99000151,effect
9446,Sorciere de Fleur,DARK,8,Spellcaster,2900,0,36405256,effect
9448,Blue Rose Dragon,DARK,4,Dragon,1600,1200,98884569,effect
9450,Vanadis of the Nordic Ascendant,DARK,4,Fairy,1200,400,61777313,effect
9451,Shien's Daredevil,EARTH,4,Warrior,1600,1000,98162021,effect
9452,"Karakuri Muso mdl 818 ""Haipa""",EARTH,4,Machine,2100,1100,24150026,effect
9453,Scrap Breaker,EARTH,6,Machine,2100,700,51555725,effect
9454,Chaos Hunter,DARK,7,Fiend,2500,1600,97940434,effect
9455,"Maxx ""C""",EARTH,2,Insect,500,200,23434538,effect
9459,Blackwing - Pinaki the Waxing Moon,DARK,3,Winged Beast,1200,1000,55610595,effect
9460,Blackwing - Kris the Crack of Dawn,DARK,4,Winged Beast,1900,300,81105204,effect
9461,Blackwing - Gladius the Midnight Sun,DARK,3,Winged Beast,800,1500,28190303,effect
9462,Blackwing - Sharnga the Waning Moon,DARK,2,Winged Beast,500,500,54594017,effect
9467,The Grand Jupiter,DARK,8,Warrior,2500,2000,16255173,effect
9470,The Blazing Mars,FIRE,8,Pyro,2600,2200,15033525,effect
9471,Division,FIRE,2,Machine,200,200,42427230,effect
9472,Junk Servant,EARTH,4,Warrior,1500,1000,78922939,effect
9473,Unknown Synchron,DARK,1,Machine,0,0,15310033,effect
9474,Salvage Warrior,WATER,5,Warrior,1900,1600,41705642,effect
9475,Necro Defender,DARK,2,Fiend,0,800,77700347,effect
9476,Mystic Piper,LIGHT,1,Spellcaster,0,0,14198496,effect
9477,Force Resonator,WATER,2,Fiend,500,500,40583194,effect
9478,Clock Resonator,EARTH,3,Fiend,1200,600,77087109,effect
9479,Blackwing - Hillen the Tengu-wind,DARK,5,Winged Beast,0,2300,3072808,effect
9480,Blackwing - Kogarashi the Wanderer,DARK,6,Winged Beast,2300,1600,49460512,effect
9481,Morphtronic Lantron,LIGHT,1,Machine,200,200,76865611,effect
9482,Morphtronic Staplen,EARTH,4,Machine,1400,1000,2250266,effect
9483,Meklord Army of Wisel,DARK,4,Machine,1800,0,39648965,effect
9484,Meklord Army of Skiel,WIND,4,Machine,1200,1000,75733063,effect
9485,Meklord Army of Granel,EARTH,4,Machine,1600,1200,2137678,effect
9486,Meklord Astro Dragon Asterisk,DARK,10,Machine,0,0,38522377,effect
9487,T.G. Cyber Magician,LIGHT,1,Spellcaster,0,0,64910482,effect
9488,T.G. Striker,EARTH,2,Warrior,800,0,1315120,effect
9489,T.G. Jet Falcon,WIND,3,Winged Beast,1400,1200,37300735,effect
9490,T.G. Catapult Dragon,EARTH,2,Dragon,900,1300,64898834,effect
9491,T.G. Warwolf,DARK,3,Beast-Warrior,1200,0,293542,effect
9492,T.G. Rush Rhino,EARTH,4,Beast,1600,800,36687247,effect
9493,Buster Blaster,EARTH,1,Machine,0,0,63676256,effect
9494,Esper Girl,EARTH,2,Psychic,500,300,99070951,effect
9495,Mental Seeker,EARTH,3,Psychic,800,600,36565699,effect
9496,Silent Psychic Wizard,EARTH,4,Psychic,1900,0,62950604,effect
9497,Serene Psychic Witch,EARTH,3,Psychic,1400,1200,98358303,effect
9498,Hushed Psychic Cleric,EARTH,3,Psychic,0,2100,25343017,effect
9499,Elder of the Six Samurai,EARTH,3,Warrior,400,0,61737116,effect
9500,Shien's Advisor,EARTH,4,Warrior,1200,400,98126725,effect
9501,"Karakuri Komachi mdl 224 ""Ninishi""",EARTH,3,Machine,0,1900,24621460,effect
9502,"Karakuri Ninja mdl 7749 ""Nanashick""",EARTH,5,Machine,2200,1800,50615578,effect
9503,Scrap Kong,EARTH,4,Beast,2000,1000,97000273,effect
9504,Tradetoad,WATER,1,Aqua,100,2000,23408872,effect
9505,Gladiator Beast Tygerius,EARTH,4,Beast,1800,800,50893987,effect
9506,Jar Turtle,WATER,4,Reptile,200,2100,96287685,effect
9507,Aurora Paragon,LIGHT,4,Fairy,1500,1000,22386234,effect
9553,Meklord Astro Mekanikle,LIGHT,12,Machine,4000,4000,63468625,effect
9555,Vampire Dragon,DARK,5,Zombie,2400,0,36352429,effect
9561,The Suppression Pluto,DARK,8,Fiend,2600,2000,24413299,effect
9562,The Supremacy Sun,DARK,10,Fiend,3000,3000,51402908,effect
9563,Zubaba Knight,EARTH,3,Warrior,1600,900,97896503,effect
9564,Ganbara Knight,LIGHT,4,Warrior,0,1800,24291651,effect
9565,Feedback Warrior,EARTH,3,Warrior,800,700,50785356,effect
9566,Speed Bird,WIND,4,Winged Beast,1200,1000,86174055,effect
9567,Key Man the Key Warrior,EARTH,2,Warrior,1000,500,23168060,effect
9568,Tenshin,LIGHT,2,Fairy,800,100,59563768,effect
9569,Shine Knight,LIGHT,3,Warrior,400,1900,86952477,effect
9578,Buten,LIGHT,1,Fairy,200,300,83991690,effect
9579,Doom Donuts,DARK,1,Fiend,0,0,10389794,effect
9580,Nimble Manta,WATER,2,Fish,800,100,46384403,effect
9581,Rage of the Deep Sea,WATER,5,Fish,0,0,73778008,effect
9582,Gem-Knight Obsidian,EARTH,3,Rock,1500,1200,19163116,effect
9583,Gem-Knight Iolite,EARTH,4,Aqua,1300,2000,45662855,effect
9584,Gem-Knight Amber,EARTH,4,Thunder,1600,1400,72056560,effect
9585,Laval Lakeside Lady,FIRE,3,Pyro,200,200,8041569,effect
9586,Laval Coatl,FIRE,2,Pyro,1300,700,45439263,effect
9587,Laval Blaster,FIRE,4,Warrior,1200,800,11834972,effect
9588,Vylon Pentachloro,LIGHT,4,Machine,500,400,47228077,effect
9589,Vylon Tesseract,LIGHT,4,Machine,800,600,84313685,effect
9590,Vylon Stigma,LIGHT,4,Fairy,1600,1000,10712320,effect
9591,Gishki Vision,WATER,2,Sea Serpent,700,500,47106439,effect
9592,Gishki Emilia,WATER,4,Spellcaster,1600,800,73551138,effect
9593,Gishki Mollusk,WATER,4,Aqua,1700,900,19959742,effect
9594,Gusto Falco,WIND,2,Winged Beast,600,1400,46044841,effect
9595,"Kamui, Hope of Gusto",WIND,2,Psychic,200,1000,72439556,effect
9596,"Musto, Oracle of Gusto",WIND,4,Psychic,1800,900,9837195,effect
9597,Evigishki Gustkraken,WATER,6,Aqua,2400,1000,45222299,ritual
9618,Gagaga Magician,DARK,4,Spellcaster,1500,1000,26082117,effect
9619,Gogogo Golem,EARTH,4,Rock,1800,1500,62476815,effect
9620,Achacha Archer,FIRE,3,Warrior,1200,600,98865920,effect
9621,Goblindbergh,EARTH,4,Warrior,1400,0,25259669,effect
9622,Big Jaws,WATER,3,Fish,1800,300,51254277,effect
9623,Skull Kraken,DARK,3,Aqua,600,1600,98649372,effect
9624,Drill Barnacle,WATER,3,Aqua,300,0,24137081,effect
9625,Jawsman,WATER,6,Beast-Warrior,2600,1600,50532786,effect
9626,Crashbug X,DARK,3,Fiend,0,2000,87526784,effect
9627,Crashbug Y,DARK,3,Fiend,1400,1600,23915499,effect
9628,Crashbug Z,DARK,3,Fiend,0,1500,50319138,effect
9629,Super Crashbug,DARK,4,Fiend,0,3000,86804246,effect
9630,Wind-Up Soldier,EARTH,4,Warrior,1800,1200,12299841,effect
9631,Wind-Up Magician,FIRE,4,Spellcaster,600,1800,59297550,effect
9632,Wind-Up Juggler,WIND,4,Psychic,1700,1000,85682655,effect
9633,Wind-Up Dog,EARTH,3,Beast,1200,900,12076263,effect
9634,Wind-Up Snail,WATER,2,Aqua,100,2000,58475908,effect
9635,Spearfish Soldier,WIND,4,Sea Serpent,1700,1100,84569017,effect
9636,Flyfang,WIND,3,Fish,1600,300,11954712,effect
9637,Skystarray,WIND,3,Sea Serpent,600,300,47349310,effect
9638,Airorca,WIND,3,Sea Serpent,1400,300,84747429,effect
9639,Wingtortoise,WIND,3,Aqua,1500,1400,10132124,effect
9640,Space-Time Police,WIND,5,Psychic,2300,1500,47126872,effect
9641,Time Escaper,EARTH,2,Psychic,500,100,73625877,effect
9642,Gem-Elephant,EARTH,3,Rock,400,1900,19019586,effect
9643,Laval Magma Cannoneer,FIRE,4,Pyro,1700,200,46404281,effect
9644,Gishki Diviner,WATER,3,Sea Serpent,1200,800,72403299,effect
9645,Gusto Codor,WIND,3,Winged Beast,1000,400,9897998,effect
9646,Saambell the Summoner,WIND,2,Spellcaster,600,400,45282603,effect
9647,Geargiano,EARTH,3,Machine,500,1000,71786742,effect
9648,Poki Draco,FIRE,3,Dragon,200,100,8175346,effect
9649,Master of the Flaming Dragonswords,FIRE,4,Warrior,1800,1200,34160055,effect
9650,Perditious Puppeteer,DARK,7,Fiend,2700,500,71564150,effect
9651,Blue-Blooded Oni,DARK,4,Zombie,1000,1700,7953868,effect
9652,Ghost Ship,LIGHT,5,Fiend,1900,1000,33347467,effect
9653,Absolute Crusader,EARTH,4,Warrior,1800,1200,70832512,effect
9654,The Great Emperor Penguin,WATER,5,Aqua,1800,1500,6836211,effect
9655,Milla the Temporal Magician,LIGHT,4,Spellcaster,1800,1000,33225925,effect
9698,"Metaion, the Timelord",FIRE,10,Fairy,0,0,74530899,effect
9699,Reborn Tengu,WIND,4,Beast-Warrior,1700,600,10028593,effect
9700,Dodger Dragon,WIND,4,Dragon,1900,1200,47013502,effect
9701,Mara of the Nordic Alfar,DARK,2,Spellcaster,1000,500,73417207,effect
9702,Tour Guide From the Underworld,DARK,3,Fiend,1000,600,10802915,effect
9703,Psi-Beast,EARTH,2,Psychic,700,500,46291010,effect
9708,"Sephylon, the Ultimate Timelord",LIGHT,10,Fairy,4000,4000,8967776,effect
9710,Infernity Knight,DARK,3,Fiend,1400,400,71341529,effect
9711,Endless Decay,DARK,5,Zombie,-1,0,7845138,effect
9712,"Grapha, Dragon Lord of Dark World",DARK,8,Fiend,2700,1800,34230233,effect
9713,"Snoww, Unlight of Dark World",DARK,4,Fiend,1700,0,60228941,effect
9714,"Ceruli, Guru of Dark World",DARK,1,Fiend,100,300,7623640,effect
9717,Phantom King Hydride,DARK,3,Fiend,1500,300,6901008,effect
9719,Bunilla,EARTH,1,Beast,150,2050,69380702,normal
9720,Rabidragon,LIGHT,8,Dragon,2950,2900,95788410,normal
9721,Rai Rider,LIGHT,3,Thunder,1200,1400,31173519,effect
9722,Stinging Swordsman,WIND,1,Warrior,300,600,68167124,effect
9723,Kagetokage,DARK,4,Reptile,1100,1500,94656263,effect
9724,Acorno,EARTH,1,Plant,200,400,21051977,effect
9725,Pinecono,EARTH,1,Plant,400,200,67445676,effect
9726,Friller Rabca,WATER,3,Fish,700,1500,93830681,effect
9727,Shark Stickers,WATER,3,Fish,200,1000,20838380,effect
9728,Needle Sunfish,WATER,3,Fish,1500,100,56223084,effect
9729,Galaxy-Eyes Photon Dragon,LIGHT,8,Dragon,3000,2500,93717133,effect
9730,Daybreaker,LIGHT,4,Warrior,1700,0,29116732,effect
9731,Lightserpent,LIGHT,3,Reptile,1200,800,55501446,effect
9732,Plasma Ball,LIGHT,3,Thunder,900,900,92595545,effect
9733,Photon Cerberus,LIGHT,3,Beast,1300,600,28990150,effect
9734,Evoltile Gephyro,FIRE,1,Reptile,200,400,55488859,effect
9735,Evoltile Westlo,FIRE,3,Reptile,700,1900,81873903,effect
9736,Evoltile Odonto,FIRE,2,Reptile,500,1200,28877602,effect
9737,Evolsaur Vulcano,FIRE,4,Dinosaur,1200,1000,54266211,effect
9738,Evolsaur Cerato,FIRE,4,Dinosaur,1900,1400,80651316,effect
9739,Evolsaur Diplo,FIRE,4,Dinosaur,1600,800,17045014,effect
9740,Wind-Up Warrior,EARTH,4,Warrior,1200,1800,53540729,effect
9741,Wind-Up Knight,LIGHT,4,Warrior,1800,1200,80538728,effect
9742,Wind-Up Hunter,DARK,3,Beast-Warrior,1600,500,16923472,effect
9743,Wind-Up Bat,WIND,1,Machine,300,350,42328171,effect
9744,Wind-Up Kitten,EARTH,2,Beast,800,500,25716180,effect
9745,D.D. Telepon,EARTH,2,Psychic,500,1800,51701885,effect
9746,Wattcobra,LIGHT,4,Thunder,1000,500,88205593,effect
9747,Naturia Marron,EARTH,3,Plant,1200,700,24694698,effect
9748,Prior of the Ice Barrier,WATER,2,Aqua,1000,400,50088247,effect
9749,Senior Silver Ninja,EARTH,6,Warrior,2300,2200,87483942,effect
9750,Rodenut,EARTH,1,Beast,100,100,13478040,effect
9751,Fenghuang,FIRE,6,Winged Beast,2100,1800,50866755,effect
9752,Tribe-Shocking Virus,WATER,4,Thunder,1700,1000,86361354,effect
9753,Goblin Pothole Squad,EARTH,4,Warrior,1500,400,12755462,effect
9754,Creepy Coney,EARTH,3,Beast,1000,1900,49144107,effect
9755,Rescue Rabbit,EARTH,4,Beast,300,100,85138716,effect
9799,Sonic Warrior,WIND,2,Warrior,1000,0,17932494,effect
9800,Influence Dragon,WIND,3,Dragon,300,900,54936498,effect
9802,Bright Star Dragon,LIGHT,4,Dragon,1900,1000,16719802,effect
9803,Gem-Knight Sardonyx,EARTH,4,Pyro,1800,900,43114901,effect
9804,Laval Phlogis,FIRE,4,Pyro,1700,800,89609515,effect
9805,Gishki Avance,WATER,4,Spellcaster,1500,800,16693254,effect
9806,Gusto Griffin,WIND,2,Winged Beast,800,300,42082363,effect
9807,Constellar Sheratan,LIGHT,3,Beast,700,1900,78486968,effect
9808,Constellar Aldebaran,LIGHT,3,Beast-Warrior,1300,800,15871676,effect
9809,Constellar Algiedi,LIGHT,4,Spellcaster,1600,1400,41269771,effect
9810,Constellar Pollux,LIGHT,4,Warrior,1700,600,78364470,effect
9811,Constellar Zubeneschamali,LIGHT,5,Machine,2100,1400,14759024,effect
9812,Constellar Virgo,LIGHT,5,Fairy,2300,1600,40143123,effect
9813,Evilswarm Heliotrope,DARK,4,Rock,1950,650,77542832,normal
9814,Evilswarm Zahak,DARK,4,Dragon,1850,850,3536537,effect
9815,Evilswarm Ketos,DARK,4,Aqua,1750,1050,40921545,effect
9816,Evilswarm O'lantern,DARK,4,Pyro,1650,1250,72429240,effect
9817,Evilswarm Mandragora,DARK,4,Plant,1550,1450,8814959,effect
9818,Evilswarm Hraesvelg,DARK,4,Winged Beast,1150,1850,35209994,effect
9819,Evigishki Levianima,WATER,8,Aqua,2700,1500,71203602,ritual
9833,Flelf,WIND,2,Spellcaster,800,1300,61807040,effect
9834,Chewbone,EARTH,3,Zombie,300,300,7392745,effect
9835,Triple Star Trion,LIGHT,1,Warrior,100,100,34796454,effect
9841,Sea Lancer,WATER,5,Beast-Warrior,1300,1000,22842214,effect
9842,Piercing Moray,WATER,4,Fish,1500,500,69846323,effect
9843,Lost Blue Breaker,WATER,3,Sea Serpent,1400,0,95231062,effect
9844,Pain Painter,DARK,2,Zombie,400,200,21620076,effect
9852,Dododo Warrior,EARTH,6,Warrior,2300,900,83274244,effect
9859,Infernity Archer,DARK,6,Fiend,2000,1000,18724123,effect
9862,Infernity General,DARK,7,Fiend,2700,1500,17502671,effect
9863,Alexandrite Dragon,LIGHT,4,Dragon,2000,100,43096270,normal
9864,Photon Sabre Tiger,LIGHT,3,Beast,2000,300,80495985,effect
9865,Evolsaur Pelta,FIRE,4,Dinosaur,1100,2000,16480084,effect
9866,Wind-Up Rabbit,EARTH,3,Beast-Warrior,1400,600,42874792,effect
9867,D-Boyz,DARK,1,Fiend,100,1000,79279397,effect
9868,"Latinum, Exarch of Dark World",DARK,6,Fiend,1500,2400,15667446,effect
9875,Kurivolt,LIGHT,1,Thunder,300,200,40817915,effect
9876,Darklon,DARK,1,Fiend,100,100,76202610,effect
9877,Gagaga Girl,DARK,3,Spellcaster,1000,800,3606728,effect
9878,Gogogo Giant,EARTH,4,Rock,2000,0,39695323,effect
9879,ZW - Unicorn Spear,LIGHT,4,Beast,1900,0,76080032,effect
9880,Shocktopus,WATER,4,Fish,1600,800,2584136,effect
9881,Photon Lizard,LIGHT,3,Dragon,900,1200,38973775,effect
9882,Photon Thrasher,LIGHT,4,Warrior,2100,0,65367484,effect
9883,Photon Crusher,LIGHT,4,Warrior,2000,0,1362589,effect
9884,Photon Leo,LIGHT,6,Beast,2100,1100,38757297,effect
9885,Photon Circle,LIGHT,4,Spellcaster,1000,1000,64145892,effect
9886,Reverse Buster,LIGHT,4,Fiend,1500,0,90640901,effect
9887,Flame Armor Ninja,FIRE,4,Warrior,1700,1000,33034646,effect
9888,Air Armor Ninja,WIND,4,Warrior,1400,1400,69023354,effect
9889,Aqua Armor Ninja,WATER,4,Warrior,800,1600,96427353,effect
9890,Earth Armor Ninja,EARTH,5,Warrior,1600,1200,22812068,effect
9891,Inzektor Hornet,DARK,3,Insect,500,200,69207766,effect
9892,Inzektor Ant,DARK,3,Insect,200,600,95395761,effect
9893,Inzektor Centipede,DARK,3,Insect,1600,1200,21790410,effect
9894,Inzektor Dragonfly,DARK,3,Insect,1000,1800,68184115,effect
9895,Inzektor Giga-Mantis,DARK,6,Insect,2400,0,94573223,effect
9896,Inzektor Giga-Weevil,DARK,6,Insect,0,2600,21977828,effect
9897,Wind-Up Rat,EARTH,3,Beast,600,600,57962537,effect
9898,Wind-Up Honeybee,EARTH,1,Insect,100,300,93451636,effect
9899,Evoltile Pleuro,FIRE,1,Reptile,200,200,20855340,effect
9900,Evoltile Casinerio,FIRE,3,Reptile,1600,400,56240989,effect
9901,Evolsaur Elias,FIRE,6,Dinosaur,100,2400,23234094,effect
9902,Evolsaur Terias,FIRE,6,Dinosaur,2400,600,69633792,effect
9903,Ninja Grandmaster Hanzo,DARK,4,Warrior,1800,1000,95027497,effect
9904,Masked Ninja Ebisu,WIND,4,Warrior,1200,1800,22512406,effect
9905,Upstart Golden Ninja,LIGHT,4,Warrior,500,1800,58911105,effect
9906,Chow Len the Prophet,FIRE,4,Spellcaster,1800,200,95905259,effect
9907,Familiar-Possessed - Dharc,DARK,4,Spellcaster,1850,1500,21390858,effect
9908,Dark Blade the Captain of the Evil World,DARK,4,Warrior,1800,1500,57784563,effect
9909,Trance Archfiend,DARK,4,Fiend,1500,500,94283662,effect
9910,Divine Dragon Apocralyph,DARK,4,Dragon,1000,1500,20277376,effect
9911,Darkstorm Dragon,DARK,8,Dragon,2700,2500,57662975,effect
9912,Numen erat Testudo,WATER,5,Aqua,1800,0,83061014,effect
9955,Lightpulsar Dragon,LIGHT,6,Dragon,2500,1500,99365553,effect
9956,Darkflare Dragon,DARK,5,Dragon,2400,1200,25460258,effect
9957,Eclipse Wyvern,LIGHT,4,Dragon,1600,1000,51858306,effect
9960,Zubaba Buster,EARTH,3,Warrior,1800,600,57036718,effect
9961,Chachaka Archer,WIND,6,Warrior,1200,1800,83021423,effect
9965,Kagemucha Knight,DARK,3,Warrior,0,0,19353570,effect
9966,Photon Wyvern,LIGHT,7,Dragon,2500,2000,55758589,effect
9967,"Rosaria, the Stately Fallen Angel",EARTH,8,Plant,2900,2400,81146288,effect
9968,Ma'at,LIGHT,10,Fairy,-1,-1,18631392,effect
9973,D.D. Esper Star Sparrow,LIGHT,10,Warrior,3000,1500,80208158,effect
9974,Beast-Warrior Puma,LIGHT,4,Beast-Warrior,1600,1000,16796157,effect
9975,Phoenix Beast Gairuda,WIND,6,Winged Beast,2500,1200,43791861,effect
9976,Ironhammer the Giant,EARTH,8,Rock,900,3500,79185500,effect
9977,D.D. Jet Iron,LIGHT,10,Machine,4000,0,15574615,effect
9978,Aye-Iron,EARTH,4,Machine,1600,1800,42969214,effect
9979,Tin Goldfish,WATER,4,Machine,800,2000,18063928,effect
9980,Gearspring Spirit,DARK,8,Machine,100,100,45458027,effect
9981,Gem-Knight Lazuli,EARTH,1,Rock,600,100,81846636,effect
9982,Gishki Natalia,WATER,4,Spellcaster,1800,900,17241370,effect
9983,Constellar Siat,LIGHT,1,Fairy,100,1600,44635489,effect
9984,Constellar Rasalhague,LIGHT,2,Spellcaster,900,100,70624184,effect
9985,Constellar Leonis,LIGHT,3,Beast,1000,1800,17129783,effect
9986,Constellar Acubens,LIGHT,4,Machine,800,2000,43513897,effect
9987,Constellar Kaus,LIGHT,4,Beast-Warrior,1800,700,70908596,effect
9988,Constellar Alrescha,LIGHT,6,Warrior,2200,1200,16906241,effect
9989,Constellar Antares,LIGHT,6,Machine,2400,900,42391240,effect
9990,Evilswarm Castor,DARK,4,Warrior,1750,550,79785958,effect
9991,Evilswarm Obliviwisp,DARK,4,Pyro,450,2050,5284653,effect
9992,Evilswarm Azzathoth,DARK,4,Reptile,750,1950,42679662,effect
9993,Evilswarm Thunderbird,DARK,4,Thunder,1650,1050,78663366,effect
9994,Evilswarm Salamandra,DARK,4,Dinosaur,1850,950,4058065,effect
9995,Evilswarm Golem,DARK,5,Rock,2150,1250,31456110,effect
9996,Evilswarm Coppelia,DARK,6,Machine,2450,2050,77841719,effect
9997,"Sophia, Goddess of Rebirth",DARK,11,Fairy,3600,3400,4335427,effect
9998,Gishki Psychelone,WATER,4,Fiend,2150,1650,30334522,ritual
9999,Gishki Zielgigas,WATER,10,Aqua,3200,0,66729231,ritual
